{"type": "FeatureCollection", "crs": {"type": "name", "properties": {"name": "urn:ogc:def:crs:OGC:1.3:CRS84"}}, "features": [{"type": "Feature", "properties": {}, "geometry": {"type": "MultiPolygon", "coordinates": [[[[77.51873419405028, 35.48565732389375], [77.539157, 35.487735], [77.561565, 35.486389], [77.590773, 35.466481], [77.61701, 35.469148], [77.636925, 35.465326], [77.645949, 35.484781001000044], [77.668393, 35.469952], [77.68652001847039, 35.45400532245306], [77.706615, 35.46328500100003], [77.731502, 35.478804], [77.75251, 35.49745500100005], [77.773058, 35.49903500100004], [77.792973, 35.50895], [77.809469, 35.521135], [77.82248365700008, 35.51459996800003], [77.82440856600005, 35.51042508300003], [77.82625914100004, 35.50621366300004], [77.83581188500006, 35.504495072000054], [77.84099934900007, 35.502182954000034], [77.84358581000004, 35.498343945000045], [77.84991384200003, 35.49341769900008], [77.890614, 35.47658800100004], [77.920056, 35.492957], [77.933064, 35.53796300100004], [77.957507, 35.555815], [77.989911, 35.560647], [78.024216, 35.56567000100006], [78.048269, 35.578246], [78.072538, 35.544486], [78.106166, 35.55511900100004], [78.162247, 35.568883], [78.176712, 35.620948], [78.185934, 35.675217], [78.243128, 35.715612], [78.331962, 35.72162600100006], [78.410419, 35.732208], [78.461362, 35.769093001000044], [78.566494, 35.783053], [78.667311, 35.838734001000034], [78.778479, 35.865868], [78.851022, 35.966329], [78.947967, 35.94478600100007], [79.014575, 35.92676], [79.089317, 35.946545], [79.170654, 35.939730001000044], [79.313103, 35.956877001000066], [79.41466400100006, 35.975123], [79.454269, 35.925395], [79.460819, 35.868355001000054], [79.5217, 35.858283], [79.572129, 35.89653], [79.572811, 35.84558100100003], [79.587518, 35.794935001000056], [79.630674, 35.764846], [79.653501, 35.724360001000036], [79.676923, 35.682944], [79.715402, 35.63724100100006], [79.781695, 35.624163], [79.836714, 35.586281], [79.87655, 35.597706], [79.930982, 35.622468], [79.96169, 35.613784001000056], [79.973689, 35.58055000100006], [79.995429, 35.520258], [80.036832, 35.437453], [80.097697, 35.461894], [80.171535, 35.53721], [80.212955, 35.57027700100008], [80.286996, 35.556221], [80.333271, 35.532788], [80.39299, 35.48602800100008], [80.334534, 35.382656], [80.27097, 35.292402], [80.222905, 35.163911], [80.226157, 34.991238], [80.192489, 34.957516001000045], [80.184138, 34.88417100100003], [80.11206, 34.81392500100003], [80.077195, 34.73636300100003], [80.015284, 34.693680001000075], [79.943795, 34.676113], [79.8561, 34.675037], [79.788196, 34.615953], [79.809075, 34.522418], [79.694028, 34.47816], [79.585048, 34.46079000100008], [79.529631, 34.44372], [79.567583, 34.333075001000054], [79.605329, 34.237349], [79.503488, 34.196918], [79.446349, 34.116306], [79.430407, 34.061341], [79.382818, 33.998285001000056], [79.290971, 34.01494100100007], [79.182467, 34.023983], [79.018998, 34.016131001000076], [78.887176, 33.97258700100008], [79.000439, 33.773426], [79.045406, 33.621204001000024], [78.930954, 33.480578001000026], [78.944708, 33.3797], [78.956345, 33.357728], [78.963943, 33.33870500100005], [78.977919, 33.329964001000064], [79.001193, 33.32682900100008], [79.020322, 33.324783], [79.028744, 33.30841600100007], [79.03219800100004, 33.294441], [79.034217, 33.27690600100004], [79.051009, 33.261762], [79.077923, 33.246379], [79.070032, 33.227594], [79.087063, 33.216834], [79.105076, 33.20246], [79.133531, 33.19515400100005], [79.151971, 33.18186900100005], [79.171271, 33.20014400100007], [79.182514, 33.217104], [79.210623, 33.214388], [79.220129, 33.23678], [79.249596, 33.222284], [79.272758, 33.213216], [79.298612, 33.198028], [79.325299, 33.195849], [79.351102, 33.200681], [79.381232, 33.199955], [79.408646, 33.188396], [79.397971, 33.169888], [79.39980300100007, 33.144496], [79.372171, 33.11452900100005], [79.361358, 33.071922001000075], [79.338809, 33.02658300100006], [79.340394, 32.98623300100007], [79.358144, 32.95752500100008], [79.364808, 32.938038], [79.389284, 32.94366000100007], [79.392821, 32.923131], [79.408455, 32.905034], [79.430184, 32.89227500100003], [79.45207, 32.888832], [79.470894, 32.87370400100008], [79.463661, 32.839027], [79.471209, 32.819193], [79.486366, 32.79632600100007], [79.516859, 32.781315], [79.542395, 32.774029], [79.553222, 32.751597], [79.554099, 32.72069900100007], [79.546442, 32.707071], [79.543541, 32.68126700100004], [79.526236, 32.655179], [79.488261, 32.62874400100003], [79.452456, 32.603784001000065], [79.439919, 32.57952800100003], [79.427628, 32.559761], [79.430182, 32.541133], [79.417617, 32.52667300100006], [79.392891, 32.52458700100004], [79.368872, 32.53145400100004], [79.345258, 32.533232], [79.339515, 32.552357001000075], [79.325259, 32.561978], [79.29913, 32.545435001000044], [79.281791, 32.55177400100007], [79.259482, 32.5364], [79.251676, 32.523178], [79.225532, 32.52304500100007], [79.210517, 32.511086], [79.183124, 32.50709500100004], [79.1643, 32.494239], [79.141843, 32.478891], [79.128556, 32.466799], [79.120184, 32.448495001000026], [79.12340700100003, 32.42843], [79.112511, 32.415309], [79.102877, 32.39853300100003], [79.101581, 32.37165800100007], [79.078128, 32.380362], [79.034959, 32.382546], [78.99101000100006, 32.371351], [78.975828, 32.342816001000074], [78.954734, 32.346437], [78.92663, 32.363611], [78.902811, 32.38696500100008], [78.886733, 32.398658], [78.868629, 32.41350700100003], [78.847534, 32.412909], [78.833715, 32.423739], [78.812222, 32.434834], [78.799897, 32.462174], [78.78109500100004, 32.47858400100006], [78.778935, 32.499945], [78.772557, 32.522434], [78.768073, 32.543994001000044], [78.759602, 32.562763], [78.774085, 32.585054], [78.777673, 32.605849001000024], [78.77186, 32.62511600100004], [78.76299, 32.634817], [78.751776, 32.64615], [78.741291, 32.664293], [78.74862, 32.68421100100005], [78.73958861600005, 32.69571814500006], [78.728571, 32.68122], [78.708029, 32.667974], [78.67498600100004, 32.657438], [78.641258, 32.643758], [78.640974, 32.609871001000045], [78.61512412200005, 32.60423279200006], [78.590156, 32.603719], [78.565031, 32.616224001000035], [78.546396, 32.617791], [78.527723, 32.612110001000076], [78.51608700100007, 32.60188], [78.494782, 32.584194], [78.474693, 32.576495], [78.453635, 32.581304], [78.437103, 32.572594], [78.414161, 32.56480400100003], [78.402263, 32.545051], [78.395139, 32.531123001000026], [78.410867, 32.522717001000046], [78.42736, 32.503003001000025], [78.439655, 32.482727], [78.455172, 32.46981100100004], [78.460286, 32.45592000100004], [78.472197, 32.44188100100007], [78.469862, 32.418649], [78.470601, 32.396452], [78.458098, 32.37951700100007], [78.475832, 32.364975], [78.481258, 32.34560000100004], [78.478106, 32.326815], [78.49301700100006, 32.323632], [78.504693, 32.30837400100006], [78.49807, 32.288992001000054], [78.499463, 32.274433], [78.520003, 32.262060001000066], [78.528262, 32.244706], [78.542226, 32.22884400100003], [78.556869, 32.20883500100007], [78.576862, 32.20367100100003], [78.598527, 32.194105], [78.598773, 32.17379200100004], [78.600431, 32.156898], [78.61061409600006, 32.14894292200006], [78.61458433400009, 32.14691893400004], [78.63107446200007, 32.12639569600003], [78.65928495700007, 32.116029068000046], [78.68357369800003, 32.11269863000007], [78.69443876500003, 32.09529325300008], [78.69002664200008, 32.08761076700006], [78.69444, 32.06852100100008], [78.712705, 32.04662600100005], [78.72290200100008, 32.02795800100006], [78.733741, 32.00623900100004], [78.77155900100007, 31.995922001000054], [78.77807, 31.968374], [78.768319, 31.93529200100005], [78.74385752700005, 31.902412033000076], [78.74289058100004, 31.882684749000077], [78.74721778300005, 31.87167299200007], [78.74641034800004, 31.869882231000076], [78.74443051900005, 31.867518089000043], [78.74085272700006, 31.858851671000025], [78.74440632500006, 31.85517562700005], [78.74299521800003, 31.851641374000053], [78.73615506000004, 31.837636816000042], [78.71592725900007, 31.821357697000053], [78.70540715700008, 31.811308436000047], [78.70487476500006, 31.791048803000024], [78.707809, 31.772407], [78.721412, 31.761275001000058], [78.72762100100005, 31.741427], [78.733995, 31.726302], [78.743374, 31.714743001000045], [78.752984, 31.691758], [78.758334, 31.676038], [78.777323, 31.676930001000073], [78.799317, 31.680332], [78.79882200100008, 31.660649001000024], [78.806979, 31.641792001000056], [78.823854, 31.631885001000057], [78.836338, 31.622935], [78.844726, 31.61316000100004], [78.836866, 31.597506], [78.822864, 31.583537001000025], [78.806715, 31.574323], [78.778776, 31.552461], [78.760348, 31.54529400100006], [78.739543, 31.53684], [78.728414, 31.521781], [78.721842, 31.501207], [78.726795, 31.483076], [78.74486, 31.483670001000064], [78.762528, 31.47614100100003], [78.775276, 31.454213], [78.79684, 31.439352], [78.781121, 31.425646], [78.77227, 31.413791], [78.76124, 31.398302], [78.753248, 31.384597], [78.749516, 31.367787], [78.759952, 31.356394], [78.769232, 31.34642000100007], [78.774021, 31.331559001000073], [78.774879, 31.322181], [78.785348, 31.308046], [78.80546, 31.3058], [78.823425, 31.296884001000024], [78.846212, 31.295497001000058], [78.85143, 31.308706], [78.873222, 31.305008], [78.895678, 31.288774001000036], [78.901259, 31.30581500100004], [78.91760600100008, 31.315689], [78.925796, 31.328074], [78.938841, 31.345742], [78.943332, 31.360471], [78.969686, 31.356904], [78.988873, 31.351752], [79.002512, 31.34263700100007], [79.017836, 31.360273], [79.011528, 31.384149], [79.016482, 31.406210001000034], [79.021765, 31.426652], [79.050167, 31.426057], [79.07051, 31.452972001000035], [79.098123, 31.454446], [79.117277, 31.441269], [79.15126, 31.417557001000034], [79.17725, 31.385491], [79.181246, 31.36059], [79.213412, 31.35398500100007], [79.235538, 31.335161], [79.222262, 31.31930900100008], [79.237949, 31.300452001000053], [79.247031, 31.281265001000065], [79.232203, 31.268947], [79.248649, 31.249066001000074], [79.272658, 31.238796], [79.294223, 31.223241], [79.30347, 31.204153001000066], [79.306442, 31.185989], [79.309018, 31.163136], [79.321237, 31.138566001000072], [79.352082, 31.12245], [79.378087, 31.1136], [79.396481, 31.116044001000034], [79.41378600100006, 31.105013], [79.41911325100006, 31.068445775000043], [79.424343, 31.030731], [79.445876, 31.027283], [79.471443, 31.034764001000042], [79.502246, 31.032715001000042], [79.51880200100004, 31.006628], [79.522706, 30.990332], [79.546886, 30.968676], [79.56865803500006, 30.948722565000025], [79.61305400100008, 30.943201001000034], [79.656417, 30.96256500100003], [79.687027, 30.975357001000077], [79.729149, 30.978473], [79.747874, 30.99982], [79.765221, 30.99521400100008], [79.792081, 30.986171], [79.81473900100008, 30.97259000100007], [79.845297, 30.973968], [79.869299, 30.969800001000067], [79.882668, 30.950251], [79.888361, 30.921166001000074], [79.91292, 30.907797], [79.932501, 30.879954], [79.963922, 30.884671], [79.994985, 30.867621], [80.018275, 30.853389], [80.047724, 30.839464], [80.074331, 30.820045], [80.091278, 30.794544001000077], [80.116584, 30.780947001000072], [80.130994, 30.78680200100007], [80.151746, 30.790023], [80.156885, 30.80492], [80.172531, 30.808693], [80.18359, 30.79493400100006], [80.194194, 30.782574], [80.202424, 30.762472], [80.214036, 30.752811001000055], [80.23936800100006, 30.760004001000027], [80.248716, 30.73469200100004], [80.246439, 30.717713], [80.233363, 30.706198001000075], [80.226565, 30.688894], [80.212546, 30.686747], [80.197746, 30.684503], [80.193875, 30.66908500100004], [80.19921, 30.659131], [80.213717, 30.645697], [80.216839, 30.631938001000037], [80.214009, 30.619773], [80.212676, 30.60061500100005], [80.225533, 30.578914001000044], [80.26224, 30.56818], [80.296069, 30.567887], [80.320041, 30.546582], [80.351105, 30.521568], [80.379165, 30.51949200100006], [80.40987100100006, 30.523688], [80.425419, 30.514093], [80.444155, 30.499065], [80.465102, 30.490706001000035], [80.491612, 30.485957], [80.511974, 30.473824], [80.532596, 30.455511], [80.559888, 30.454833], [80.583633, 30.468267], [80.60663, 30.471487], [80.622405, 30.461794], [80.640328, 30.4508], [80.659194, 30.440814], [80.677799, 30.425461], [80.692306, 30.413718], [80.715108, 30.413979], [80.737747, 30.396512001000076], [80.75053, 30.381386], [80.766794, 30.369319], [80.784716, 30.34951], [80.803549, 30.32339], [80.83337339600007, 30.31337505500005], [80.870751, 30.307224], [80.892446, 30.301922], [80.911902, 30.290843], [80.928353, 30.280289], [80.926601, 30.267727001000026], [80.946, 30.268966], [80.98698206600005, 30.26757222200007], [81.021587, 30.249524], [81.02833741200004, 30.23191292200005], [81.02613962500004, 30.228706283000065], [81.02597331500004, 30.22642146700008], [81.02930217900007, 30.225618947000044], [81.02868983700006, 30.220269302000077], [81.03197663400005, 30.218411398000057], [81.03438283600008, 30.217402383000035], [81.03838026900007, 30.214962726000067], [81.04135698500005, 30.21270260700004], [81.04510799900004, 30.210145857000043], [81.04463201100003, 30.20696595900006], [81.04229859700007, 30.20409428100004], [81.03908268500004, 30.202786520000075], [81.03599350300004, 30.20216319900004], [81.03447811000007, 30.199577693000037], [81.03501282300005, 30.197717209000075], [81.03299161400008, 30.196637808000048], [81.03235122300003, 30.19678581000005], [81.03160834900007, 30.196719995000024], [81.03080635600008, 30.196406273000036], [81.02968924100009, 30.19534625800003], [81.02823971100008, 30.19485543600007], [81.02570095100003, 30.195177176000072], [81.02373480700004, 30.19592860000006], [81.02195438500007, 30.19570957700006], [81.02094623700003, 30.19540552600006], [81.01961023400008, 30.19503383800003], [81.01866597800006, 30.194770471000027], [81.01773589500004, 30.194552987000066], [81.01660012100007, 30.19450339000008], [81.01510579900008, 30.194516494000027], [81.01276599500005, 30.193676697000058], [81.00916924900008, 30.19271584100005], [81.00483369300008, 30.190906901000062], [80.99973291400005, 30.189442540000073], [80.99732525600007, 30.186414109000054], [80.99528886100006, 30.186154567000074], [80.99359382500006, 30.18627180900006], [80.99239070500005, 30.18671615200003], [80.99049571400008, 30.187051960000076], [80.98871884400006, 30.185985966000032], [80.98592944700005, 30.186625105000076], [80.98371107900005, 30.187795899000037], [80.98294358800007, 30.18917078000004], [80.97879872000004, 30.190036983000027], [80.97424868200005, 30.191504922000036], [80.96991566800006, 30.18877849200004], [80.97001049000005, 30.186123185000042], [80.96813534700004, 30.186074001000065], [80.96449500600005, 30.185698439000078], [80.95787722000006, 30.18479439400005], [80.95332857300008, 30.184534761000066], [80.95124007400005, 30.183126985000058], [80.94703480500004, 30.182165028000043], [80.94461384500005, 30.18015405700004], [80.94197254900007, 30.179331750000074], [80.94096753200006, 30.17790918700007], [80.93981651400009, 30.177383989000077], [80.93772791500004, 30.177587046000042], [80.93454896900005, 30.177137359000028], [80.93276530200006, 30.178365797000026], [80.93150120800004, 30.18628568400004], [80.92372640400004, 30.193486607000068], [80.92533787300005, 30.205678456000044], [80.92845528000004, 30.207717761000026], [80.93031668700007, 30.212616284000035], [80.92880422300004, 30.215230701000053], [80.92677773800006, 30.216805795000028], [80.92504122000008, 30.21799171300006], [80.923547, 30.219454932000076], [80.92292432700003, 30.22083737400004], [80.92202783900007, 30.221923238000045], [80.92138554900004, 30.223576754000078], [80.92043035200004, 30.22557026800007], [80.91728879300007, 30.225751987000024], [80.91375849800005, 30.223790291000057], [80.90865426800008, 30.22175080200003], [80.90630363500009, 30.219690048000075], [80.90399859700005, 30.21773015100007], [80.90284360800007, 30.21504193000004], [80.89913083400006, 30.213401796000028], [80.89594936900005, 30.21077653100008], [80.89414165300008, 30.206431311000074], [80.89165681400004, 30.204408150000063], [80.88953358300006, 30.200299329000075], [80.88587862800006, 30.19598383600004], [80.88439298100008, 30.190567351000027], [80.88343411400007, 30.185672349000072], [80.88086104800004, 30.18211679700005], [80.87837509100007, 30.18015386600007], [80.87514852300006, 30.178523951000045], [80.87159675000004, 30.17694000800003], [80.86690704500006, 30.17522045000004], [80.86522779700005, 30.171709883000062], [80.86773669200005, 30.163955243000032], [80.87130700900008, 30.15863409600007], [80.87136511200003, 30.155311780000034], [80.87154778700005, 30.151737250000053], [80.87392489600006, 30.143923511000025], [80.87581213200008, 30.139433060000044], [80.87758348200003, 30.133855881000045], [80.87555023500005, 30.12724260300007], [80.86651131100007, 30.12368110600005], [80.85933950200007, 30.121701889000065], [80.85208297200006, 30.118243886000073], [80.84335364700007, 30.114438058000076], [80.84581210600004, 30.10479896700008], [80.83598168900005, 30.097344107000026], [80.82165327700005, 30.099907920000078], [80.81424715800006, 30.094121475000065], [80.80231234700005, 30.086295719000077], [80.79440600900006, 30.07700694400006], [80.78802864300008, 30.068238912000027], [80.78096837900006, 30.058952928000053], [80.77040578200007, 30.05321734000006], [80.76026675000008, 30.047041861000025], [80.75563231000007, 30.038719726000068], [80.75610916300008, 30.030436312000063], [80.75495393500006, 30.02166267800004], [80.75182869300005, 30.014290479000067], [80.74608318200006, 30.005431327000053], [80.73922162500008, 30.000261914000077], [80.72805697300004, 30.000514494000072], [80.71911272700004, 30.000067175000027], [80.71426535000006, 29.993297109000025], [80.70728216000003, 29.986939391000078], [80.70075557200005, 29.980562040000052], [80.69203792400003, 29.975728769000057], [80.68345499700007, 29.966765472000077], [80.67730539400003, 29.958928565000065], [80.66563457600006, 29.956975545000034], [80.65520108300007, 29.955374336000034], [80.64455577400008, 29.957894735000025], [80.63480046000006, 29.96409992200006], [80.62353887700004, 29.96419904100003], [80.61156160000007, 29.959493200000054], [80.60074085600007, 29.957002396000064], [80.59128194800007, 29.949318340000048], [80.58592825200003, 29.941720996000072], [80.58158485500007, 29.936781332000066], [80.57859967500008, 29.92986331000003], [80.57303242600005, 29.919077763000075], [80.57024997500008, 29.910876831000053], [80.57140322500004, 29.89964377800004], [80.56952401200004, 29.889291754000055], [80.56625175100004, 29.880069629000047], [80.55872204400004, 29.87289025700005], [80.56109783100004, 29.86593773100003], [80.55414893200003, 29.859393815000033], [80.55298410400007, 29.85113476500004], [80.54639688600008, 29.848270378000052], [80.53917604800006, 29.847404076000032], [80.53642977900006, 29.840576100000078], [80.53018095100003, 29.836620432000075], [80.52399918500004, 29.83233315500007], [80.51805136800004, 29.825493218000076], [80.51010581000008, 29.82444225200004], [80.50416694300003, 29.818891871000062], [80.49993854400003, 29.81492881300005], [80.50022594400008, 29.808822005000025], [80.49488430600007, 29.80231036200007], [80.48946875100006, 29.795913248000033], [80.47451765500006, 29.79874846900003], [80.46109532900005, 29.802203985000062], [80.44746871500007, 29.799019352000073], [80.43405337700005, 29.80554637700004], [80.42280631100004, 29.796358492000024], [80.41035604500007, 29.792349671000068], [80.40670043000006, 29.786514151000063], [80.40423698800004, 29.777763039000035], [80.39848411300005, 29.768324820000032], [80.39343960300005, 29.758729455000037], [80.38556582300004, 29.75319872800003], [80.37629784700005, 29.749749562000034], [80.36753546400007, 29.750113958000043], [80.36648826400005, 29.737478164000038], [80.36587167400006, 29.727185615000053], [80.37405015600007, 29.721484278000048], [80.37210631100004, 29.71499725600006], [80.37594225600003, 29.70588057300006], [80.37925971400006, 29.699463438000066], [80.38017081700008, 29.68929306800004], [80.38479801400007, 29.683301416000063], [80.38445630800004, 29.67451907900005], [80.38955837100008, 29.669016637000027], [80.39770969200003, 29.663166997000076], [80.40011725900007, 29.65849091800004], [80.40881019600005, 29.65686764000003], [80.41531281900006, 29.653213184000037], [80.41393399300006, 29.644778145000032], [80.42018491700009, 29.639256990000035], [80.42076636400003, 29.632231250000075], [80.41780356100008, 29.626432801000078], [80.40799369700005, 29.62014377500003], [80.40861212000004, 29.605909499000063], [80.40489357200005, 29.591921971000033], [80.39076605900004, 29.579553829000076], [80.37905859900007, 29.571609660000036], [80.37057167800003, 29.563018889000034], [80.36236820400006, 29.560665560000075], [80.35812230900007, 29.555558826000038], [80.34443708100008, 29.553863489000037], [80.34346287500006, 29.545086814000058], [80.34850784100007, 29.540605036000045], [80.35756944200006, 29.531002098000044], [80.34842018300003, 29.523045035000052], [80.34320040800003, 29.511852032000036], [80.33173613900004, 29.512548270000025], [80.32153037000006, 29.502962307000075], [80.31348887100006, 29.494780699000046], [80.30919938900007, 29.48560088000005], [80.29600172100004, 29.488188755000067], [80.28798204100008, 29.47812910600004], [80.29197066500006, 29.46666276700006], [80.29988104800003, 29.45165991400006], [80.28966897100008, 29.450888547000034], [80.27893598300005, 29.454060834000074], [80.26912654500006, 29.45517572700004], [80.26712701200006, 29.44875440000004], [80.25252743600004, 29.447412375000056], [80.24730798000007, 29.436540450000052], [80.24393937600007, 29.423601451000025], [80.24231828500007, 29.41103996000004], [80.25568600400004, 29.40278317800005], [80.27006710200004, 29.395509498000024], [80.27433706200003, 29.38398191700003], [80.27248631300006, 29.37515244800005], [80.27866817300009, 29.360213342000065], [80.28821077900005, 29.338556606000054], [80.30158147800006, 29.323717600000066], [80.31641652700006, 29.306798224000033], [80.31048536600008, 29.290930931000048], [80.30317555400006, 29.27072760200008], [80.29850927400008, 29.25083097600003], [80.29819782900006, 29.23955561400004], [80.29067531300007, 29.23022039400007], [80.29550559600005, 29.218308998000055], [80.29716627900007, 29.206872520000047], [80.29212248100004, 29.196600725000053], [80.27941528000008, 29.20349388300008], [80.26076806000003, 29.206861378000042], [80.25536413000003, 29.22024349800006], [80.24441830100005, 29.212580609000042], [80.24949024500006, 29.19620607400003], [80.25831320700007, 29.184027343000025], [80.25807011300003, 29.169359692000057], [80.26482969600005, 29.154838893000033], [80.26981127400006, 29.14104562700004], [80.25403963000008, 29.138107598000033], [80.24294665900004, 29.12628883900004], [80.22481442400004, 29.119873856000027], [80.20653292900005, 29.124460948000035], [80.18433175000007, 29.13742854900005], [80.16644109300006, 29.122976420000043], [80.13130949900005, 29.03047613700005], [80.23112688900005, 28.757994331000077], [80.23386993900004, 28.75839208700006], [80.23559408300008, 28.757965014000035], [80.23991903500007, 28.75648480600006], [80.24805296400007, 28.756690382000045], [80.25280980400004, 28.756275172000073], [80.25832359000003, 28.75262010800003], [80.26149577300004, 28.748974616000055], [80.26467879700004, 28.744692085000054], [80.26533860300003, 28.741192054000066], [80.26400046200007, 28.735966306000023], [80.25797392900006, 28.730329148000067], [80.27531582600005, 28.711374688000035], [80.28387798500006, 28.710013702000026], [80.32011833700005, 28.695168789000036], [80.35561709000007, 28.64731267800005], [80.36083055700004, 28.644953375000057], [80.35752666600007, 28.642555369000036], [80.35900369400008, 28.637794932000077], [80.36170900800005, 28.634450652000055], [80.36599938100005, 28.63559874500004], [80.37101181400004, 28.633039026000063], [80.37220640900006, 28.629098330000033], [80.37501561500005, 28.629164264000053], [80.37738661600008, 28.62927996800005], [80.38451918200008, 28.630063586000063], [80.38749620700008, 28.630708010000035], [80.40115331500004, 28.63410490800004], [80.42785463000007, 28.637696591000065], [80.45513724800009, 28.625141866000035], [80.46317729000003, 28.61645150800007], [80.46798925100006, 28.598052977000066], [80.47180411000005, 28.59079666300005], [80.47086426100003, 28.58571689300004], [80.46883325900006, 28.582983374000037], [80.47222015400007, 28.58363169200004], [80.47386878400005, 28.584019407000028], [80.47513689600004, 28.58429768900004], [80.47630823400004, 28.584704792000025], [80.47702689500005, 28.58529934300003], [80.47837180600004, 28.58671100600003], [80.47965265900007, 28.587478556000065], [80.48064686800006, 28.58698801500003], [80.48138854600006, 28.585764340000026], [80.48311175200007, 28.583661448000043], [80.48403163900008, 28.582009835000065], [80.48514264200008, 28.581581778000043], [80.48750159700006, 28.581009074000065], [80.48907915400008, 28.580846354000073], [80.49021390600006, 28.580475859000046], [80.49094202700007, 28.579428611000026], [80.49227438400004, 28.578561875000048], [80.49329679500005, 28.57716290700006], [80.49586615800007, 28.57573061000005], [80.49684704500004, 28.574343400000032], [80.49793259200004, 28.572709417000056], [80.49828093100007, 28.56955692400004], [80.50120038400007, 28.570252550000077], [80.50330268300007, 28.569139411000037], [80.50480844000003, 28.569147090000058], [80.50682380000006, 28.56854354400008], [80.50795771600008, 28.566525911000042], [80.50949640400006, 28.56461639200006], [80.51058935600008, 28.56258941200008], [80.51303480600006, 28.55851304400005], [80.51580638400003, 28.555301288000067], [80.51698503600005, 28.551927292000073], [80.52043622000008, 28.553579684000056], [80.52167060500005, 28.57673273900008], [80.69582932100008, 28.603454291000048], [80.89612783900003, 28.506964048000043], [80.96495981300006, 28.437747753000053], [81.17207094000008, 28.36811819600007], [81.31946050700003, 28.19336661400007], [81.30180992900006, 28.167448688000036], [81.30924416900007, 28.16078145800003], [81.36726045700004, 28.141558376000035], [81.37124831900007, 28.142581173000053], [81.37414991700007, 28.14703072100008], [81.37670403700008, 28.150514396000062], [81.37740712000004, 28.154824586000075], [81.37710296300008, 28.15816838300003], [81.37013347000004, 28.160628548000034], [81.36734118400005, 28.164061145000062], [81.36784905200005, 28.167870022000045], [81.37199643600007, 28.172458515000073], [81.37356321800007, 28.174798554000063], [81.38957191100008, 28.17400870800003], [81.43668392700005, 28.16544950900004], [81.48784718700006, 28.07696515300006], [81.58163038700008, 28.027510798000037], [81.60979694500008, 28.013607283000056], [81.62408567700004, 28.001726244000054], [81.63976725000003, 27.996958835000044], [81.80943134800003, 27.903322823000053], [81.84548198600004, 27.888642145000063], [81.87758415900004, 27.866101370000024], [81.90868469600008, 27.855650629000024], [81.94754775100006, 27.903363652000053], [82.27546657800008, 27.793339462000063], [82.53885945200005, 27.687711490000027], [82.68094838300004, 27.713988112000038], [82.70710920100004, 27.71235019200003], [82.70441316500006, 27.70438290800007], [82.70813934800003, 27.699288687000035], [82.71013490200005, 27.694473275000064], [82.71419084400003, 27.692111494000073], [82.71786199500008, 27.689681972000074], [82.71611679700004, 27.686883649000038], [82.71835471100007, 27.682998568000073], [82.71834051000008, 27.677769393000062], [82.71303919900004, 27.675144484000043], [82.71310960600005, 27.67067892400007], [82.71683381000008, 27.668861900000024], [82.71837137400007, 27.667928118000077], [82.71801739700004, 27.66694113400007], [82.71601376200005, 27.664707521000025], [82.71327206200004, 27.664229401000057], [82.71283999500008, 27.662843675000033], [82.71551401000005, 27.662276768000027], [82.72108131000005, 27.662191411000038], [82.72230927700008, 27.660012169000026], [82.71968907400003, 27.658477967000067], [82.71909897100005, 27.655413775000056], [82.72192048100004, 27.65650897300003], [82.72736071900005, 27.657505205000064], [82.72745300400004, 27.652617985000063], [82.73054592100004, 27.652564016000042], [82.73176151500007, 27.652872156000058], [82.73174498400004, 27.65085678500003], [82.73165721700008, 27.648003990000063], [82.73080825400007, 27.645204774000035], [82.73175874200007, 27.64314097500005], [82.73427320900004, 27.64651303900007], [82.73598006100008, 27.644722212000033], [82.73537259500006, 27.642345658000067], [82.73701692400005, 27.63897072000003], [82.73115485300008, 27.632996940000055], [82.73334838000005, 27.631698930000027], [82.73762734200005, 27.63234882300003], [82.73995072700006, 27.631365043000073], [82.73626300900008, 27.62948736100003], [82.73319192700006, 27.628125127000033], [82.73672812400008, 27.62528067100004], [82.74016134000004, 27.625545325000076], [82.73975170100005, 27.623994749000076], [82.73660802100005, 27.620767788000023], [82.73436480900006, 27.619144714000072], [82.73357702600003, 27.61697828700005], [82.73713684500007, 27.615883402000065], [82.73798842700006, 27.614218360000052], [82.73605768700008, 27.612298336000038], [82.73562898000006, 27.60984187500003], [82.73818202700005, 27.60685285900007], [82.74067628700004, 27.603438339000036], [82.74480088000007, 27.602682712000046], [82.74744892300004, 27.599537978000058], [82.74364378400008, 27.596986666000078], [82.74705581000006, 27.59355886000003], [82.75169020900006, 27.59383769300007], [82.75569234900007, 27.593356767000046], [82.75778007400004, 27.586781468000027], [82.75382675000003, 27.582510290000073], [82.74768204000003, 27.57425089900005], [82.74377483300003, 27.55854377000003], [82.74526181200008, 27.55399496700005], [82.74095090800006, 27.552822528000036], [82.73988341000006, 27.55132232300008], [82.73863075900005, 27.551079681000033], [82.74089036600003, 27.550048438000033], [82.73872012200007, 27.548096489000045], [82.73898528000007, 27.545165944000075], [82.74149701900006, 27.54520208400004], [82.74185983000007, 27.54326776100004], [82.74107458200007, 27.542713053000057], [82.74208094700003, 27.540905188000067], [82.74218493100005, 27.540238543000044], [82.74184110600004, 27.537408721000077], [82.74074598400006, 27.53642181400005], [82.74254697600009, 27.536087919000067], [82.74320892700007, 27.533603561000064], [82.74180858800008, 27.531778700000075], [82.74367716700004, 27.531498316000068], [82.74529360900004, 27.531759648000047], [82.74434096500005, 27.529592540000067], [82.74713126300009, 27.53101461500006], [82.74562001900006, 27.528098532000058], [82.74640738700003, 27.526491486000054], [82.74770242400007, 27.526913396000054], [82.74922311800003, 27.52442531400004], [82.74758739300006, 27.522723837000058], [82.74942558100008, 27.522310799000024], [82.74754049600006, 27.520046106000052], [82.74639024100009, 27.52006926300004], [82.74507531200004, 27.520028765000063], [82.74427343900004, 27.520343180000054], [82.74307833800003, 27.521176539000066], [82.74227235600006, 27.519795655000053], [82.74222723900004, 27.517972349000047], [82.74318778000008, 27.516767826000034], [82.74119832700006, 27.516839321000077], [82.73978837900006, 27.517899684000042], [82.73705445200005, 27.517999830000065], [82.73656095500007, 27.51581019200006], [82.73751657500003, 27.513515676000054], [82.73731823700007, 27.512103482000043], [82.73662180500008, 27.509586795000075], [82.73671055900007, 27.508115849000035], [82.73538581400004, 27.50715047500006], [82.73512579800007, 27.504807725000035], [82.73557302200004, 27.502320116000078], [82.92930520500005, 27.501211478000073], [83.24001048000008, 27.40647382000003], [83.29407505600005, 27.33498097000006], [83.29486230400005, 27.33328087700005], [83.30196467500008, 27.333506947000046], [83.30585157500008, 27.331923118000077], [83.30961880700005, 27.33278377700003], [83.31525684400003, 27.33155029900007], [83.31775838500005, 27.33100554200007], [83.31582235300004, 27.333760045000076], [83.31876587000005, 27.336120019000077], [83.31856409700003, 27.337198486000034], [83.32172654600004, 27.33660350300005], [83.32494311300007, 27.335367405000056], [83.32663368200008, 27.334401770000056], [83.32897427400007, 27.334464180000055], [83.33073368300006, 27.333064642000068], [83.33408696100008, 27.33350765700004], [83.33751742400005, 27.33266929900003], [83.34140454000004, 27.334496108000053], [83.34385447100004, 27.336540464000052], [83.34572115700007, 27.338096076000056], [83.34969658600005, 27.33980643600006], [83.35223591100004, 27.340942530000063], [83.35277700900008, 27.34311507800004], [83.35781870900007, 27.34356108700007], [83.35916652800006, 27.344397440000023], [83.35894375900006, 27.348478412000077], [83.35843664000004, 27.351018965000037], [83.36279845200005, 27.353670188000024], [83.36517650800005, 27.355267153000057], [83.36902976100004, 27.35698811800006], [83.37228954600005, 27.357001409000077], [83.37353125300007, 27.361586527000043], [83.37275597400009, 27.36750937200003], [83.37656808300005, 27.36978008500006], [83.38249951000006, 27.37078443400003], [83.38756459500007, 27.375368452000032], [83.38694269100006, 27.378335802000038], [83.38758612300006, 27.382961817000023], [83.38514204200004, 27.385469218000026], [83.38462579400004, 27.388215122000076], [83.38529185000004, 27.390919706000034], [83.39648373400007, 27.396519520000027], [83.40627818500008, 27.40884378900006], [83.40202335000004, 27.419710373000044], [83.39319363300007, 27.42452712200003], [83.38467363800004, 27.435607554000057], [83.38361549600006, 27.44260587100007], [83.39889047400004, 27.449559950000037], [83.40106998300007, 27.46481151000006], [83.39498013600007, 27.467059681000023], [83.38868116600008, 27.473375745000055], [83.39261520800005, 27.474923146000037], [83.39178845500004, 27.478403052000033], [83.53618921600008, 27.47307624000007], [83.86975446600007, 27.35473812600003], [83.88356810700003, 27.379442785000037], [83.85756868900006, 27.403897775000075], [83.83823263300008, 27.432281552000063], [83.85670609100004, 27.445372430000077], [83.90226954600007, 27.43805803300006], [83.93657396700007, 27.44819283000004], [83.94607825900005, 27.44191573300003], [83.95912336400005, 27.443535893000046], [83.97468245600004, 27.44320488900007], [83.98949658100008, 27.44447191200004], [83.99872736600008, 27.441746826000042], [84.00334555500007, 27.44239097700006], [84.00847619500007, 27.438801494000074], [84.01466511400008, 27.43603126800008], [84.02083197200005, 27.43387226300007], [84.02708595000007, 27.433552709000026], [84.02656405000005, 27.43924811000005], [84.03138565900008, 27.44162270000004], [84.03738356400004, 27.442330534000064], [84.04235349100009, 27.442697805000023], [84.04643069800005, 27.443399423000074], [84.05132639100003, 27.442810677000068], [84.05235703400007, 27.44486012400006], [84.05394055700003, 27.448668342000076], [84.05773295400007, 27.451549159000024], [84.06088704800004, 27.457645334000063], [84.06230073000006, 27.46708391800007], [84.06818350700007, 27.476823740000043], [84.07721506600006, 27.48308921200004], [84.08978541600004, 27.486222359000067], [84.09585080400007, 27.49178583300005], [84.09888912500008, 27.500798874000054], [84.09938343900006, 27.50984046600007], [84.10073197300005, 27.518025516000023], [84.10969291900005, 27.52031673500005], [84.11703333500003, 27.51882181800005], [84.12033500500007, 27.512532175000047], [84.13101983300004, 27.51270594400006], [84.13876173800008, 27.517788035000024], [84.14651488200008, 27.51776200200004], [84.15037952400007, 27.513983862000032], [84.14898184000003, 27.50902910600007], [84.14972168900005, 27.50095427000008], [84.14581078600008, 27.494226593000064], [84.14892528000007, 27.48588109600007], [84.15732651200005, 27.483788625000045], [84.16722272300007, 27.481603946000064], [84.17213141500008, 27.475932834000048], [84.17933189400009, 27.47520811800007], [84.18695398400007, 27.470508068000072], [84.19625320000006, 27.47249185900006], [84.20690198600005, 27.468357258000026], [84.20427506300007, 27.46007232000005], [84.20736606400004, 27.45439493200007], [84.20645696100007, 27.446695635000026], [84.20974792500004, 27.44209696000007], [84.21967700600004, 27.441086093000024], [84.22387135700006, 27.45081829800006], [84.23385119000005, 27.454522585000063], [84.24419282800005, 27.454745013000036], [84.25436991800007, 27.45217559300005], [84.25945171900008, 27.445313949000024], [84.25975701700008, 27.43736755200007], [84.26619945100003, 27.434189007000043], [84.27279526600006, 27.426784992000023], [84.27723522700006, 27.416875722000043], [84.27786231800007, 27.403971997000042], [84.27908144200006, 27.39639363200007], [84.28776610500006, 27.389446496000062], [84.29582171000004, 27.38589637000007], [84.30116179300006, 27.390109820000077], [84.31201196700005, 27.38610180300003], [84.32060603700006, 27.381600051000078], [84.33113893600006, 27.378709024000045], [84.34008651400006, 27.377111083000045], [84.35232301100007, 27.37448519700007], [84.36450932700006, 27.374167188000058], [84.37476488400006, 27.376271076000023], [84.38402968000008, 27.373497775000033], [84.39192540200008, 27.36829631200004], [84.39875244700005, 27.369583959000067], [84.40287220100004, 27.370242492000045], [84.40997625600005, 27.36878488700006], [84.41504493400004, 27.370786748000057], [84.42044187400006, 27.369928909000066], [84.42644498300007, 27.371801721000054], [84.43313537800003, 27.370512577000056], [84.44017230400004, 27.37044846200007], [84.44439863500008, 27.366130098000042], [84.45028351900004, 27.36338822400006], [84.45890925000003, 27.360765669000045], [84.46543290100004, 27.35846369400008], [84.47263950400009, 27.358104930000025], [84.48082536800007, 27.360994213000026], [84.49124366000007, 27.357640659000026], [84.50207667300003, 27.355920746000038], [84.51165890800007, 27.353195933000052], [84.52112725000006, 27.35322045600003], [84.52960971700008, 27.35144473200006], [84.53836239300006, 27.35048205800007], [84.54681437600004, 27.34878413000007], [84.55627601400005, 27.348834659000033], [84.56363571800006, 27.347687462000067], [84.57801356600004, 27.344120280000027], [84.58787653500008, 27.34117145600004], [84.59768996900004, 27.33920885200007], [84.60394879900008, 27.337773367000068], [84.60845587500006, 27.336454650000064], [84.68850857300004, 27.220638661000066], [84.68496586700007, 27.219563504000064], [84.68528564200005, 27.217708667000068], [84.68505349600008, 27.216250040000034], [84.68515229600007, 27.21386602800004], [84.68498630700003, 27.212830035000025], [84.68625221200006, 27.21032635800003], [84.68688208700007, 27.208554443000025], [84.68620732500005, 27.20782150200006], [84.68553960000008, 27.20687280900006], [84.68438846400005, 27.205715788000077], [84.68285029800006, 27.20243327600008], [84.68228857300005, 27.19911042900003], [84.68298721000008, 27.197733322000033], [84.68362345700007, 27.196297842000035], [84.68307681300007, 27.19548980600007], [84.68270859600005, 27.19413970100004], [84.68252548400005, 27.19349569800005], [84.68263086400003, 27.19268767400007], [84.68264148500003, 27.191531957000052], [84.68262688700008, 27.18986670000004], [84.68039650700007, 27.18780969100004], [84.68092876000009, 27.185605820000035], [84.68471895700003, 27.18414715700004], [84.68076513600005, 27.177571510000064], [84.67657715900003, 27.173893075000024], [84.67672203100005, 27.168241348000038], [84.67775622300007, 27.163703129000055], [84.68058885600004, 27.159024556000077], [84.68180839000007, 27.15418111300005], [84.68324730200004, 27.149327482000047], [84.68123511900006, 27.140326670000036], [84.67765840000004, 27.13259275100006], [84.67858941900005, 27.131906436000065], [84.67883231200005, 27.12779904100006], [84.67825603000006, 27.126522671000032], [84.67725727000004, 27.125086921000047], [84.67683786900005, 27.124271788000044], [84.67537289000006, 27.122572999000056], [84.67628955400005, 27.12025758200008], [84.67683369800005, 27.117692160000047], [84.67613059300004, 27.114637232000064], [84.67219469100007, 27.114706469000055], [84.67090940800006, 27.11142131300005], [84.67204397500007, 27.10750057000007], [84.67382122800007, 27.104872537000062], [84.67453154200007, 27.098095543000056], [84.67301981000008, 27.095733575000054], [84.66934494000003, 27.098114980000048], [84.66740626800004, 27.09450017300003], [84.66402521700007, 27.093787769000073], [84.66713172200008, 27.09251831000006], [84.66942284200007, 27.09195084600003], [84.66902357400005, 27.09016624700007], [84.66634446600006, 27.09045536600007], [84.66589987600008, 27.08765994600003], [84.66319057700008, 27.088128622000056], [84.66348281500007, 27.086111241000026], [84.66062712400003, 27.08507161800003], [84.65796044100006, 27.08364403300004], [84.65634552700004, 27.083282764000046], [84.65389808000003, 27.082217849000074], [84.65751892300005, 27.081325070000048], [84.65778513300006, 27.079582407000032], [84.65377481300004, 27.080238998000027], [84.65271722400007, 27.079245171000025], [84.65205906200003, 27.078440086000057], [84.64985890900005, 27.077378861000057], [84.64845384800003, 27.07479662800006], [84.64711255800006, 27.07595561200003], [84.64669134400003, 27.07460062000007], [84.64724784300006, 27.071045936000075], [84.64565590400008, 27.068739717000028], [84.64381874700007, 27.06627841200003], [84.64486668400008, 27.064224848000038], [84.64437193700007, 27.062004458000047], [84.64311952100007, 27.05921280900003], [84.64567877000007, 27.058568036000054], [84.64560541600008, 27.055218095000043], [84.64596227200008, 27.052776704000053], [84.64446618300008, 27.051610673000027], [84.64330252000008, 27.04979503900006], [84.64308874900007, 27.048563099000035], [84.64330299000005, 27.046176426000045], [84.71117206500008, 27.02137274200004], [84.71317071900006, 27.021831053000028], [84.71467228900008, 27.02046497400005], [84.71621161400003, 27.019852557000036], [84.71725118000006, 27.01870445700007], [84.71730636300003, 27.017266016000065], [84.71863218400006, 27.017683156000032], [84.71895318300005, 27.016599261000067], [84.71938843200007, 27.015234901000042], [84.72088904500004, 27.014547889000028], [84.72280335200008, 27.01371217600007], [84.72788488700007, 27.013415855000062], [84.72976435800007, 27.01518137100004], [84.73278562400003, 27.014393562000066], [84.75702689200006, 27.003017484000054], [84.75802879000008, 27.003135231000044], [84.76005514000008, 27.00502070600004], [84.76096456700003, 27.00648924500007], [84.76229145800005, 27.009133099000053], [84.76389665800008, 27.010692568000024], [84.76464342000008, 27.01332241500006], [84.76650479300008, 27.013949151000077], [84.76804057300006, 27.014819474000035], [84.76968800800006, 27.016320147000044], [84.77135249800006, 27.017342752000047], [84.77309613000006, 27.01761887600003], [84.78221904800006, 27.01174553800007], [84.78459386500003, 27.00743422900007], [84.78623888900006, 27.01081456000003], [84.78875845500005, 27.00955254200005], [84.78782550500006, 27.007466700000066], [84.78679218200006, 27.005433464000077], [84.78759437400004, 27.003804604000038], [84.78710849200007, 26.99882959000007], [84.78807794900007, 26.997723285000063], [84.78950039300008, 26.997853487000043], [84.79073693300006, 26.999673347000055], [84.79118950700007, 26.99872424700004], [84.79177899300004, 26.99802125900004], [84.79045165700006, 26.997765523000055], [84.79252469500005, 26.996551690000047], [84.79326731000003, 26.995954564000044], [84.79416110100004, 26.996803551000028], [84.79442432000008, 26.998688494000078], [84.79544525200004, 26.99965861100003], [84.79644614500006, 27.001618760000042], [84.79621774300006, 27.003331471000024], [84.79707807500006, 27.00399741600006], [84.79855691600005, 27.00375172400004], [84.79937532900004, 27.002371475000075], [84.80028379200007, 27.00097019800006], [84.80111860100004, 27.00302154700006], [84.80221017100007, 27.00557836100006], [84.80352593300006, 27.005505822000032], [84.80566898400008, 27.00700544500006], [84.80771786800005, 27.008293598000023], [84.80709209000008, 27.011825714000054], [84.81032831300007, 27.012509180000052], [84.80809655100006, 27.013375049000047], [84.80780997900007, 27.017254682000043], [84.81061104200006, 27.017500018000078], [84.81217961500005, 27.018907870000078], [84.81298389800008, 27.020162112000037], [84.81893676100003, 27.021005113000058], [84.82290109200005, 27.020756411000036], [84.85435135000006, 27.008279814000048], [84.85408215500007, 27.00612344600006], [84.85201260600007, 27.004284720000044], [84.85185833700007, 27.002545439000073], [84.85121885300003, 27.00080464000007], [84.85101095000005, 26.998258538000073], [84.85306020900003, 26.997823501000028], [84.85478390600008, 26.998162238000077], [84.85753268700006, 26.997563327000023], [84.85552467000008, 26.996211655000025], [84.85740122500005, 26.995066318000056], [84.85721911800005, 26.99261222100006], [84.85602486400006, 26.993135653000024], [84.85490856200005, 26.992321660000073], [84.85766877100008, 26.990397183000027], [84.85537693400005, 26.98831304500004], [84.85644033300008, 26.98649032000003], [84.85817628000007, 26.98966162000005], [84.86023014400007, 26.987656696000045], [84.86438765600008, 26.984477638000044], [84.86766550200008, 26.983656215000053], [84.87699518100004, 26.98045454800007], [84.88886671500006, 26.975578504000055], [84.89063589300008, 26.97391927700005], [84.89141446800005, 26.96995436800006], [84.89186523000006, 26.97179716000005], [84.89701648200008, 26.972798518000047], [84.90020554000006, 26.969838538000033], [84.91325278700003, 26.968649824000067], [84.91893602500005, 26.96869976000005], [84.92470513200004, 26.968282379000073], [84.92918281100003, 26.968823858000064], [84.95067678200007, 26.961343716000044], [84.95617712900008, 26.96036882100003], [84.96095170400008, 26.960825795000062], [84.96320932900005, 26.95886745100006], [84.96582068400005, 26.957776257000035], [84.97023590300006, 26.95139462700007], [84.97621907900003, 26.940100404000077], [84.97541462900006, 26.937868640000033], [84.97728346300005, 26.936356153000077], [84.97645815700008, 26.932785745000047], [84.97265811000005, 26.930571042000054], [84.97003624700005, 26.928883065000036], [84.97181818500007, 26.926403091000054], [84.96991157900004, 26.924088995000034], [84.97127163600004, 26.921283978000076], [84.97066523500007, 26.917643721000047], [85.00043659800008, 26.91127164100004], [85.00117668300004, 26.909312224000075], [85.00091422400004, 26.90742631200004], [85.00159822600006, 26.905754848000072], [85.00237539400007, 26.90412608400004], [85.00140655900003, 26.903582820000054], [84.99892405200006, 26.904638696000063], [84.99659986000006, 26.906443145000026], [84.99347077000004, 26.905683793000037], [85.00470679100005, 26.89477658900006], [85.05209323000008, 26.886801054000045], [85.04928945700004, 26.880831640000054], [85.04447435100008, 26.878673091000053], [85.03856538600007, 26.87776772500007], [85.03589282600007, 26.875235262000047], [85.02740348400005, 26.874232206000045], [85.02587132900004, 26.87113861100005], [85.03162283900008, 26.868769349000047], [85.02958008200005, 26.865151875000038], [85.02725401700008, 26.861082545000045], [85.03246609400009, 26.858215158000064], [85.02735383400005, 26.857011674000034], [85.02280509000008, 26.85568386800003], [85.05830412900008, 26.849957706000055], [85.05728702000005, 26.85075965300007], [85.05600756900003, 26.85259143600007], [85.05716483700007, 26.854415325000048], [85.05847315700004, 26.85593359300003], [85.06030436600008, 26.853660046000073], [85.06183655000007, 26.85524940700003], [85.06136050800006, 26.857029521000072], [85.06332209600004, 26.857611790000078], [85.06313793100009, 26.856422087000055], [85.06443815400007, 26.85571427600007], [85.06223894000004, 26.85465486000004], [85.06178181200005, 26.853265888000067], [85.06280730400005, 26.851678168000035], [85.06336901900005, 26.849633362000077], [85.06602537700007, 26.850716316000046], [85.06735577200004, 26.853743011000063], [85.07006756200008, 26.85414492800004], [85.07111275200003, 26.855593793000025], [85.07296996900004, 26.855108744000063], [85.07496523000003, 26.85532979800007], [85.07668296100007, 26.856961715000068], [85.07781486300007, 26.855757038000036], [85.07666692900006, 26.85773232500003], [85.07752997600005, 26.85828394400005], [85.07965487800004, 26.856715268000073], [85.08152853600006, 26.85690198800006], [85.08051875100006, 26.85525405900006], [85.08259820400008, 26.856424075000064], [85.08288966300006, 26.856077655000036], [85.08309410100009, 26.85453294100006], [85.08421070900005, 26.853312493000033], [85.08712818600003, 26.853956466000056], [85.08467269700003, 26.85483898500007], [85.08533923300007, 26.855779209000048], [85.08779763900003, 26.856964955000024], [85.08710189900006, 26.859145828000067], [85.08835640300003, 26.85937007800004], [85.08934156500004, 26.859709492000036], [85.08924973300003, 26.860412134000057], [85.08839142000005, 26.861476665000055], [85.08759987200006, 26.86213084600007], [85.08688766000006, 26.862544661000072], [85.08568052000004, 26.86453536700003], [85.08626836900004, 26.86680625400004], [85.08867646800007, 26.867245209000032], [85.08945866100004, 26.868226721000042], [85.09085636800006, 26.868095436000033], [85.11075669000007, 26.871676861000026], [85.11388020800007, 26.87202495400004], [85.11540629400008, 26.871967448000078], [85.11736868900005, 26.87192667900007], [85.11905983600008, 26.87183863200005], [85.12097654800004, 26.871610279000038], [85.12265878200003, 26.871584502000076], [85.12498204400003, 26.870365211000035], [85.12855420800008, 26.869333735000055], [85.13325806600005, 26.868195310000033], [85.19134043600008, 26.833402532000036], [85.17926159100006, 26.798542406000024], [85.18172164700007, 26.794954055000062], [85.18657043300004, 26.795062409000025], [85.18666109700007, 26.790909776000035], [85.19197361300007, 26.791173826000033], [85.19302146900003, 26.78885017400006], [85.19423515600005, 26.786231634000046], [85.19215248800003, 26.782195295000065], [85.21248216400005, 26.758089294000058], [85.30908676000007, 26.75126239000008], [85.36770122900003, 26.758843444000036], [85.41717232800005, 26.79071336900006], [85.45296319300007, 26.782605443000023], [85.45325463600005, 26.782461864000027], [85.45425955200005, 26.78196050100007], [85.45715171200004, 26.78359547200006], [85.45864387700004, 26.784094418000052], [85.45806344500005, 26.784361921000027], [85.46181900200008, 26.787107723000076], [85.46365360300007, 26.788419644000044], [85.46456301600006, 26.788212300000055], [85.46678488300006, 26.78899479000006], [85.46984565500009, 26.78933941200006], [85.47499220800006, 26.791134379000027], [85.47871106100007, 26.79685031300005], [85.49512603300008, 26.797250117000033], [85.49629022500005, 26.800220601000035], [85.49530215100003, 26.803065020000076], [85.49690441900003, 26.803276692000054], [85.49794240800009, 26.80805108000004], [85.49809225400008, 26.810363218000077], [85.49791430800008, 26.81234918100006], [85.50786075400003, 26.81678987600003], [85.57732141500009, 26.859535341000026], [85.57809139700004, 26.85785126600007], [85.58027526800004, 26.857403203000047], [85.58338696100003, 26.85803310600005], [85.58597115700007, 26.85241729300003], [85.58499336500006, 26.84823517600006], [85.72856836700004, 26.802661611000076], [85.73246681200004, 26.736615615000062], [85.72943874000003, 26.734081726000056], [85.73018558800004, 26.731856340000036], [85.73138418700006, 26.730713098000024], [85.72883864900007, 26.729667541000026], [85.72928695800005, 26.725743539000064], [85.72787998800004, 26.724105405000046], [85.72585858000008, 26.719695655000066], [85.72772076500007, 26.717135235000057], [85.72633334000005, 26.71337726400003], [85.72485825800004, 26.710296131000064], [85.72589314400005, 26.706929826000078], [85.72519393000005, 26.704763181000033], [85.72474936700007, 26.70041425900007], [85.72433883700006, 26.698243046000073], [85.72525031000004, 26.695250475000023], [85.72512671800007, 26.692912939000053], [85.72329830000007, 26.68771217400007], [85.72479694500004, 26.686314581000033], [85.72342506600006, 26.682809533000068], [85.72441944900004, 26.679948823000075], [85.72460035400007, 26.67627574100004], [85.72508819500007, 26.67451466600005], [85.72558986400009, 26.67193633200003], [85.72837060700004, 26.668539016000068], [85.73047316800006, 26.66775470700003], [85.73030342900006, 26.66588408800004], [85.73189808500007, 26.66576643800005], [85.73583714100005, 26.66450827400007], [85.73558240900007, 26.662286381000058], [85.73510039100006, 26.658882394000045], [85.73332998800004, 26.65598644100004], [85.73234141800003, 26.653783436000026], [85.73397475600007, 26.65290919100005], [85.73493922100005, 26.652320575000033], [85.73508950700005, 26.650976486000047], [85.73638397200006, 26.650999548000073], [85.74542113300004, 26.641752862000033], [85.74696047200007, 26.640986476000023], [85.74832454600005, 26.639439512000024], [85.83519430000007, 26.61080066100004], [85.85173901200005, 26.568011812000066], [85.85428577600004, 26.57076974100005], [85.85538937300004, 26.57298289700003], [85.85831728000005, 26.570567005000044], [85.85890969900004, 26.56949316200007], [85.86199921700006, 26.57163888300005], [85.86446165500007, 26.572528204000037], [85.86874941800005, 26.57555907300008], [85.86917838800008, 26.578008972000077], [85.87171406200008, 26.579454412000075], [85.87371830400008, 26.579576202000055], [85.87879980400004, 26.581791820000035], [85.87871086700005, 26.583837535000043], [85.88337230600007, 26.583363602000077], [85.88772313600003, 26.58314486200004], [85.88871404100007, 26.586896782000053], [85.88966485900005, 26.589383259000044], [85.89091630800004, 26.59339351500006], [85.89524888500006, 26.59523587800004], [85.89956879300007, 26.594213899000067], [85.90045061500007, 26.59976735400005], [85.90247332000007, 26.60075219500004], [85.90560234100008, 26.601741239000035], [85.90937970600004, 26.604681950000042], [85.91325498600008, 26.605330798000068], [85.91266748100008, 26.60831302200006], [85.91875773600003, 26.609093952000023], [85.92184781800006, 26.609256367000057], [85.92587880000008, 26.609378096000057], [85.92708844900005, 26.61374278100004], [85.92922466400006, 26.61482002500003], [85.92953453500007, 26.616069130000028], [85.93152434500007, 26.61379985600007], [85.93533755000004, 26.616001871000037], [85.93874414700008, 26.61493900800008], [85.94619522300007, 26.612993505000077], [85.94822493200007, 26.61529765100005], [85.94604308700008, 26.615428596000072], [85.94562836300008, 26.61753581000005], [85.94611700500008, 26.621285002000036], [85.94893504500004, 26.623228336000068], [85.95034085900005, 26.62404164800006], [85.95225070600009, 26.625638993000052], [85.95387442700007, 26.628266445000065], [85.95457421600008, 26.632168884000066], [85.95284710600004, 26.636610203000032], [85.95366444300004, 26.63998567300007], [85.95468213000004, 26.644014181000045], [85.95633454000006, 26.649166668000078], [85.96027008200008, 26.64957136700008], [85.95926899900007, 26.651397557000053], [85.96371451700008, 26.651503104000028], [85.96541555900006, 26.65231645800003], [85.96737458600006, 26.651496302000055], [85.96835124400008, 26.65323450900007], [85.96956788500006, 26.655312970000068], [85.97301819400008, 26.654722501000037], [85.97445465100003, 26.65739197700003], [85.97616692500003, 26.658093026000074], [85.97989027700004, 26.657959986000037], [85.98251736600008, 26.65711198300005], [85.98513385200005, 26.657089838000047], [85.98989319400005, 26.65668966900006], [85.99362782900005, 26.655621793000023], [85.99582540200004, 26.655671959000074], [86.00004694200004, 26.654769567000073], [86.00362439600008, 26.655496054000025], [86.00638971300003, 26.656115111000076], [86.00978117000005, 26.654042015000073], [86.01197329900003, 26.657359776000078], [86.01192488200007, 26.66001209600006], [86.01403845500005, 26.660501486000044], [86.01850374600008, 26.66104652000007], [86.02131513100005, 26.663023957000064], [86.02430966400004, 26.663953131000028], [86.02676758200005, 26.665206341000044], [86.02791169400007, 26.66651978400006], [86.15209543400005, 26.60993213200004], [86.16805813500008, 26.613932401000056], [86.17481148200005, 26.61472905200003], [86.18158995800007, 26.614090289000046], [86.19053858300003, 26.61514210400003], [86.19347339300003, 26.611235142000055], [86.19063529700009, 26.611503391000042], [86.19543173900007, 26.608112667000057], [86.19638365900005, 26.60168823400005], [86.19693511500003, 26.59771435500005], [86.19560836500006, 26.595120880000024], [86.20009856800004, 26.596672829000056], [86.20167036500004, 26.59461775400007], [86.20501012300008, 26.596746129000053], [86.20611115600008, 26.595960039000033], [86.20735750000006, 26.593537045000062], [86.20833897000006, 26.59303170000004], [86.21000019300004, 26.59254486800006], [86.21298190800007, 26.592575605000036], [86.21462816800005, 26.591195662000075], [86.21712311700009, 26.588690040000074], [86.22179331800004, 26.59037674800004], [86.22382093300007, 26.59150403800004], [86.22505544700005, 26.59076944000003], [86.22754650300004, 26.59120295400004], [86.23033747500006, 26.591556014000048], [86.23272257000008, 26.592697617000056], [86.23426092800008, 26.590718363000065], [86.23437943300007, 26.594689825000046], [86.23465381700004, 26.598156584000037], [86.23725133300007, 26.600837071000058], [86.23863811200005, 26.601174283000034], [86.23991366100006, 26.603283152000074], [86.24297914400006, 26.60382309000005], [86.24327191900005, 26.606234719000042], [86.24350342400004, 26.607485191000023], [86.24519424800008, 26.608119560000034], [86.24702693800003, 26.608725479000043], [86.24830029100008, 26.60855644700007], [86.24836182300004, 26.610893993000047], [86.24908818700004, 26.612464497000076], [86.24954149800004, 26.614046004000045], [86.25110754500008, 26.614963936000038], [86.25261827600008, 26.617185844000062], [86.25258229400004, 26.615620612000043], [86.34380737700008, 26.616811980000023], [86.34373460800003, 26.616368011000077], [86.34258492600009, 26.613182684000037], [86.34047129100009, 26.612477326000032], [86.34088691700003, 26.61066797700005], [86.33799601400005, 26.608342468000046], [86.34179545600006, 26.606679385000064], [86.39614264800008, 26.58829750700005], [86.43512333100006, 26.572183446000054], [86.52466926600005, 26.543204038000056], [86.52992663800006, 26.541751490000024], [86.53508933700004, 26.540305234000073], [86.54035350600003, 26.538950450000073], [86.54343057500006, 26.536674307000055], [86.54416532200008, 26.535516831000052], [86.54538165600007, 26.534777254000062], [86.54861695400007, 26.530782914000042], [86.55044527800004, 26.529119096000045], [86.55063629200004, 26.525813226000025], [86.55517781700007, 26.523518554000077], [86.55536365200004, 26.52085899800005], [86.55548911000005, 26.517298263000043], [86.55339384100006, 26.518248567000057], [86.56088116400008, 26.51009663800005], [86.56152785200004, 26.509412414000053], [86.56205489400008, 26.508023630000025], [86.56306460200005, 26.506234495000058], [86.56368775600004, 26.504770436000058], [86.56422327800004, 26.502697328000068], [86.56493202200005, 26.499866523000037], [86.56624322300007, 26.50038661700006], [86.56764397900008, 26.49977817300004], [86.56917296600005, 26.498737064000068], [86.56948741300005, 26.49741580500006], [86.56983439100009, 26.496892913000067], [86.61259707000005, 26.48714622700004], [86.61530665200007, 26.48477729800004], [86.61823786200006, 26.483961478000026], [86.62132712400006, 26.48103572900004], [86.62525315300007, 26.479972563000047], [86.62598740500005, 26.477468057000067], [86.62818840700004, 26.477944811000043], [86.62898265500007, 26.478164726000045], [86.62861162600007, 26.476744223000026], [86.62697474500004, 26.474137601000052], [86.62610449100004, 26.470856130000072], [86.62561575700005, 26.467914748000055], [86.62794132400006, 26.46745966800006], [86.62921317300004, 26.466449476000037], [86.62913586200006, 26.468130719000044], [86.63162464500004, 26.466964733000054], [86.63378763300005, 26.46365036800006], [86.63672148200004, 26.466016769000078], [86.63886070800004, 26.46395682700006], [86.69143401500008, 26.451445080000042], [86.69398481700006, 26.45098600700004], [86.69391088800006, 26.449648645000025], [86.69608894100008, 26.448931410000057], [86.69616898400005, 26.447389092000037], [86.69542344900003, 26.445612383000025], [86.69713969600008, 26.443641444000036], [86.69915561700003, 26.44177809100006], [86.70014264400004, 26.439142510000067], [86.69993163800007, 26.437591720000057], [86.70194825200008, 26.437221283000042], [86.72559508500007, 26.426197668000043], [86.72783652300006, 26.425665570000035], [86.72973760600007, 26.426482991000057], [86.72999451200008, 26.424724781000066], [86.72956690800004, 26.423017773000026], [86.73162882700007, 26.423001812000052], [86.73293104100009, 26.42457283400006], [86.73587878900008, 26.423604561000047], [86.73755877600007, 26.425844728000072], [86.74013022500003, 26.42540043400004], [86.74187727200007, 26.425947137000037], [86.74451511000007, 26.42843854700004], [86.74662585300007, 26.431206872000075], [86.74673517600007, 26.43421786700003], [86.74349468200006, 26.435526216000028], [86.74584133400003, 26.43544434200004], [86.74848340200003, 26.439633884000045], [86.75155976500008, 26.442210556000077], [86.75249553900005, 26.44414071800003], [86.75536867700004, 26.447321445000057], [86.75967971300008, 26.448364643000048], [86.75980437600003, 26.449263447000078], [86.76083409000006, 26.45169424100004], [86.76293135800006, 26.45077586700006], [86.76479712200006, 26.45237933800007], [86.76395403000004, 26.454100482000058], [86.76300551100007, 26.45627150400003], [86.76551943100003, 26.45926819600004], [86.76908415100007, 26.458796885000027], [86.83395739500008, 26.439332154000056], [86.83625884100007, 26.44090753000006], [86.83781285900005, 26.442744375000075], [86.83983280000007, 26.441713669000023], [86.84095760800005, 26.44096779800003], [86.84313063200005, 26.441406504000042], [86.84492091200008, 26.442716708000034], [86.84536629700006, 26.444078637000075], [86.84529501500003, 26.44792340300006], [86.85122121100005, 26.447913528000072], [86.85684051300007, 26.449423167000077], [86.85838724900003, 26.453723081000078], [86.86124768700006, 26.457724678000034], [86.86524621300003, 26.455835206000074], [86.86798861500006, 26.454933679000078], [86.87120351000004, 26.454178660000025], [86.87402437500003, 26.455546577000064], [86.87492321200006, 26.45731981800003], [86.87754841700007, 26.45759013600008], [86.87933447900008, 26.45742368200007], [86.88337552200005, 26.459690926000064], [86.88441301200004, 26.461527284000056], [86.88835360100006, 26.46148640000007], [86.89055694200005, 26.46203891500005], [86.89278094600007, 26.461645696000062], [86.89378728000008, 26.46375701000005], [86.89493668900008, 26.46677009600006], [86.89409138000008, 26.468218578000062], [86.89311354000006, 26.46893699900005], [86.89290142900006, 26.470307837000064], [86.89273537100007, 26.472084867000035], [86.89327985600005, 26.473663183000042], [86.89205566400005, 26.475730962000057], [86.89308329300007, 26.476802364000037], [86.89235252700007, 26.477623591000054], [86.89174546200007, 26.47925815600007], [86.88997712700007, 26.481830278000075], [86.89132827500003, 26.48436164900005], [86.89176802900005, 26.48609372900006], [86.89291696900005, 26.487572545000035], [86.93452308100007, 26.517520813000033], [86.96157180900008, 26.523902502000055], [86.96574824400005, 26.523754500000052], [87.02004758600003, 26.540267130000075], [87.07278031700008, 26.573396459000037], [87.08453689700008, 26.49274700500007], [87.18566140800004, 26.41429867200003], [87.21204118800006, 26.410863921000043], [87.21218790100005, 26.40908820100003], [87.21427074100006, 26.407919768000056], [87.21662382400007, 26.406941998000036], [87.21789744500006, 26.405157486000064], [87.21849194000004, 26.40318250400003], [87.22078664000009, 26.404048861000035], [87.22145059400003, 26.404733313000065], [87.22217640200006, 26.405387637000047], [87.22323023500007, 26.40599536900004], [87.22345192100005, 26.406855070000063], [87.22401320500006, 26.408131446000027], [87.22430924400004, 26.408550675000072], [87.22573800300006, 26.40892714900008], [87.22613973200004, 26.41005665700004], [87.22635999600004, 26.410900560000073], [87.22688277300006, 26.411629052000023], [87.22846529000003, 26.412466255000027], [87.24780491400008, 26.413198203000036], [87.24797073600007, 26.411110258000065], [87.24925990000008, 26.410719579000045], [87.25013886800008, 26.409672794000073], [87.25209292600005, 26.410299733000045], [87.25398989000007, 26.410582542000043], [87.25538848100007, 26.410945679000065], [87.28927986900004, 26.373780741000076], [87.44320767200009, 26.433174957000062], [87.69208834900007, 26.43579277200007], [87.71325621300008, 26.42543398300006], [87.71380787300006, 26.423928454000077], [87.71407027900005, 26.423165273000052], [87.71534645800006, 26.422717324000075], [87.71583592800005, 26.422034534000034], [87.71715906600008, 26.42272257700006], [87.71871057800007, 26.422063645000037], [87.72025196300007, 26.420970409000063], [87.72130779600008, 26.419419531000074], [87.72244325700007, 26.41936912600005], [87.72229776900008, 26.41724775600005], [87.72384881100004, 26.415827630000024], [87.74698537200004, 26.417994711000063], [87.75043733800004, 26.415683683000054], [87.76428339900008, 26.410044936000077], [87.76712776200009, 26.410670379000067], [87.76546621400007, 26.411480023000024], [87.76778399600005, 26.41384612400003], [87.76768753900006, 26.418061760000057], [87.77139983900008, 26.42024639400006], [87.77474198500005, 26.423120227000027], [87.77308461200005, 26.424129665000066], [87.77086565700006, 26.42686446700003], [87.77317067200005, 26.427408271000047], [87.77410188800008, 26.431142532000024], [87.77637894900005, 26.43296824500004], [87.77794261500009, 26.437921149000033], [87.77790972300005, 26.442210644000056], [87.77644133500007, 26.445190781000065], [87.77663733500003, 26.447525128000052], [87.77494655500004, 26.448058976000027], [87.77287120500006, 26.44835945500006], [87.77414333200005, 26.450361048000048], [87.77715153600008, 26.45079316500005], [87.77928512500006, 26.451443865000044], [87.77717839300004, 26.45135252800003], [87.77607795000006, 26.45290907900005], [87.77753785300007, 26.453693326000064], [87.78165673100006, 26.453681309000046], [87.78478978800007, 26.458162496000057], [87.78910173900005, 26.462308120000046], [87.81713391200003, 26.459179819000042], [87.86068845100004, 26.44998602100003], [87.86199172700003, 26.452271541000073], [87.86125918000005, 26.453664853000078], [87.85921234600005, 26.454953475000025], [87.85835575600004, 26.459093305000067], [87.85909759100008, 26.460155357000076], [87.85815872800003, 26.46125794200003], [87.85799382000005, 26.463652096000033], [87.86002028100006, 26.46371393800007], [87.86341373600004, 26.466813546000026], [87.92566703100005, 26.44270628000004], [87.91866598300004, 26.436205017000077], [87.91678888400008, 26.430173763000028], [87.92422998000006, 26.428358957000057], [87.92609348600007, 26.419924537000043], [87.93083057800004, 26.418178323000063], [87.99144176300007, 26.370989346000044], [87.99372248500003, 26.36954367800007], [87.99299900600005, 26.368444682000074], [87.99461190100004, 26.367871682000043], [87.99550887600003, 26.367429275000063], [87.99577486100009, 26.365729266000073], [87.99912424500008, 26.365605982000034], [88.00079530300007, 26.36660115600006], [88.00219418200004, 26.365385212000035], [88.00394921800006, 26.36436187100003], [88.00536332400009, 26.362987547000046], [88.00568642900004, 26.36203766700004], [88.00621466400008, 26.361181543000043], [88.02720420000009, 26.371602284000062], [88.02940587200004, 26.376293289000046], [88.02785191300006, 26.379005903000063], [88.03036518600004, 26.383134985000027], [88.03304614200005, 26.388396776000036], [88.03570462900007, 26.391013887000042], [88.03644094000003, 26.39140662500006], [88.03799921400008, 26.39386094500003], [88.04217604700005, 26.395730558000025], [88.04561141900007, 26.397744199000044], [88.04532977800005, 26.39913482600008], [88.04679384600007, 26.400730628000076], [88.04722595700008, 26.401398792000066], [88.04795415600006, 26.400415716000055], [88.05108911600007, 26.400915767000072], [88.05278451000004, 26.39996694200005], [88.05354163000004, 26.401098567000076], [88.05506120500007, 26.401669640000023], [88.05477216900005, 26.402798278000034], [88.05572070800008, 26.405435001000058], [88.05903715100004, 26.407349543000066], [88.06347128500005, 26.410458086000062], [88.06673753300004, 26.409949545000075], [88.07531540000008, 26.416929097000036], [88.08157573400007, 26.421030674000065], [88.08944639900005, 26.42528403400007], [88.09037536200003, 26.42828812500005], [88.09199487800004, 26.43271249600008], [88.09188163700009, 26.43785652400004], [88.09447817700004, 26.444012539000028], [88.09465258000006, 26.455389921000062], [88.09203489600009, 26.457000631000028], [88.09060115100004, 26.458639927000036], [88.08852883900005, 26.460455426000067], [88.09051429600004, 26.46460680900003], [88.09592819300008, 26.461990042000025], [88.10129799200007, 26.46302690500005], [88.10545855700008, 26.469593049000025], [88.09894222300005, 26.477299670000036], [88.10408209100007, 26.482706128000075], [88.10556993800003, 26.484149169000034], [88.10632420200005, 26.486023851000027], [88.10599979000006, 26.487464895000073], [88.10535053100006, 26.488882486000023], [88.10198198100005, 26.49171910000007], [88.10050540800006, 26.49892725500007], [88.09369947100004, 26.508972442000072], [88.10453843800008, 26.524106088000053], [88.09705377800003, 26.536112167000056], [88.10925825900006, 26.54396981600007], [88.10752928100004, 26.559250258000077], [88.11209363400008, 26.56055064000003], [88.11427426200004, 26.566931199000066], [88.11192202000007, 26.571153890000062], [88.11903320200008, 26.568508957000063], [88.12231315200006, 26.572460470000067], [88.12740977100003, 26.575481538000076], [88.12953048400004, 26.58821583200006], [88.14035424200006, 26.613626716000056], [88.15775861300006, 26.636296489000074], [88.15880077700007, 26.64203955100004], [88.16287222800008, 26.650942203000056], [88.16444111500005, 26.674411705000068], [88.16729635600007, 26.688964846000033], [88.17258675400006, 26.707925432000025], [88.18208841400008, 26.720753801000058], [88.18628791300006, 26.738730459000067], [88.18771975000004, 26.769242018000057], [88.18084022500005, 26.79602875200004], [88.17857344600003, 26.812373481000066], [88.17617035400008, 26.821792833000075], [88.17224529500004, 26.82744561900006], [88.17326202900006, 26.831383430000074], [88.17173666400004, 26.83543239100004], [88.16845578800007, 26.836463351000077], [88.16928541900006, 26.842193595000026], [88.16928540700007, 26.846541597000055], [88.16781596100003, 26.849400993000074], [88.17093242000004, 26.85171041700005], [88.17500397100008, 26.85369098500007], [88.17373568600004, 26.856290424000065], [88.17439221700005, 26.859391256000038], [88.17201964800006, 26.86175522700006], [88.17315242200004, 26.864187363000042], [88.17252671300008, 26.865674848000026], [88.17202579500008, 26.86894141500005], [88.16841346500007, 26.86925116100008], [88.16656473600005, 26.870614904000035], [88.16417120300008, 26.873405814000023], [88.16406010800006, 26.87646458300003], [88.16190945200003, 26.880008899000075], [88.15904190300006, 26.882539817000065], [88.15733604900004, 26.884585859000026], [88.15392749300008, 26.88538676400003], [88.15155520700006, 26.885663649000037], [88.14958989100006, 26.88761753500006], [88.14657401400007, 26.888739630000032], [88.14474068800007, 26.891148589000068], [88.14165116100008, 26.89285079700005], [88.14007879200005, 26.895343213000046], [88.13874073400007, 26.89692295900005], [88.13648047600003, 26.89834977000004], [88.13782957400008, 26.90128867800007], [88.13892055900004, 26.904023693000056], [88.13941801400006, 26.906025730000067], [88.14129745400004, 26.909181043000046], [88.14302786400003, 26.91263577600006], [88.14443159100006, 26.916075017000026], [88.14433485400008, 26.918769074000068], [88.14586427600005, 26.920788507000054], [88.14184815200008, 26.926351844000067], [88.13790977200006, 26.932691555000076], [88.13201181300008, 26.938086945000066], [88.12796247100005, 26.941026738000062], [88.12470022700006, 26.944456222000042], [88.12052851500005, 26.95012084500007], [88.12217407900005, 26.95877927600003], [88.12205814100008, 26.965712173000043], [88.12457942000003, 26.971868233000066], [88.12918168700008, 26.978182445000073], [88.13155871300006, 26.98149042600005], [88.13516597400007, 26.984742582000024], [88.13164294300003, 26.98683207600004], [88.12173198900007, 26.987263806000044], [88.11805336000003, 26.987393586000053], [88.11171143500007, 26.99109435500003], [88.10914471700005, 26.99433918300008], [88.10675114900005, 26.996388843000034], [88.10397216900003, 26.997838364000074], [88.10117671100005, 27.001307489000055], [88.09748979600005, 27.00401691600007], [88.09280088700007, 27.004668154000058], [88.08862096700005, 27.00796409700007], [88.08795763400008, 27.01117372300007], [88.08838926400006, 27.015747215000033], [88.08457869700004, 27.021160603000055], [88.08330571000005, 27.025992075000033], [88.08181424000009, 27.030849614000033], [88.07587789300004, 27.035713160000057], [88.07108474300009, 27.03242716400007], [88.06566048000008, 27.03141511800004], [88.05952264100006, 27.029246641000043], [88.05606339400003, 27.03242995100004], [88.05099252600007, 27.034428047000063], [88.04364549200005, 27.036850333000075], [88.03877133200007, 27.036207554000043], [88.03640298900007, 27.03912878600005], [88.03511870500006, 27.042130799000063], [88.03274285400005, 27.044266236000055], [88.03035327100008, 27.04686834100005], [88.02816223700006, 27.050068427000042], [88.02581353600004, 27.054380192000053], [88.02511424000005, 27.05875074200003], [88.02258577600008, 27.062614217000032], [88.02261834100005, 27.065171701000054], [88.02081927500006, 27.06939149200008], [88.01808463700007, 27.070297525000058], [88.01560204800006, 27.074834804000034], [88.01654152900005, 27.07733651800004], [88.01853375600007, 27.08048851800004], [88.02028049500007, 27.085053109000057], [88.01769319900006, 27.08811392000007], [88.01487313100006, 27.090141944000038], [88.01222298900007, 27.093715296000028], [88.01061060100005, 27.097634951000032], [88.00761762200005, 27.099437565000073], [88.00671594700003, 27.101691806000076], [88.00297722200008, 27.10456957300005], [87.99923582600007, 27.103813280000054], [87.99302230000006, 27.104869244000042], [87.99104, 27.110465522000027], [87.98916522700006, 27.115345510000054], [87.98812841500006, 27.119089431000077], [87.98901954500008, 27.12129701300006], [87.98949028700008, 27.124240262000058], [87.99106101500007, 27.127840134000053], [87.99113479000005, 27.130697659000077], [87.99549017700008, 27.132512821000034], [87.99898992200008, 27.134353127000054], [87.99982281600006, 27.13778960700006], [88.00063030800004, 27.140374993000023], [88.00423689600007, 27.14205170500003], [88.00724330400004, 27.143402293000065], [88.00803375000004, 27.14633015900006], [88.00830223300005, 27.15006433900004], [88.00947952100006, 27.153584168000066], [88.00963068900006, 27.158032529000025], [88.01070984300009, 27.160977998000078], [88.01136872300003, 27.164586799000062], [88.01206240500005, 27.16697796300008], [88.01549553600006, 27.169028811000032], [88.01770518700005, 27.170273731000066], [88.01868068800007, 27.17289895400006], [88.01615088800008, 27.17469899400004], [88.01298464000007, 27.177158990000066], [88.01260924700006, 27.180280571000026], [88.01284369800004, 27.182955055000036], [88.01358706300005, 27.18600447800003], [88.01411038200007, 27.188989389000028], [88.01590010500007, 27.19325124200003], [88.01598521200003, 27.19715726900006], [88.01430182400009, 27.201259942000036], [88.01175403600007, 27.204193720000035], [88.01451986000006, 27.208132841000065], [88.01507534000007, 27.211301082000034], [88.01241525200004, 27.215485797000042], [88.015718, 27.222257720000073], [88.01803682700006, 27.223717743000066], [88.01900165600006, 27.229258686000037], [88.01896603300008, 27.234765034000077], [88.02117605300003, 27.237572408000062], [88.02255605100004, 27.237812074000033], [88.02453705300007, 27.238041690000045], [88.02430129500004, 27.241690877000053], [88.02581404300008, 27.24491942900005], [88.02734567000005, 27.248208762000047], [88.02906543600005, 27.249947646000066], [88.03078659400006, 27.253907300000037], [88.03076828800005, 27.260534063000023], [88.03206758400006, 27.26539479300004], [88.03037006800008, 27.27232327400003], [88.03158753400004, 27.277522136000073], [88.03243059300007, 27.28303648700006], [88.03238289800004, 27.28680008200007], [88.03484757800004, 27.289084777000028], [88.03702965100007, 27.29017096800004], [88.03979344600003, 27.291821371000026], [88.04304084000006, 27.291710124000076], [88.04419108100006, 27.29300769100007], [88.04407019300004, 27.295083529000067], [88.04350496600006, 27.29686133900003], [88.04267123300008, 27.298757957000078], [88.04154522700009, 27.300927210000054], [88.04114051200008, 27.302309441000034], [88.04148515100007, 27.30427343200006], [88.04432846100008, 27.308796956000037], [88.04807105000003, 27.312356571000066], [88.04914886900008, 27.316041951000045], [88.04934883800007, 27.318221556000026], [88.05082153800004, 27.320945402000063], [88.05256648100004, 27.324727928000073], [88.05846697400005, 27.32799478100003], [88.06139819700007, 27.331756307000035], [88.06416416400003, 27.33480487500003], [88.06642806400004, 27.336327131000075], [88.06366965500007, 27.34270718500005], [88.06144688000006, 27.346320254000034], [88.05925819400005, 27.351171247000025], [88.05746835500008, 27.355861394000044], [88.05467787000003, 27.357705236000072], [88.05114679100006, 27.358310509000034], [88.04650454100005, 27.363781866000068], [88.04216128600007, 27.369696930000032], [88.04288816800005, 27.375325693000036], [88.04503295400008, 27.37976911900006], [88.04490730300006, 27.383071269000027], [88.04486007300005, 27.386527624000053], [88.04483883000006, 27.389643023000076], [88.04587853800007, 27.395830715000045], [88.04807060500008, 27.39968782300008], [88.04774566900005, 27.403018618000033], [88.04706041300005, 27.405316608000078], [88.04967132800004, 27.407264353000073], [88.05058445100008, 27.412273544000072], [88.05252454300006, 27.414415830000053], [88.05484600400007, 27.417697846000067], [88.05731132200003, 27.418538541000032], [88.06219834800004, 27.42185756500004], [88.06630156900007, 27.42451322000005], [88.06928181400008, 27.425891095000054], [88.07223732200003, 27.425996053000063], [88.07380552500007, 27.42713447400007], [88.07434043800004, 27.433390750000058], [88.06888507000008, 27.437374386000045], [88.06983764500006, 27.442483155000048], [88.07195543300008, 27.44604706100006], [88.06801590500004, 27.44931437300005], [88.06466820700007, 27.453803120000032], [88.06638195100004, 27.456757267000057], [88.06386672500008, 27.458993349000025], [88.05834607600008, 27.464381067000033], [88.05656256500004, 27.467397853000023], [88.05275426700007, 27.469801964000055], [88.04969841000008, 27.472265422000078], [88.04598699600007, 27.475232538000057], [88.04492842800005, 27.480475247000072], [88.04380378600007, 27.489724739000053], [88.04374878800007, 27.49606939100005], [88.04579969900004, 27.500493418000076], [88.04864622800005, 27.502145496000026], [88.05036686800008, 27.504317797000056], [88.05308533000004, 27.504636482000024], [88.05540785000005, 27.506181905000062], [88.05810858300003, 27.510182687000054], [88.06114234600005, 27.51328032600003], [88.05679408600008, 27.51857927900005], [88.06038425800006, 27.524619528000073], [88.06481584000005, 27.526729726000042], [88.06625283000005, 27.528379462000032], [88.05903679200009, 27.532523938000054], [88.06006117000004, 27.537395635000053], [88.06228582200004, 27.541105663000053], [88.06436724800005, 27.54400118700005], [88.06664937000005, 27.54498719700007], [88.06874191600008, 27.546580987000027], [88.06841761800007, 27.551542848000054], [88.07081618500007, 27.55647978500008], [88.07444377900003, 27.557640587000037], [88.07694771500007, 27.559262856000032], [88.07865362800004, 27.56104398000008], [88.07922340200008, 27.562438175000068], [88.08000920300003, 27.563705353000046], [88.08081238900007, 27.565280726000026], [88.07752607700007, 27.569003162000058], [88.07861270700005, 27.576262474000032], [88.08067291900005, 27.58293309000004], [88.08777866500003, 27.59302819800007], [88.09174829700004, 27.597037968000052], [88.09503593900007, 27.598350668000023], [88.10046326900004, 27.60062151300008], [88.10732409300005, 27.60431807300006], [88.11131729600004, 27.608266250000042], [88.11366675900007, 27.61256547100004], [88.11915199200007, 27.62707970400004], [88.11887420500005, 27.63542186500007], [88.12040190200008, 27.638293456000042], [88.12042469100004, 27.641918503000056], [88.12086861000006, 27.645903581000027], [88.12443301900004, 27.649720177000063], [88.12593753700008, 27.65084955100008], [88.12769090000006, 27.651460545000077], [88.12926321800006, 27.652553831000034], [88.13066470200005, 27.654053057000056], [88.13241996200009, 27.656140852000078], [88.13554279700008, 27.656308354000032], [88.13839947900004, 27.65816852100005], [88.14002164900006, 27.66098067200005], [88.14443727600008, 27.66444241800008], [88.14558393800007, 27.670422958000074], [88.14664114000004, 27.673469397000076], [88.14694846600008, 27.67541914700007], [88.14722901100004, 27.68003876100005], [88.14810351300008, 27.68094983000003], [88.14868582200006, 27.682547472000067], [88.14885567300007, 27.68316480200008], [88.14908935200003, 27.683745231000046], [88.15005103700008, 27.684189614000047], [88.15037495000007, 27.68468504200007], [88.15037813500004, 27.685386685000026], [88.15088221500008, 27.68612842600004], [88.15164315900006, 27.687322277000078], [88.15279706000007, 27.689560958000072], [88.15347545500003, 27.691205984000078], [88.15384066100006, 27.692149764000078], [88.15222216400008, 27.694739238000068], [88.15076603800009, 27.697287894000056], [88.14962086400004, 27.69991142600003], [88.14804607100007, 27.70216276700006], [88.14785018300006, 27.703107454000076], [88.14912632300008, 27.705992879000064], [88.15136016800005, 27.710586343000045], [88.15362028600003, 27.71410833500005], [88.15535099700008, 27.717285915000048], [88.15441434100006, 27.720817381000074], [88.15415530800004, 27.726897068000028], [88.15462002700008, 27.730845765000026], [88.15584543000006, 27.734440731000063], [88.15613701400008, 27.73600049600003], [88.15761814700005, 27.737760110000067], [88.15831450100006, 27.73972877700004], [88.16085593200006, 27.740129533000072], [88.16393225800005, 27.740346267000064], [88.16705979700004, 27.74107649700005], [88.17253112100008, 27.742809174000058], [88.17581426300006, 27.746444059000055], [88.17815060500004, 27.75112602400003], [88.18214398200007, 27.76344995100004], [88.18145955600005, 27.772246685000027], [88.18381697100006, 27.777015851000044], [88.18702939800005, 27.779373582000062], [88.19038606400005, 27.78305100700004], [88.19187311200005, 27.784339215000045], [88.19386248200004, 27.785909531000073], [88.19530050800006, 27.78662282500005], [88.19570122600004, 27.788064172000077], [88.19627525400006, 27.79009365400003], [88.19653367100005, 27.792680335000057], [88.19502470700007, 27.79470181000005], [88.19130140700008, 27.79792027800005], [88.18668838200006, 27.80207099000006], [88.18631065800008, 27.805222465000043], [88.18522170000006, 27.810290749000046], [88.18095100200009, 27.813550964000058], [88.17488297500006, 27.81757934600006], [88.17417756000003, 27.820988731000057], [88.18237911500006, 27.82307686300004], [88.18841985300008, 27.82641587200004], [88.19116489800007, 27.831655529000045], [88.19394545700004, 27.834440804000053], [88.19808141300007, 27.83650722400006], [88.20105025200007, 27.837722117000055], [88.20175919600007, 27.839462620000063], [88.20129861800007, 27.841552956000044], [88.20055929900008, 27.84402414300007], [88.19738689200005, 27.847463770000047], [88.19637577700007, 27.852276111000037], [88.19340338000006, 27.854767566000078], [88.18739803400007, 27.854362834000028], [88.18326758700005, 27.857005069000024], [88.17775598500003, 27.85738027000008], [88.17553776300008, 27.86009128300003], [88.17347645700005, 27.862556678000033], [88.16971927700007, 27.86440078100003], [88.16692859400007, 27.86602830000004], [88.16538977800008, 27.86747459000003], [88.16261493600007, 27.86928109400003], [88.15996076100004, 27.869861743000058], [88.15793960800005, 27.870572491000075], [88.15561870400006, 27.87095230700004], [88.15292649800006, 27.872336528000062], [88.15141841800005, 27.873925204000045], [88.15002505100006, 27.875596504000043], [88.14847651600007, 27.876580982000064], [88.14469602500003, 27.878017923000073], [88.14027469900003, 27.87841867800006], [88.13776187700006, 27.88003509200007], [88.131557, 27.897581], [88.120711, 27.922684], [88.133085, 27.947526], [88.153548, 27.958614001000058], [88.179627, 27.949001001000056], [88.198187, 27.942767], [88.208847, 27.962374], [88.226074, 27.964182], [88.245538, 27.952570001000026], [88.257366, 27.945653], [88.282096, 27.958469], [88.296404, 27.966697], [88.30654700100007, 27.967941], [88.318495, 27.978967], [88.33956300100004, 27.985104], [88.364995, 27.989051], [88.378963, 27.986267001000044], [88.392884, 27.977046001000076], [88.407964, 27.980433], [88.419548, 28.000626], [88.443908, 28.009024001000057], [88.468533, 28.01814], [88.479844, 28.040486001000033], [88.507249, 28.045326], [88.528886, 28.037819], [88.552653, 28.041404], [88.555692, 28.07026200100006], [88.56745900100003, 28.09067800100007], [88.602365, 28.091034001000025], [88.63419028000004, 28.11764220300006], [88.65004968900007, 28.097645406000026], [88.66638626700006, 28.084574700000076], [88.69858800100008, 28.076513], [88.721801, 28.075454], [88.73949, 28.075019001000044], [88.761008, 28.072903], [88.772306, 28.060140001000036], [88.79094, 28.049544], [88.803001, 28.032774], [88.819293, 28.02197200100005], [88.836687, 28.012835], [88.84113306800003, 27.983756459000062], [88.83949155300007, 27.969200009000076], [88.84099708500008, 27.96382817600005], [88.84182176600007, 27.961598321000054], [88.84167319800008, 27.959860519000074], [88.84204854700005, 27.95732289500006], [88.84234402400006, 27.953281141000048], [88.84118949400005, 27.945896573000027], [88.83757249600006, 27.93763257300003], [88.85209331000004, 27.925891297000078], [88.868615, 27.916176001000053], [88.870809, 27.900712001000045], [88.878386, 27.88204], [88.885692, 27.86126500100005], [88.881722, 27.839076], [88.859424, 27.811829001000035], [88.855218, 27.778002], [88.85590700100005, 27.756502001000058], [88.864699, 27.741528], [88.856523, 27.725049], [88.854092, 27.714972], [88.840648, 27.711474001000056], [88.844883, 27.700243], [88.845976, 27.690087], [88.848391, 27.674986001000036], [88.840212, 27.658017001000076], [88.830553, 27.647199], [88.818724, 27.647628], [88.808707, 27.636302], [88.806613, 27.622548], [88.807398, 27.61077], [88.800045, 27.592972], [88.788862, 27.586547], [88.791198, 27.574585], [88.778035, 27.57021], [88.765362, 27.568229001000077], [88.772346, 27.556243], [88.774759, 27.544061], [88.779879, 27.530799], [88.789805, 27.531564], [88.791296, 27.523619], [88.786784, 27.509966], [88.78247969500006, 27.495881869000073], [88.784214, 27.48532700100003], [88.782665, 27.475145], [88.782693, 27.457659001000025], [88.793479, 27.447159], [88.79442, 27.429703], [88.806604, 27.423601], [88.81425200100006, 27.40492], [88.829823, 27.390556], [88.84571, 27.385011001000066], [88.863436, 27.373089], [88.880184, 27.36047700100005], [88.88313880200008, 27.351342099000078], [88.88291996600003, 27.34733579400006], [88.88825956000005, 27.34173332900008], [88.89326263100008, 27.33820901100006], [88.898316, 27.33320929200005], [88.90944224600008, 27.32907315600005], [88.91649822800008, 27.330818342000043], [88.92008677900003, 27.328002364000042], [88.92012492000003, 27.32216697000007], [88.91633988000007, 27.315159030000075], [88.91176788000007, 27.306408961000045], [88.91268804000003, 27.296096041000055], [88.90862796000005, 27.28075104100003], [88.90234812000006, 27.273059011000043], [88.89548606400007, 27.269155255000044], [88.88731016400004, 27.267764718000024], [88.80254901200004, 27.247393584000065], [88.801533, 27.229185], [88.79997384000006, 27.211856040000043], [88.79108112000006, 27.19676898000006], [88.783947, 27.182845980000025], [88.76569716000006, 27.178376040000046], [88.75707408000005, 27.161674020000078], [88.752519, 27.15064398000004], [88.75583902500006, 27.141161342000032], [88.77390486600007, 27.135495947000038], [88.79847305300007, 27.137349821000043], [88.81437320800006, 27.125417422000055], [88.82228067100004, 27.12133821900005], [88.82957654000006, 27.117267996000066], [88.84015207600004, 27.115653938000037], [88.84686907900004, 27.11184006700006], [88.86100964700006, 27.10929030500006], [88.87136283000007, 27.107730210000057], [88.87460726200004, 27.087295061000077], [88.87959490800006, 27.066569213000037], [88.87618174800008, 27.046121336000056], [88.87667614200006, 27.02608433000006], [88.87276830300004, 27.009380737000072], [88.87280264500004, 26.976216573000045], [88.87464546900009, 26.958595569000067], [88.87850125900007, 26.945182759000033], [88.88876898800004, 26.961806378000063], [88.90620197700008, 26.97904987100003], [88.91350177200007, 26.989237504000073], [88.94384356500007, 26.97539519700007], [88.95333752500005, 26.961268881000024], [88.95414842600007, 26.953103553000062], [88.95338645300006, 26.946273632000043], [88.94772163600004, 26.93936113600006], [88.97477679900004, 26.919857747000037], [89.03769472400006, 26.922936116000074], [89.10651914200008, 26.859727645000078], [89.21149497300007, 26.814788314000054], [89.26512897000003, 26.81829341200006], [89.26787945100006, 26.820847401000037], [89.27162142100008, 26.825517755000078], [89.27503946800005, 26.828656076000073], [89.30643147300003, 26.844890027000076], [89.31483525100003, 26.84770769800008], [89.32040109200005, 26.85187579600006], [89.32553617400004, 26.845364252000024], [89.38261899500009, 26.859845034000045], [89.42014153400004, 26.837362486000075], [89.49437408400007, 26.803040554000063], [89.50577779500009, 26.810189023000078], [89.51224592300008, 26.813401286000044], [89.51784605000006, 26.81242499500007], [89.52049593200007, 26.813204564000046], [89.52341247600003, 26.813225647000024], [89.52725443100007, 26.812973054000054], [89.52924254300007, 26.81365165400007], [89.53220718800009, 26.81450909600005], [89.53454952700008, 26.814312920000077], [89.53780698000008, 26.813021004000063], [89.54108132600004, 26.812147279000044], [89.54498034000005, 26.811033284000075], [89.54916300800005, 26.809619230000067], [89.55581025800007, 26.812921429000028], [89.56062517900006, 26.81009438500007], [89.56670942900007, 26.799128159000077], [89.58386245400004, 26.794871949000026], [89.59612137700003, 26.791063610000037], [89.61773085600004, 26.78222086200003], [89.63056220700008, 26.782265731000052], [89.64359871100004, 26.77805618000008], [89.65175644900006, 26.77176649300003], [89.64349607800006, 26.749082371000043], [89.63615405400003, 26.74645269900003], [89.62649193300007, 26.74188643000008], [89.62215857200005, 26.736586284000055], [89.61796533100005, 26.728297444000077], [89.62961809200004, 26.72503889500007], [89.64646520000008, 26.722211413000025], [89.65979778400003, 26.719975244000068], [89.66928802600006, 26.73184011400008], [89.68248635200007, 26.736683596000034], [89.69572782000006, 26.736371037000026], [89.70846610600006, 26.731549719000043], [89.71828587300007, 26.72937610500003], [89.73036850200003, 26.725836182000023], [89.75542328900008, 26.73324148200004], [89.75853699200007, 26.729367264000075], [89.76068070500008, 26.724330604000045], [89.76012503000004, 26.719209871000032], [89.76566854100008, 26.714837184000032], [89.76914097300005, 26.713375281000026], [89.77034554100004, 26.71046487900003], [89.77217935300007, 26.70908829600006], [89.77130657500004, 26.705646413000068], [89.80642622700003, 26.710798322000073], [89.86041570300006, 26.71252214900005], [89.86311597100007, 26.72150921900004], [89.86327569800005, 26.73423245600003], [89.99231014200006, 26.729247205000036], [90.19236280900003, 26.781634474000043], [90.34601558400004, 26.874301397000067], [90.34750252300006, 26.881001179000066], [90.35031682500005, 26.890083374000028], [90.35308742300003, 26.894903792000036], [90.35581273000008, 26.898974390000035], [90.45329772300005, 26.880300555000076], [90.66624471900008, 26.782803940000065], [90.88227270500005, 26.782188304000044], [91.08935639900005, 26.815355898000064], [91.29583700100005, 26.787366029000054], [91.47136883700006, 26.799906589000045], [91.63461237900003, 26.819009708000067], [91.84212524700007, 26.88943222200004], [92.00862143200004, 26.85338742700003], [92.11754424300005, 26.902801329000056], [92.11538440900006, 26.923086488000024], [92.11792896000009, 26.939295990000062], [92.11278996000004, 26.95090896000005], [92.11985604000006, 26.963961031000053], [92.105262, 26.980378021000035], [92.10379788000006, 27.00082899100005], [92.09136312000004, 27.013392990000057], [92.07843984000004, 27.02133198000007], [92.08244808000006, 27.03453696100007], [92.07116892000005, 27.04268196000004], [92.051694, 27.051725971000053], [92.03679288000006, 27.064392031000068], [92.03144796000004, 27.07973001000005], [92.02939308000003, 27.095068980000065], [92.02438296000008, 27.10709298100005], [92.03142312000006, 27.123483961000034], [92.03566212000004, 27.138179970000067], [92.03157684000007, 27.153647011000032], [92.02805712000008, 27.16970499000007], [92.04146784000005, 27.18159102000004], [92.05790616000007, 27.190913040000055], [92.06092296000008, 27.20659599000004], [92.06910684000007, 27.218459971000073], [92.07055296000004, 27.23827698100007], [92.049804, 27.25386903100008], [92.04256692000007, 27.26127702100007], [92.04990912000005, 27.270335971000065], [92.05576416000008, 27.271000981000043], [92.06193312000005, 27.272322], [92.06810208000007, 27.276966990000062], [92.07257184000008, 27.27799299000003], [92.07844596000007, 27.275379031000057], [92.08538208000004, 27.271140030000026], [92.08981512000008, 27.269708041000058], [92.09423808000008, 27.270059041000025], [92.099493, 27.26845200100007], [92.10947688000005, 27.270189001000062], [92.11938588000004, 27.2709], [92.12302512000008, 27.27629298000005], [92.12474304000006, 27.28136304000003], [92.12324688000007, 27.284752981000054], [92.12229504000004, 27.287633971000048], [92.11740984000005, 27.291744], [92.11365108000007, 27.293969971000024], [92.10850704000006, 27.29682297100004], [92.10334392000004, 27.300969990000056], [92.09510604000008, 27.303906960000063], [92.088882, 27.30484899000004], [92.08603692000008, 27.307083960000057], [92.08162296100005, 27.310204980000037], [92.07421596000006, 27.317639970000073], [92.06833284000004, 27.323809020000056], [92.06105004000005, 27.343861020000077], [92.04878016000004, 27.37015101000003], [92.05474284000007, 27.391295970000044], [92.04811656700008, 27.408405068000036], [92.04075710100005, 27.413002265000046], [92.03812733600006, 27.41772424900006], [92.03838408500008, 27.420791204000068], [92.03979670000007, 27.424201570000037], [92.04249200200007, 27.43145009600005], [92.03621430800007, 27.438655493000056], [92.02982699700004, 27.44032416600004], [92.02483992100008, 27.444652915000063], [92.02205652700007, 27.449189886000056], [92.02258465000006, 27.454735035000056], [92.02306669500007, 27.46189795300006], [92.02047546500006, 27.468135201000052], [92.01910268600005, 27.47498673000007], [92.01689309400007, 27.48044412200005], [92.01427541300006, 27.478741158000048], [92.00991519500008, 27.478272444000027], [92.00728865700006, 27.47629777700007], [92.00165796700009, 27.478214906000062], [91.99486839400004, 27.478639859000054], [91.99292898200008, 27.476282682000033], [91.99070438500007, 27.47003840700006], [91.98534522700004, 27.46664659100003], [91.97365028600007, 27.466123355000036], [91.96886886000004, 27.46367869000005], [91.96534909700006, 27.46311249000007], [91.96125993000004, 27.460477225000034], [91.95465897800005, 27.460344993000035], [91.94959036000006, 27.460445269000047], [91.94390244400006, 27.460077054000067], [91.93439206800008, 27.465672056000074], [91.92846745800006, 27.468589551000036], [91.92004116000004, 27.47283258400006], [91.91246841400005, 27.471934885000053], [91.90624259900005, 27.471782933000043], [91.90174578800008, 27.471265067000047], [91.89451680700006, 27.471783467000023], [91.88553160800006, 27.47459622100007], [91.87808685500005, 27.472502486000053], [91.87378365100005, 27.47023208300004], [91.86960307300006, 27.473992698000075], [91.86714245900004, 27.480147247000048], [91.86162274700007, 27.48458628700007], [91.85532709200004, 27.481825127000036], [91.84991690400005, 27.486219095000024], [91.84699288200005, 27.483985783000037], [91.84491154400007, 27.480831971000043], [91.84086471500007, 27.475738616000058], [91.83478030400005, 27.471973037000055], [91.83010850300008, 27.469235861000072], [91.82628677600007, 27.46842822600007], [91.82182463800007, 27.47014302900004], [91.81280047200005, 27.474270019000073], [91.80369201900004, 27.473887640000044], [91.79584319300005, 27.471361153000032], [91.78555176700007, 27.469348404000073], [91.77773695700006, 27.46525125100004], [91.76711957700007, 27.46511795600003], [91.76627524500003, 27.471712031000038], [91.75139288500009, 27.475471612000035], [91.73314022800008, 27.46947347300005], [91.71502254000006, 27.489234098000054], [91.70787492000005, 27.498105001000056], [91.69689816000005, 27.50535], [91.68578496000003, 27.499140001000058], [91.655352, 27.484094971000047], [91.64784152400006, 27.49613636400005], [91.64117196800004, 27.504032489000053], [91.63334384700005, 27.510413007000068], [91.62368542800004, 27.512616982000054], [91.62173265900003, 27.522464051000043], [91.61435057600005, 27.531941200000063], [91.61308959700006, 27.54034115500008], [91.60182392200005, 27.54130362500007], [91.59347916000007, 27.54345501000006], [91.58614992000008, 27.554139], [91.58267592000004, 27.56648799000004], [91.57139784000003, 27.580050990000075], [91.56913704000004, 27.591425010000023], [91.58079708000008, 27.603559981000046], [91.57599, 27.617408010000077], [91.56413988000008, 27.629091991000053], [91.56552012000003, 27.643248991000064], [91.57258692000005, 27.659809980000034], [91.58692230300005, 27.666784590000077], [91.59341593400006, 27.669583325000076], [91.59463170800007, 27.673521699000048], [91.59859920000008, 27.680955631000074], [91.60500510300005, 27.684896839000032], [91.60693045600004, 27.689538562000052], [91.61044848500006, 27.691290781000077], [91.61398553800007, 27.69270325900004], [91.61811469000008, 27.693231436000076], [91.62028147700005, 27.694184118000067], [91.62290625800006, 27.695297677000042], [91.62608071200003, 27.697198805000028], [91.62890750200006, 27.69972472200004], [91.62945206600006, 27.705676684000025], [91.62793858100008, 27.713276491000045], [91.63003755500006, 27.71641873300007], [91.63212461400008, 27.71741352600003], [91.63282541400008, 27.720882466000035], [91.63454357700004, 27.724172632000034], [91.63701311700004, 27.729209257000036], [91.63826224200005, 27.734259034000047], [91.63659359800005, 27.739991334000024], [91.63830290300007, 27.750203181000074], [91.64308880200008, 27.757225384000037], [91.76560158800004, 27.761100959000032], [91.84880253700004, 27.760167503000048], [91.85328043600003, 27.754502252000066], [91.85512661200005, 27.751201927000068], [91.85911934500007, 27.746553980000044], [91.86103584700004, 27.73930705400005], [91.86190295800009, 27.735510152000074], [91.86832329200007, 27.731774564000034], [91.87126697100007, 27.72398367900007], [91.87701838800007, 27.72152415000005], [91.88556433900004, 27.721401451000077], [91.89781534300005, 27.726510279000024], [91.90331828300003, 27.728926065000053], [91.91135249300004, 27.725757126000076], [91.91572362900007, 27.721408310000072], [91.92395630200008, 27.716592412000068], [91.93005188500007, 27.721220214000027], [91.93442568900008, 27.723083873000064], [91.93913083500007, 27.726053341000068], [91.94428572300006, 27.727379391000056], [91.94545930800007, 27.729792462000034], [91.95077074700004, 27.732489013000077], [91.95340046400008, 27.73650402000004], [91.96384929600003, 27.738336012000048], [91.96745440800004, 27.74620446700004], [91.96900261100006, 27.75183332100005], [91.97293821400007, 27.754545025000027], [91.97587411200004, 27.75796218100004], [91.97721887300008, 27.76285010400005], [91.97863732600007, 27.771984349000036], [91.99286235700004, 27.781082670000046], [91.99947270700005, 27.779895321000026], [92.00412774300008, 27.782258479000063], [92.00958246600004, 27.78054448900008], [92.01301766900008, 27.780217334000042], [92.01661109000008, 27.777350042000023], [92.01859023600008, 27.77693951400005], [92.02090788900006, 27.77779877100005], [92.02514940000003, 27.777692312000056], [92.02712686100006, 27.777102015000025], [92.03333484400008, 27.777918123000063], [92.03847374000009, 27.776087914000072], [92.04154294400007, 27.777913217000048], [92.04638127000004, 27.78026782300003], [92.05533048700005, 27.779797892000033], [92.06239355900004, 27.789735764000056], [92.07076440900005, 27.790492431000075], [92.07905353400008, 27.793294332000073], [92.11199111300004, 27.804821154000024], [92.12334376800004, 27.813470764000044], [92.12889941400005, 27.818917825000028], [92.13194622900005, 27.82630940200005], [92.13495681400008, 27.82956224700007], [92.14168139400005, 27.833288181000057], [92.14508348000004, 27.834547092000037], [92.15126845400005, 27.831844268000054], [92.16102458900008, 27.831671570000026], [92.16939264000007, 27.837606410000035], [92.17958327700006, 27.84664529300005], [92.19142822100008, 27.85314936900005], [92.21627866600005, 27.87338584200006], [92.23567673000008, 27.883004285000027], [92.24982212900005, 27.883736872000043], [92.25683330400005, 27.881046300000037], [92.26649897700008, 27.88688348900007], [92.27182505800005, 27.884557956000037], [92.27682986200006, 27.88234905400003], [92.28082740400004, 27.880025570000043], [92.28523837000006, 27.876145251000025], [92.28785143300007, 27.874774012000046], [92.28985046800005, 27.873736029000042], [92.29339322400006, 27.87162003900005], [92.349498, 27.801925], [92.429625, 27.80277], [92.532988, 27.860366001000045], [92.651559, 27.91599], [92.720855, 27.999410001000058], [92.66658, 28.11364], [92.72590114100007, 28.159832064000057], [92.74371304600004, 28.159894413000075], [92.76299571400006, 28.16066641100008], [92.77142085900005, 28.166078567000056], [92.77341951700004, 28.172367653000038], [92.77360493700007, 28.18158309900008], [92.88735, 28.201564001000065], [92.972826, 28.269735], [93.088455, 28.329953], [93.14831283600006, 28.373796820000052], [93.15130981200008, 28.384375023000075], [93.16298738300009, 28.399994849000052], [93.17076802600008, 28.437709147000078], [93.18401021600005, 28.479514606000066], [93.19133714400004, 28.48639117700003], [93.19079611500007, 28.49105727400007], [93.19354782900007, 28.494198453000024], [93.19859851300004, 28.494745961000035], [93.20253410000004, 28.49685209100005], [93.27005644600007, 28.556137754000076], [93.39896443400005, 28.630621748000067], [93.44297424000007, 28.665569076000054], [93.46261160000006, 28.67034675900004], [93.49002594400008, 28.671641341000054], [93.52693975900007, 28.673220461000028], [93.56014706300004, 28.67560095300007], [93.58806181100005, 28.678652627000076], [93.61844148200004, 28.684374398000045], [93.689956, 28.676555], [93.796707, 28.735021], [93.912166, 28.773174], [94.018197, 28.82290800100003], [94.131708, 28.888905], [94.260509, 28.931677], [94.366375, 29.025931], [94.312377, 29.079058001000078], [94.326409, 29.152603001000045], [94.417373, 29.178948001000037], [94.505917, 29.226995], [94.58822, 29.269670001000065], [94.66283, 29.305015], [94.735697, 29.27591200100005], [94.80176513500004, 29.206785680000053], [94.84933986000004, 29.182637982000074], [94.933907, 29.159788], [95.01942516900004, 29.130342106000057], [94.997878, 29.172333], [95.097212, 29.142038], [95.16595619400005, 29.09814551000005], [95.25349300100004, 29.082558], [95.305626, 29.138365001000068], [95.418423, 29.165261001000033], [95.480509, 29.14109], [95.532287, 29.19476300100007], [95.57304178700008, 29.180644834000077], [95.58300416900005, 29.183176478000064], [95.596269, 29.223792], [95.716057, 29.21182500100008], [95.745678, 29.308271], [95.844533, 29.3204], [95.965675, 29.375780001000066], [96.101487, 29.360602], [96.14300809000008, 29.317142732000036], [96.16091293700003, 29.29431885300005], [96.17417383200006, 29.287078008000037], [96.18915662500007, 29.269915436000076], [96.21322707800005, 29.26555519900006], [96.23286427300008, 29.25409553700007], [96.25464541700006, 29.248147148000044], [96.26133877200004, 29.233476146000044], [96.26356951700006, 29.22333580700007], [96.27589177000004, 29.20991981900005], [96.29374610500008, 29.19813977800004], [96.30385673600006, 29.186111228000073], [96.29865738200004, 29.152889624000068], [96.26267113100005, 29.119298204000074], [96.20861354000004, 29.10817668100003], [96.20890311000005, 29.08106342800005], [96.18703378000004, 29.046483195000064], [96.21065547500007, 29.045996978000062], [96.23812731000004, 29.06975748800005], [96.24323301500004, 29.085819007000055], [96.25991654800004, 29.08696764900003], [96.27749081700006, 29.097804351000036], [96.29413137400007, 29.096615797000027], [96.30666089000005, 29.112772078000035], [96.33159291500004, 29.111526624000078], [96.33328366100005, 29.10377691000008], [96.33862507300006, 29.10022910200007], [96.34606363700004, 29.090746727000067], [96.35516160000003, 29.081808394000063], [96.36536863800006, 29.08089125400005], [96.36695392700005, 29.074298302000045], [96.36530848900009, 29.06808219900006], [96.36532120700008, 29.064456706000044], [96.36386484300004, 29.058616649000044], [96.36179756700005, 29.04989021700004], [96.36248415200004, 29.045048372000053], [96.36817247700009, 29.040023589000043], [96.37388586100008, 29.036198351000053], [96.37824291700008, 29.03369397000006], [96.38159475900005, 29.033100469000033], [96.38796759900004, 29.032977625000058], [96.39194056400004, 29.033003534000045], [96.39776076900006, 29.03151559500003], [96.40526602200003, 29.026613901000076], [96.41300350800003, 29.024473483000065], [96.41855542400003, 29.019999451000047], [96.42040158200007, 29.016844986000024], [96.42210231300004, 29.01539666700006], [96.42908707500004, 29.013218418000065], [96.43284924400007, 29.01014650700006], [96.43506986300008, 29.005943245000026], [96.43913778100006, 29.001428245000056], [96.44262836400009, 28.996349902000077], [96.44294594300004, 28.99125653300007], [96.44041036200008, 28.98804990900004], [96.43894102000007, 28.98347112400006], [96.43658963400009, 28.979191256000036], [96.43591070400004, 28.973577743000078], [96.43744180500005, 28.967794937000065], [96.43914237100006, 28.962292310000066], [96.44271421900004, 28.956466357000068], [96.44438099500007, 28.952430583000023], [96.44487317800008, 28.949822823000034], [96.44730771700006, 28.948570120000056], [96.44671556500003, 28.945037296000066], [96.44793291200006, 28.941285477000065], [96.45164954100005, 28.93846061100004], [96.45395375100009, 28.937291738000056], [96.45887438800008, 28.93639507900008], [96.46219036800005, 28.93489979000003], [96.46361304500005, 28.933777548000023], [96.46695466400007, 28.933006082000077], [96.46930279400004, 28.93610289800006], [96.47582262700007, 28.939032449000024], [96.47974428700007, 28.940537869000025], [96.48113889700005, 28.941541744000062], [96.48908655800005, 28.941655211000068], [96.49618265100008, 28.943512960000078], [96.50093614000008, 28.947750949000067], [96.50725035300007, 28.947476296000048], [96.51412768400007, 28.94486544600005], [96.51789434700004, 28.940940605000037], [96.52254627900004, 28.937588946000062], [96.52498199600007, 28.932565230000023], [96.52592497800003, 28.923632], [96.52864236600004, 28.916819805000046], [96.52454844100004, 28.913282311000046], [96.51971662800008, 28.91097021400003], [96.51673695100004, 28.907901112000047], [96.51819895600005, 28.90289478300008], [96.51841288400004, 28.89900613800006], [96.51893508900008, 28.89244293400003], [96.51958488500009, 28.88806928300005], [96.52200885500008, 28.886517971000046], [96.52496791000004, 28.882889120000073], [96.52508823100004, 28.877805352000053], [96.52362146200005, 28.874640639000063], [96.52162026100007, 28.87035006700006], [96.52265807200007, 28.864869673000044], [96.52322726200003, 28.862036330000024], [96.52892417700008, 28.860995315000025], [96.53270473400005, 28.85696174900005], [96.53502885000006, 28.85153486100006], [96.53944884300006, 28.849203173000035], [96.54640585200008, 28.848952324000038], [96.54926948600007, 28.85003666800003], [96.55121919000004, 28.847507046000032], [96.55303387900005, 28.84252789100003], [96.55532987400005, 28.83791386400003], [96.55983822400003, 28.832951637000065], [96.56379104900003, 28.82969987900003], [96.56702034700004, 28.826553285000045], [96.57027173200004, 28.823759323000047], [96.57510814100004, 28.821848415000034], [96.57928607000008, 28.81991104900004], [96.58233269800007, 28.819660653000028], [96.58530882700006, 28.820160744000077], [96.58730554200008, 28.819887350000045], [96.58890592600005, 28.819420799000056], [96.58905302300008, 28.81810502500008], [96.58504256800006, 28.814200046000053], [96.57802599800004, 28.804726835000054], [96.57813817600004, 28.79978735800006], [96.57680120100008, 28.797077836000028], [96.57372277200005, 28.792824021000058], [96.57312494300004, 28.785996990000058], [96.57413668000004, 28.782797664000043], [96.58047634700006, 28.779075513000066], [96.58747271500005, 28.78079520800003], [96.59437964100005, 28.781538714000078], [96.60092928500006, 28.781188100000065], [96.60297184200004, 28.777751756000043], [96.60447697600006, 28.767415162000077], [96.60841748900003, 28.753581762000067], [96.61155629900009, 28.748581974000047], [96.61349268600009, 28.74357506700005], [96.61688608100008, 28.739636304000044], [96.62086277200007, 28.737612047000027], [96.62413627000006, 28.735409410000045], [96.62622198600008, 28.734724603000075], [96.62766105800006, 28.734947686000055], [96.62996059300008, 28.73484407500007], [96.63113121500004, 28.72952325400007], [96.63158384500008, 28.716828994000025], [96.62942599900003, 28.71114292200008], [96.62909830900009, 28.707016854000074], [96.62984917700004, 28.700827239000034], [96.63358540500008, 28.69951794900004], [96.63798938500008, 28.69766813600006], [96.64199523500008, 28.693888784000023], [96.64628833500007, 28.69193676200007], [96.64523477400007, 28.688420052000026], [96.64391012400006, 28.68424992000007], [96.64149375800008, 28.680972946000054], [96.63934958300007, 28.679217206000033], [96.63582374800006, 28.67918314600007], [96.63230941300009, 28.67989701600004], [96.62819293100006, 28.676022975000024], [96.61915115200009, 28.675040205000073], [96.61477084300009, 28.675147792000075], [96.61151722100004, 28.67491717400003], [96.60863946100005, 28.675092241000073], [96.60267544800007, 28.673618759000078], [96.59860612500006, 28.677870041000062], [96.59641290700006, 28.679352391000066], [96.59209543400004, 28.682515288000047], [96.58571334300007, 28.68249682900006], [96.57818190600005, 28.683050603000027], [96.57573217900006, 28.687748284000065], [96.57049108300004, 28.69259637400006], [96.56500705000008, 28.69650187700006], [96.56163937600007, 28.697633566000036], [96.55918573600007, 28.691628956000045], [96.55705981000006, 28.687451061000047], [96.55518751900007, 28.685728262000055], [96.55397487200008, 28.686280441000065], [96.55163315900006, 28.686047478000035], [96.54885180300005, 28.68633562800005], [96.54620611300004, 28.687408412000025], [96.54348917100003, 28.684872832000053], [96.53813927300007, 28.67903631300004], [96.53844504100005, 28.67557880000004], [96.54095689800005, 28.672169944000075], [96.54256594000003, 28.669604493000065], [96.54435279300009, 28.668197728000052], [96.54428037700006, 28.66557264900007], [96.54465659200008, 28.66168517500006], [96.54212093200005, 28.660174341000072], [96.54275889500008, 28.65528377100003], [96.54305546100005, 28.65257946500003], [96.54287427200006, 28.650738829000034], [96.54075754600007, 28.650482028000056], [96.53737729500006, 28.649929043000043], [96.53528169800006, 28.649996645000044], [96.53413212800007, 28.649776434000046], [96.53003448600003, 28.647370349000028], [96.52574039600006, 28.64335541300005], [96.52611033500006, 28.640019769000048], [96.52754481600005, 28.63825491600005], [96.52693248800006, 28.63544326400006], [96.52737155600005, 28.631262724000067], [96.52604503800006, 28.62591640100004], [96.52801095100006, 28.623005078000062], [96.52752374400006, 28.619179022000026], [96.52186894300007, 28.616699423000057], [96.51894730100008, 28.61661874300006], [96.51446470400003, 28.614379480000025], [96.51177854200006, 28.612261335000028], [96.51074437600005, 28.61059018700007], [96.51127023800007, 28.607158999000035], [96.51263094800004, 28.605603029000065], [96.51247602400008, 28.604325661000075], [96.51288986100008, 28.602595036000025], [96.51452981000006, 28.60075352000007], [96.51708135400008, 28.59570468000004], [96.51737775300006, 28.58966483200004], [96.51466847300009, 28.584002345000044], [96.51143587800004, 28.582101889000057], [96.50873417000008, 28.582021717000032], [96.50663509600008, 28.58085260200005], [96.50401848300004, 28.581346176000068], [96.50164334200008, 28.582776073000048], [96.49971178200008, 28.584115243000042], [96.49837859600007, 28.584454794000067], [96.49688892900008, 28.584502486000076], [96.49516850400005, 28.584979128000043], [96.49308424600008, 28.584387184000036], [96.49163026400004, 28.58421388900007], [96.49006027500008, 28.58423063400005], [96.48795529400007, 28.582386838000048], [96.48665157500005, 28.579560956000023], [96.48383179700005, 28.57598046800007], [96.47753672700009, 28.573937415000046], [96.47554706500006, 28.571730923000075], [96.47895730700009, 28.56623862300006], [96.46663414300008, 28.547646901000064], [96.46596662200005, 28.538468825000052], [96.44979062200008, 28.521292112000026], [96.41970497300008, 28.523106839000036], [96.40802812900006, 28.517718941000055], [96.40645336900008, 28.505854386000067], [96.44921474800003, 28.48887706200003], [96.47146618800008, 28.49486080500003], [96.47976239700006, 28.478558087000067], [96.48881898800005, 28.46319922400005], [96.49176720700007, 28.43201495200003], [96.50467715800005, 28.438538739000023], [96.50983323600008, 28.464994039000032], [96.50518688800008, 28.48817967900004], [96.50624131300003, 28.504652160000035], [96.50599379300007, 28.521803094000063], [96.49279887200004, 28.541011558000037], [96.51008158600007, 28.550730658000077], [96.51637263100008, 28.555249333000063], [96.52584528500006, 28.557785263000028], [96.53375120200008, 28.560374635000073], [96.54151070800003, 28.56070059700005], [96.54890489800005, 28.561554018000038], [96.55565143800004, 28.575106892000065], [96.57256551600005, 28.587042651000047], [96.59232108000003, 28.59876091500007], [96.59909895100009, 28.609880256000054], [96.62060963600004, 28.620761223000045], [96.63225003900004, 28.622401139000033], [96.63730778100006, 28.620197001000065], [96.64207119000008, 28.619171841000025], [96.64571269300006, 28.61936993100005], [96.65044159200005, 28.61697819500006], [96.65106724200007, 28.61318105600003], [96.65566842400005, 28.61140614900006], [96.65990711700005, 28.608150004000038], [96.66335307300005, 28.60287371800007], [96.66648712200004, 28.599962996000045], [96.67092431100008, 28.598411397000064], [96.67535809100008, 28.59611351700005], [96.67898862100009, 28.593480640000053], [96.68639884600003, 28.59035020600004], [96.69628454600007, 28.59419635200004], [96.70658246200009, 28.603309895000052], [96.71112453400008, 28.611166921000063], [96.71770049500003, 28.60712579400007], [96.71815786400003, 28.598334548000025], [96.71797937200006, 28.590132107000045], [96.72088972500006, 28.58323227900007], [96.72289201400008, 28.578644052000072], [96.72559328900007, 28.577670512000054], [96.73034774000007, 28.576121389000036], [96.73700466300005, 28.575209528000073], [96.74435967000005, 28.57163762600004], [96.75191362300006, 28.564460718000078], [96.75775481800008, 28.556316108000033], [96.76095569700004, 28.55389279600007], [96.76150233500005, 28.55202179300005], [96.75690567200007, 28.54650694600008], [96.75165020700007, 28.542407195000067], [96.75199879900003, 28.53700791800003], [96.75443032000004, 28.528241984000033], [96.75741987700007, 28.52535299300007], [96.75952029300004, 28.51998099700006], [96.76267212900007, 28.517542757000058], [96.76668584500004, 28.51645721400007], [96.77054696700009, 28.514638153000078], [96.77872552800005, 28.512769001000038], [96.79204020700007, 28.507038627000043], [96.81536621500004, 28.503396888000054], [96.83434622200008, 28.494957170000077], [96.86061133600003, 28.48304571700004], [96.86174770600007, 28.46395440400005], [96.86452110200008, 28.450020790000053], [96.87994030800007, 28.43429945300005], [96.89079694200007, 28.420472506000067], [96.88772080900009, 28.40859365500006], [96.88646888400007, 28.395262328000058], [96.89347912800008, 28.384797071000037], [96.90309939000008, 28.378701109000076], [96.91067331800008, 28.37157585700004], [96.91564855800004, 28.366153591000057], [96.92291664700008, 28.362811289000035], [96.92407404000005, 28.35504807700005], [96.93818978400009, 28.348986488000037], [96.94712699000007, 28.348491913000032], [96.95336222200007, 28.345587307000073], [96.97151124100009, 28.334032439000055], [96.98492180000005, 28.328136484000026], [97.00249512400006, 28.32586897500005], [97.03451127400007, 28.337176268000064], [97.05072405400006, 28.353333115000055], [97.07049901000005, 28.365252224000074], [97.09041681600007, 28.368505414000026], [97.09949579500005, 28.365100733000077], [97.11316573200008, 28.364217962000055], [97.12457244100005, 28.362224174000062], [97.12749318700008, 28.361187448000067], [97.14212569600005, 28.35042260700004], [97.14949126300007, 28.34349572600007], [97.15510595000006, 28.33673289400008], [97.16750212200009, 28.32968741600007], [97.17710739700004, 28.333763445000045], [97.18520343200004, 28.32517317500003], [97.19730505100006, 28.314092495000068], [97.20082573200006, 28.309028268000077], [97.20161150600006, 28.306201659000067], [97.20412933600005, 28.30413450700007], [97.20629454100003, 28.30265580100007], [97.20823392500006, 28.30229025500006], [97.20966280800008, 28.304555505000053], [97.21411658200003, 28.304832548000036], [97.21833344200007, 28.30202087200007], [97.22243519900007, 28.30078776000005], [97.22603120000008, 28.300368010000057], [97.22745122500004, 28.298735279000027], [97.22999127800006, 28.298493852000036], [97.23160523200005, 28.295601932000068], [97.23377306500004, 28.294953562000046], [97.23566005300006, 28.295108253000024], [97.23715785700006, 28.293692306000025], [97.23680141700004, 28.291194064000024], [97.23679234700006, 28.289399273000072], [97.23535127300005, 28.287365212000054], [97.23680663400006, 28.284485806000077], [97.23720607300004, 28.279619942000068], [97.23801050300005, 28.276085730000034], [97.24207540200007, 28.272482670000045], [97.24338704500008, 28.26930350600003], [97.24296148700006, 28.265427653000074], [97.24548613100006, 28.264509145000034], [97.24764868400007, 28.26470325500003], [97.24967789300007, 28.263547652000057], [97.25222031300007, 28.26313142600003], [97.25403221700003, 28.26335177900006], [97.25561198800006, 28.263636662000067], [97.25720936800008, 28.26402657400007], [97.25794188500004, 28.264297578000026], [97.25889001500008, 28.26478442800004], [97.26242854900005, 28.264418609000074], [97.26453720800004, 28.263817869000036], [97.26599466900007, 28.26075762000005], [97.26810309100006, 28.25739558600003], [97.26799416400007, 28.25472453200007], [97.26836709100007, 28.25156000100003], [97.26835768600006, 28.250310166000077], [97.26908189100004, 28.249052062000032], [97.26953692700005, 28.24736213700004], [97.27017145800005, 28.24494967800007], [97.27179922500005, 28.243773060000024], [97.27544912900004, 28.243245804000026], [97.27830631800003, 28.24429814800004], [97.28111909700004, 28.244986237000035], [97.28101510400006, 28.24031782700007], [97.28327856600004, 28.233302614000024], [97.28801485200006, 28.23203267400004], [97.29383911100007, 28.23324942100004], [97.29827387000006, 28.23274202600004], [97.29964551100005, 28.229367121000053], [97.30350181700004, 28.228239948000066], [97.30667841000007, 28.226672995000058], [97.30936722100006, 28.22538727500006], [97.31265501600006, 28.223126045000072], [97.31665204800004, 28.22138609500007], [97.32337106800009, 28.219517790000054], [97.32816690800007, 28.21508988200003], [97.33333283300004, 28.214185087000033], [97.33754300200007, 28.214843134000034], [97.34016765800004, 28.214301851000073], [97.34284587900004, 28.21447303700006], [97.34607692600008, 28.21047731400006], [97.35360260900006, 28.17669533700007], [97.32510448300008, 28.13842737400006], [97.32319690700007, 28.10103633500006], [97.35856837000006, 28.056141104000062], [97.37535713000005, 27.978111745000035], [97.31938023400005, 27.89060196400004], [97.26427846400009, 27.905607899000074], [97.20844442500004, 27.86061638700005], [97.18411913800009, 27.83246841700003], [97.16277842800008, 27.814779765000026], [97.13136480300005, 27.794666242000062], [97.11126257900008, 27.77738574600005], [97.09224379700004, 27.742635661000065], [97.06967939300006, 27.741294622000055], [97.03831621900008, 27.748727909000024], [97.01930429500004, 27.73954827700004], [97.00842303700006, 27.710270970000067], [96.98666650700005, 27.68646916600005], [96.96627872300007, 27.66258990600005], [96.93245650800009, 27.65191737300006], [96.91150474600005, 27.62575502100003], [96.89114864000004, 27.602971945000036], [96.90919697300006, 27.576364342000034], [96.90668564200007, 27.544315204000043], [96.93032104600007, 27.508008861000064], [96.91029174100004, 27.481532447000063], [96.90631142100005, 27.44967437400004], [96.93357396400006, 27.426458481000054], [96.95187739300007, 27.406947926000043], [96.96754955200004, 27.380577076000066], [96.98100106700008, 27.345833035000055], [97.00187336100004, 27.316515552000055], [97.02809067200008, 27.30848420500007], [97.04304269000005, 27.281249495000054], [97.06177525300006, 27.260984996000047], [97.09038711100004, 27.23126755800007], [97.11335835600005, 27.195225418000064], [97.13629592000007, 27.165456642000038], [97.15560263500004, 27.148232612000072], [97.14908426400007, 27.116329052000026], [97.12686461100009, 27.095750148000036], [97.09505282800006, 27.10325950200007], [97.07272484900005, 27.091294580000067], [97.05024513300003, 27.10650992400008], [97.03409919600006, 27.126699389000066], [97.00725821600008, 27.140323805000037], [96.97424542200008, 27.15664617300007], [96.94803851400007, 27.163588031000074], [96.91834657200008, 27.16563498100004], [96.87422769100004, 27.18062829400003], [96.85678514600005, 27.211246162000066], [96.88491485500003, 27.22632885300004], [96.88676657200006, 27.245593566000025], [96.87031200300004, 27.259345301000053], [96.84845947400004, 27.27554783100004], [96.83442308900004, 27.303225962000056], [96.80399390300005, 27.333529568000074], [96.78185689600008, 27.350386034000053], [96.75131887900005, 27.35264251500007], [96.73245452100008, 27.359130010000058], [96.71255855400005, 27.369007268000075], [96.69701584300003, 27.35772846100008], [96.67122866600005, 27.35848797700004], [96.64609337200005, 27.35944580000006], [96.61919173800004, 27.366480488000036], [96.59980374500003, 27.355589646000055], [96.59488241400004, 27.34177917100004], [96.57861773800005, 27.329207973000052], [96.56035270800004, 27.318506417000037], [96.54639710400005, 27.310960573000045], [96.53117040200004, 27.29604401000006], [96.52067992600007, 27.28652898300004], [96.50995969100006, 27.296394306000025], [96.48901418400004, 27.299038177000057], [96.46556476300003, 27.30321904500005], [96.44170205400007, 27.305302806000043], [96.41213939000005, 27.29169039100003], [96.39820111000006, 27.290009980000036], [96.37412337700005, 27.28543678500006], [96.35081383300007, 27.293409351000037], [96.33073688800005, 27.289362482000058], [96.30618213900004, 27.294146632000036], [96.27453103300007, 27.27785520900005], [96.25210317500006, 27.272963961000073], [96.21620818700006, 27.267529257000035], [96.19390941200004, 27.261496217000058], [96.16201423000007, 27.24801337100007], [96.13401934400008, 27.239714983000056], [96.08991019900009, 27.223237065000035], [96.05925425100008, 27.20191189700006], [96.02975253300008, 27.18407067700008], [96.01588039900008, 27.157307306000064], [96.00100973400004, 27.135422624000057], [95.98467624900007, 27.11235533400003], [95.96408805200008, 27.08899312400007], [95.94883306300005, 27.057813630000055], [95.92533416800006, 27.04425095000005], [95.89833404800004, 27.03073444100005], [95.87656572400005, 27.018360089000055], [95.84178521900009, 27.013796090000028], [95.81201908800006, 27.014511484000025], [95.79000462500005, 26.993687589000047], [95.76797589000006, 26.976454818000036], [95.75523562900008, 26.953950147000057], [95.75538382400003, 26.93046113200006], [95.74648060500004, 26.915480783000078], [95.74286897600007, 26.896177168000065], [95.72414279000009, 26.882207106000067], [95.69643733400005, 26.890061049000053], [95.66415531200005, 26.89924417000003], [95.63863989200007, 26.876496142000065], [95.62673122200005, 26.847843307000062], [95.60964329600006, 26.81679246300007], [95.57980950600006, 26.81679960400004], [95.55078680500009, 26.832120306000036], [95.52622253600003, 26.823722619000023], [95.50397463400009, 26.79524362500007], [95.48950806400006, 26.76414438000006], [95.46826074400008, 26.74328622300004], [95.43224585000007, 26.715231578000044], [95.41361823700004, 26.693354103000047], [95.38836089600005, 26.685111695000046], [95.35211650300005, 26.671886033000078], [95.32667814800004, 26.66578320700006], [95.30339233400008, 26.650843802000054], [95.27314949400005, 26.658429539000053], [95.25414573700004, 26.67902310200003], [95.22835181400006, 26.673084861000063], [95.20683889900005, 26.647497610000073], [95.18103530200005, 26.64297519200005], [95.16405130800007, 26.62231783900006], [95.14765104600008, 26.601611906000073], [95.15094271700008, 26.580444056000033], [95.13929304600003, 26.556116084000053], [95.11402424200008, 26.547306770000034], [95.11429782100004, 26.527066613000045], [95.09978259900004, 26.504287685000065], [95.08280380600007, 26.483660506000035], [95.07151715800006, 26.463937799000064], [95.06675046800007, 26.441571942000053], [95.08685507900003, 26.44172296200003], [95.10297152100009, 26.421874226000057], [95.10240128900006, 26.394287897000027], [95.12814957900008, 26.38598258500008], [95.12638151800007, 26.362541828000076], [95.12604035200008, 26.342423783000072], [95.12515846700006, 26.317484996000076], [95.12648331400004, 26.290597727000034], [95.11957795600006, 26.263243647000024], [95.11819578300003, 26.238895124000067], [95.14253367500004, 26.211553251000055], [95.12377432600005, 26.179797767000025], [95.11940753100004, 26.152795895000054], [95.12523609800007, 26.13256310500003], [95.11618294600004, 26.106837833000043], [95.14508127300007, 26.091184369000075], [95.16704132200005, 26.089796199000034], [95.18565715800008, 26.073736059000055], [95.16304736800004, 26.04682510600003], [95.14516464500008, 26.01458430200006], [95.12668453700007, 25.989749327000027], [95.10542960800007, 25.97009441700004], [95.06458542800004, 25.942505522000033], [95.03417589500003, 25.92867706900006], [95.01925251200004, 25.905752074000077], [95.01169986300005, 25.876497956000037], [95.02933243100006, 25.840266480000025], [95.04447009300009, 25.804388818000064], [95.04719580000005, 25.762007012000026], [95.02279856800004, 25.73148448200004], [94.99092705600003, 25.716402925000068], [94.98173023400005, 25.700523006000026], [94.96389868700004, 25.68580374100003], [94.94994972700005, 25.673147175000054], [94.93423829700004, 25.66439071700006], [94.92744827500007, 25.652273815000058], [94.92178384600004, 25.635111876000053], [94.91630673200007, 25.617696095000042], [94.90805428800007, 25.602017617000058], [94.89698314500004, 25.596523871000045], [94.88185007500005, 25.590757275000044], [94.89099746200009, 25.578285479000044], [94.89264630600007, 25.565831917000025], [94.88036079700004, 25.562773992000075], [94.86126356200003, 25.56434008900004], [94.84691923200006, 25.562171332000048], [94.82911693700004, 25.543711640000026], [94.82399793500008, 25.527889767000033], [94.81148696200006, 25.50938272700006], [94.78613546200006, 25.48714436100005], [94.75878240600008, 25.489449750000063], [94.74202884700009, 25.480304285000045], [94.72121786300005, 25.472502555000062], [94.71001585200008, 25.47141293800007], [94.68908394600004, 25.465682360000073], [94.68100509800007, 25.456681067000034], [94.67137582300006, 25.441153065000037], [94.67220810400005, 25.423125508000055], [94.66392285000006, 25.41187633100003], [94.65658033200003, 25.40439843000007], [94.64513600100008, 25.401434712000025], [94.63227947700005, 25.388335246000054], [94.63396670000009, 25.371339917000057], [94.63451253100004, 25.35856370500005], [94.62938635400008, 25.348845165000057], [94.61942640500007, 25.33298540800007], [94.61237977000008, 25.32166038300005], [94.60541584200007, 25.30724645500004], [94.59996671000005, 25.296141791000025], [94.58903469200004, 25.274204977000068], [94.58948163800005, 25.255355974000054], [94.58273746700007, 25.225774449000028], [94.58901078000008, 25.20179491600004], [94.61573707800005, 25.18485751000003], [94.65311188600003, 25.16542974300006], [94.68791149600008, 25.156379211000058], [94.71535720200006, 25.138002292000067], [94.74082040500008, 25.125326666000035], [94.74033583100004, 25.091568352000024], [94.74211445300006, 25.052231627000026], [94.73747519500006, 25.026722867000046], [94.72068149300009, 24.99572156200003], [94.69634850000006, 24.96826069900004], [94.71302624100008, 24.933638200000075], [94.69005337900006, 24.899716676000025], [94.66228496400004, 24.871325847000037], [94.64223899800004, 24.848339616000032], [94.63200371300007, 24.830744105000065], [94.62559373700003, 24.79928377500005], [94.62463297600004, 24.768231134000075], [94.62580951600006, 24.75222253000004], [94.61245957800008, 24.73997911400005], [94.60677976400007, 24.723129108000023], [94.58554420900003, 24.70594172400007], [94.57946202000005, 24.71622453200007], [94.57959406600008, 24.723327399000027], [94.47568231500009, 24.58062172700005], [94.46753172600006, 24.57186417500003], [94.41216612800008, 24.481821232000073], [94.30238406000007, 24.23610181300006], [94.29399487400008, 24.235285442000077], [94.23763061300008, 24.051558405000037], [94.23416163400003, 24.053832812000053], [94.23320609200005, 24.056477786000073], [94.18944481600005, 23.933272344000045], [94.18694687300007, 23.930105583000056], [94.18320362200006, 23.929765544000077], [94.17781358400003, 23.92598981200007], [94.17091769800004, 23.92705830500006], [94.15442325200007, 23.847022480000078], [94.15261020300005, 23.848870127000055], [94.14249178800009, 23.846225314000037], [94.14050974100007, 23.835390603000064], [94.13087033500005, 23.833814802000063], [94.12519907600006, 23.83448912500006], [94.12073625800008, 23.836345123000058], [94.11773367800004, 23.84209635800005], [94.11365968700005, 23.844459649000044], [94.112251, 23.85047023000004], [94.11064903800008, 23.85356167300006], [94.11216629900008, 23.859860197000046], [94.10842087200007, 23.86533500400003], [94.10584751000005, 23.869619336000028], [94.10460586500005, 23.874227904000065], [94.10175563400009, 23.878698118000045], [94.10218722500008, 23.881803991000027], [94.09828575300008, 23.882993187000068], [94.09606395700007, 23.88918801400007], [94.09020779000008, 23.88681168900007], [94.08541679700005, 23.88698263400005], [94.08110189300004, 23.882624132000046], [94.07435631100003, 23.883603102000052], [94.06922974400004, 23.88757773900005], [94.06649271900005, 23.889293353000028], [94.05910425000008, 23.888342269000077], [94.05263899100004, 23.887777829000072], [94.04904730500004, 23.890246715000046], [94.04517260500006, 23.895422578000023], [94.04212833400004, 23.900047700000073], [94.04088088400005, 23.903704083000036], [94.03806505800009, 23.912564659000054], [94.02794831700004, 23.91506372400005], [94.02395244000007, 23.919629248000035], [94.01926756900008, 23.925544959000035], [94.00737794500009, 23.924316584000053], [93.99300485600008, 23.925897490000068], [93.97391180200003, 23.92591063100008], [93.95593549100005, 23.931741617000057], [93.94318294500005, 23.94621198400006], [93.91908446500008, 23.95147434000006], [93.89369860400006, 23.952983998000036], [93.87333528200008, 23.941397978000055], [93.84133160900006, 23.931755570000064], [93.82209826900004, 23.924321891000034], [93.80275533700006, 23.929773398000066], [93.79704655200004, 23.94784012100007], [93.78050865300008, 23.96221078800005], [93.77329695400005, 23.969853370000067], [93.76902703800005, 23.980129110000064], [93.76374607600007, 23.99051937100006], [93.76148194200005, 23.99961487300004], [93.75521670500007, 24.004429998000035], [93.74977634900006, 24.004249568000034], [93.74095663200006, 23.997157980000054], [93.73514877200006, 23.999680257000023], [93.71472017200006, 24.001273431000072], [93.68467699300004, 24.007127957000023], [93.66018488800006, 24.002803373000063], [93.64372484300009, 24.009346443000027], [93.61613006900006, 24.005341041000065], [93.61361612300004, 23.993716977000076], [93.61181586200007, 23.98854326600008], [93.60891002200003, 23.977193742000054], [93.60815697800007, 23.971612539000034], [93.59924092200004, 23.97264916900008], [93.59753762800005, 23.969609211000034], [93.59312812200005, 23.963330392000046], [93.59185467200007, 23.961184051000032], [93.58397161000005, 23.96142782100003], [93.57670053200007, 23.966452375000074], [93.57393280000008, 23.968019971000047], [93.57157354000003, 23.970023195000067], [93.57097994000009, 23.974844762000032], [93.56785689000009, 23.978397809000057], [93.56416743400007, 23.979669940000065], [93.55992648500006, 23.98205538900004], [93.55649441800006, 23.97814321000004], [93.55454101500004, 23.97179103800005], [93.55306648200008, 23.96612564700007], [93.55185280300003, 23.963431710000066], [93.55032609900007, 23.961565207000035], [93.54498700600004, 23.958522076000065], [93.53214973000007, 23.95709750700007], [93.52513290200005, 23.956115774000068], [93.51479944500005, 23.94276536800004], [93.50388971100006, 23.943011194000064], [93.50068068000007, 23.944677613000067], [93.49277499900006, 23.951150037000048], [93.48591223100004, 23.957234182000036], [93.47706678600008, 23.961660565000045], [93.46890706500005, 23.969400163000046], [93.46166409200003, 23.97606587100006], [93.46339381500007, 23.989833462000036], [93.45272482400009, 24.000716269000065], [93.44767886400007, 24.014637481000022], [93.43854162500008, 24.01619603100005], [93.43301811400005, 24.027814944000056], [93.43078779800004, 24.030656039000064], [93.42975988900008, 24.03480923400008], [93.42845666800008, 24.037188419000074], [93.42756902400004, 24.04196162900007], [93.42620576900003, 24.044516174000023], [93.42494044600005, 24.04709803800006], [93.42470338400005, 24.054109140000037], [93.42140087100006, 24.064196653000067], [93.41913114500005, 24.066857982000045], [93.41673976000004, 24.06996484800004], [93.41434761000005, 24.073263418000067], [93.41103296300008, 24.074408901000027], [93.40941307600008, 24.07716943300005], [93.40667053800007, 24.079694860000075], [93.40273103800007, 24.081343981000032], [93.39834411500004, 24.08533352200004], [93.39111486500008, 24.082804422000038], [93.38400545400003, 24.086991401000034], [93.38003693000007, 24.08766051400005], [93.37566343000003, 24.089500502000078], [93.36713038300007, 24.090272712000058], [93.36156576400003, 24.091930476000073], [93.35857201100004, 24.094101756000043], [93.35411204000008, 24.09682279200007], [93.34842268900007, 24.09898351700008], [93.34992217300004, 24.101930125000024], [93.34702059500006, 24.103094319000036], [93.34332378300007, 24.097044883000024], [93.34918674200009, 24.095428060000074], [93.35270866600007, 24.090451078000058], [93.34638693700003, 24.090623993000065], [93.33172712700008, 24.086342321000075], [93.32862344200004, 24.08121867400007], [93.33071479100005, 24.07317948900004], [93.33320269600006, 24.070260973000075], [93.33626942300003, 24.06342428100004], [93.33587545100005, 24.059368017000054], [93.32852801500007, 24.053854169000033], [93.32658688400005, 24.04577615100004], [93.33362143400007, 24.04071510700004], [93.33598953300003, 24.038960083000063], [93.33508243600005, 24.035874834000026], [93.32599447800004, 24.02965149700003], [93.33081139900008, 24.027264976000026], [93.33780956300006, 24.024952297000027], [93.33457339100005, 24.01922200100006], [93.33009189000006, 24.018235117000074], [93.33307224600009, 24.01203061900003], [93.33457075200005, 23.99373021200006], [93.33299233200006, 23.980699259000062], [93.34092667300007, 23.974764889000028], [93.35093379200003, 23.96190941800006], [93.34903324400005, 23.94877305600005], [93.35186074000006, 23.941285967000056], [93.36031166200007, 23.940519967000057], [93.37382631200006, 23.932510754000077], [93.39181378800004, 23.929199668000024], [93.39295005500009, 23.917096], [93.39165388300006, 23.907921919000046], [93.38951159400006, 23.892080753000073], [93.38579737300006, 23.87110467100007], [93.38658396000005, 23.857140102000074], [93.38866388300005, 23.837963396000077], [93.39261450800007, 23.823899148000066], [93.39839956400004, 23.815021529000035], [93.40245897500006, 23.795337649000032], [93.39453590100004, 23.77465939900003], [93.39241475800009, 23.76022217800005], [93.39629313600005, 23.749186227000052], [93.40569298900004, 23.736499880000054], [93.41084662300005, 23.719633327000054], [93.40657650100007, 23.71521533200007], [93.40897929300007, 23.706931306000058], [93.41701196400004, 23.702450630000044], [93.42568233700007, 23.689434771000037], [93.43623693300003, 23.68064408500004], [93.42586009200005, 23.662647478000054], [93.41970923900004, 23.650607425000032], [93.41659291400003, 23.641054610000026], [93.42409833400006, 23.62936727700003], [93.42078161100005, 23.62006976400005], [93.42155018700004, 23.60641528700006], [93.42389756300008, 23.600918069000045], [93.42793583500008, 23.58924974100006], [93.41671633000004, 23.569316898000068], [93.41168283600007, 23.561639883000055], [93.41654332500008, 23.54326775900006], [93.40766653800006, 23.51687471400004], [93.39656045100008, 23.507439084000055], [93.39369637900006, 23.486707257000035], [93.39828441100008, 23.474552807000066], [93.39342524600005, 23.460769755000058], [93.39337352200005, 23.44958123200007], [93.39047337200003, 23.441557370000055], [93.39020596000006, 23.41901711400004], [93.39791701200005, 23.396261132000063], [93.39603886400005, 23.382941257000027], [93.39112496100006, 23.369746890000044], [93.38378387800003, 23.361951298000065], [93.36731697000005, 23.356966405000037], [93.36149618700006, 23.337624085000073], [93.36723290100008, 23.319479209000065], [93.36493738300004, 23.31151172500006], [93.36696092800008, 23.296838123000043], [93.36265112700005, 23.278618879000078], [93.37227044800005, 23.261968989000025], [93.37593880600008, 23.247858197000028], [93.38452477400006, 23.221600554000076], [93.37474764300003, 23.204546164000078], [93.37749035100006, 23.182224795000025], [93.37138824500005, 23.158625140000026], [93.37212421100008, 23.14105925700005], [93.38315201000006, 23.13289648600005], [93.36751999900008, 23.122906705000048], [93.35698289200008, 23.10850251100004], [93.34592825000004, 23.093489779000038], [93.34251083600003, 23.079839583000023], [93.35157370000007, 23.072596958000076], [93.34302963000005, 23.05920045000005], [93.33339359300004, 23.050263796000024], [93.32097183000008, 23.03702859200007], [93.31371156100005, 23.02177546400003], [93.29300792800007, 23.006536295000046], [93.27235679600005, 23.01004499000004], [93.23801655700004, 23.009629331000042], [93.22448105200004, 23.023631564000027], [93.21303924400007, 23.03610616900005], [93.19900505000004, 23.054608724000047], [93.17844628100005, 23.055522343000064], [93.15241682300007, 23.045076350000045], [93.13948977100006, 23.059799077000037], [93.12542640800007, 23.037957153000036], [93.12016483100007, 23.001910899000052], [93.13696653900007, 22.991881827000043], [93.14100866400008, 22.971417104000068], [93.14036396900008, 22.955201028000033], [93.14667073900006, 22.927660976000027], [93.16363392500006, 22.909936112000025], [93.12905605700007, 22.90316525000003], [93.12705035700009, 22.874817978000067], [93.11771176700006, 22.842976874000044], [93.10308954600004, 22.82405150200003], [93.09494321900007, 22.807743250000044], [93.09606500900009, 22.783416515000056], [93.10678299600005, 22.746802857000034], [93.09638098000005, 22.715899311000044], [93.09884493600003, 22.693234172000075], [93.10010449500004, 22.680869804000054], [93.10119149400003, 22.661568169000077], [93.10943424400006, 22.63513376000003], [93.12846987000006, 22.616058972000076], [93.14015578300007, 22.592715179000038], [93.11951915300006, 22.56471267300003], [93.11130854200007, 22.535537926000075], [93.12138755500007, 22.525358949000065], [93.12797206900007, 22.499645873000077], [93.13228606500007, 22.47658857500005], [93.15152219200007, 22.454232725000054], [93.17806152800006, 22.435192624000024], [93.18177302600009, 22.41993595200006], [93.18173409400003, 22.395330990000048], [93.18537699600006, 22.379726153000036], [93.18741126400005, 22.35600703500006], [93.19656376400008, 22.328971774000024], [93.19573858800004, 22.314404316000036], [93.19175344400008, 22.302310575000035], [93.19695208900004, 22.291274973000043], [93.20102208400004, 22.26657414400006], [93.19225507700008, 22.25417958500003], [93.16951046700007, 22.246640011000068], [93.14882900500004, 22.249864975000037], [93.13943114700004, 22.235462062000067], [93.15033730100004, 22.21491356200005], [93.15893869800004, 22.19069068500005], [93.15175188800004, 22.177067573000045], [93.13559877700004, 22.17459627200003], [93.12059538200003, 22.18258878100005], [93.11253704700005, 22.199499201000037], [93.09475431700008, 22.198265261000074], [93.07117174300004, 22.204100925000034], [93.05647539000006, 22.201514191000058], [93.04282475300005, 22.200119267000048], [93.04016674100006, 22.191617570000062], [93.04863244400008, 22.173853154000028], [93.04206645000005, 22.158799938000072], [93.03741955700008, 22.144095700000037], [93.04055059200005, 22.140203203000056], [93.04745092500008, 22.13188419100004], [93.05635053800006, 22.116823165000028], [93.05821763800003, 22.101053699000033], [93.04642069800008, 22.09913392900006], [93.02989284000006, 22.10141880900005], [93.01034217900008, 22.10455494300004], [93.00999377200009, 22.093541827000024], [93.00501859200006, 22.07612604600007], [93.00149315800007, 22.065344843000048], [92.99581765400006, 22.045782744000064], [92.99568965500004, 22.029412600000057], [93.00211482300006, 22.00736175700007], [92.98241190800007, 21.980534205000026], [92.97814939400007, 21.99778450100007], [92.97034095700008, 22.00704784000004], [92.96406685200003, 22.013803264000046], [92.96226417100007, 22.01936091500005], [92.95475688900007, 22.029619396000044], [92.94508622300003, 22.021693550000066], [92.94018212200007, 22.014335489000075], [92.92663699300005, 22.01540300100004], [92.93442282000007, 22.007727181000064], [92.92770917900003, 21.995927640000048], [92.92072759500007, 21.989691459000028], [92.91933139000008, 21.98210887500005], [92.91445740300009, 21.97617685800003], [92.91238076600007, 21.965585348000047], [92.91100327800007, 21.950516407000066], [92.90680935600005, 21.942063193000024], [92.90196993300003, 21.952356405000046], [92.90016400600007, 21.95974123600007], [92.89963587600005, 21.968123081000044], [92.89823940800005, 21.979307418000076], [92.89540130800003, 21.991223775000037], [92.89382312000004, 22.004309310000053], [92.88778256500007, 22.013114779000034], [92.87863239900008, 22.022460549000073], [92.86335074900006, 22.030304081000054], [92.86448339400005, 22.042476195000063], [92.86442118200006, 22.053194934000032], [92.86117233000004, 22.063169170000037], [92.85343821100008, 22.06635477900005], [92.84419328700005, 22.06056387600006], [92.83832471200003, 22.066698186000053], [92.83203792200004, 22.073321587000066], [92.81690338300007, 22.07857821300007], [92.81187433300005, 22.093050342000026], [92.80261317900005, 22.096342592000042], [92.79234450500007, 22.100818806000063], [92.78746874500007, 22.105252748000055], [92.77603687700008, 22.107525948000045], [92.77031833500007, 22.111449380000067], [92.76601903700004, 22.11881190300005], [92.76391956100008, 22.120875045000048], [92.75786033800006, 22.12584934800003], [92.74697611500005, 22.128482769000072], [92.74097751400006, 22.132364936000045], [92.73310219100006, 22.138411387000076], [92.72805930100009, 22.14719655500005], [92.72174899300006, 22.148044199000026], [92.70770364700007, 22.151861577000034], [92.69459676400004, 22.14800392500007], [92.69198949600008, 22.111117828000033], [92.69139121300003, 22.074558552000042], [92.68785829100005, 22.098792901000024], [92.68168353300007, 22.091463931000078], [92.68410623400007, 22.03340330900005], [92.67979874100007, 22.01392314000003], [92.66458079800003, 22.013809240000057], [92.64788584200005, 22.005441560000065], [92.63187475100005, 21.98344515200006], [92.60254291500007, 21.97812090900004], [92.60782643000005, 21.983037696000054], [92.61138115600005, 21.987892259000034], [92.61023877500008, 21.995215896000047], [92.60272140500007, 22.003006386000038], [92.59776221900006, 22.012393720000034], [92.59998263300008, 22.017457207000064], [92.60000824800005, 22.025453970000058], [92.59353730100008, 22.033113410000055], [92.59364160300004, 22.041039761000036], [92.59841812100007, 22.047046935000026], [92.60011303900006, 22.05145401900006], [92.60275347400005, 22.060927778000064], [92.59227130200009, 22.064966250000055], [92.59076855500007, 22.071761190000075], [92.59018818000004, 22.076758230000053], [92.58867642900003, 22.081206130000055], [92.58538182800004, 22.085609695000073], [92.58199644100006, 22.091990598000052], [92.58051238300004, 22.100566246000028], [92.57653549200006, 22.10891195800008], [92.57014687800006, 22.12082061800004], [92.56336726200004, 22.12610809800003], [92.56325624500005, 22.13227150700004], [92.57400486900008, 22.136943561000066], [92.58137535000009, 22.14255500300004], [92.59245931900006, 22.13859532400005], [92.59039361700007, 22.12929670500006], [92.60593312200007, 22.12357710300006], [92.60810132500006, 22.132490864000033], [92.61111716100004, 22.13789813300008], [92.61021238400008, 22.14488804100006], [92.60910262100003, 22.149374863000048], [92.60839096800004, 22.15653063900004], [92.60914615600007, 22.16387339100004], [92.59685794900008, 22.17463662600005], [92.59537792400005, 22.174379645000045], [92.59700547600005, 22.177196927000068], [92.59620121800003, 22.178791166000053], [92.59525895300004, 22.18080894800005], [92.59616790500007, 22.18305040100006], [92.59494962200006, 22.18361671200006], [92.59536840600003, 22.189103749000026], [92.59503528200008, 22.19242071900004], [92.59598706600008, 22.19395785000006], [92.59403590900007, 22.19609460600003], [92.59459270200006, 22.198493102000043], [92.59384555100007, 22.201205688000073], [92.59374085600007, 22.203351961000067], [92.59496389800006, 22.203761229000065], [92.59344104300004, 22.20529836000003], [92.59360760600003, 22.208629605000056], [92.59274624000005, 22.21032854200007], [92.59190391100003, 22.211518271000045], [92.59029063700007, 22.213764483000034], [92.59188011700007, 22.214126161000024], [92.58985281600008, 22.215363482000043], [92.58763515900006, 22.216143945000056], [92.58768750600007, 22.21855671700007], [92.58954824500006, 22.220641125000043], [92.58991944100006, 22.22229722900005], [92.58888199600005, 22.22441495000004], [92.58823954300004, 22.22489560100007], [92.58826809500005, 22.22688007200003], [92.58938168200007, 22.228136428000028], [92.58819195200005, 22.230425468000078], [92.59056046700005, 22.23081350700005], [92.58972432500008, 22.232124405000036], [92.58963390500008, 22.232862038000064], [92.58951017300006, 22.234018454000022], [92.59177542000003, 22.23487982000006], [92.59047623500004, 22.236564478000048], [92.59095212700004, 22.23859653900007], [92.59127097500004, 22.241152079000074], [92.59140898500004, 22.24481645000003], [92.58988612800005, 22.24674857100007], [92.59043816400003, 22.248561720000055], [92.58994799500005, 22.250569986000073], [92.59045719900007, 22.253120769000077], [92.59103302800008, 22.254695972000036], [92.58927698600007, 22.25535270200004], [92.58880585300005, 22.25723247600007], [92.58718782000005, 22.25749897700007], [92.58631693700005, 22.258331789000067], [92.58555551000006, 22.259373991000075], [92.58559834000005, 22.260025965000068], [92.58497016200005, 22.262909870000044], [92.58565544700008, 22.263899726000034], [92.58369001200003, 22.265603421000037], [92.58380898500008, 22.26759740800003], [92.58139621200007, 22.269462906000058], [92.58191969400008, 22.271066664000045], [92.58269539700007, 22.27363648200003], [92.58097266700008, 22.274131408000073], [92.58319508400007, 22.276249128000075], [92.58473697500006, 22.276263405000066], [92.58464179700007, 22.278143181000075], [92.58647398100004, 22.280256141000052], [92.58371380700004, 22.28157436200007], [92.58180547900008, 22.283501726000054], [92.58425156500005, 22.28560041000003], [92.58103929200007, 22.286033472000042], [92.58235751400008, 22.28893641600007], [92.58114398900005, 22.291020823000053], [92.58293810200007, 22.293861899000035], [92.58319032500003, 22.297764216000076], [92.58254311200005, 22.300310240000044], [92.58066333700003, 22.30225188000003], [92.58230992500006, 22.303027583000073], [92.58264780800005, 22.304136412000048], [92.58034449100006, 22.304864527000063], [92.58047773900006, 22.307001284000023], [92.58100598100003, 22.309475922000047], [92.57816490300007, 22.311631714000043], [92.58016841000006, 22.312364589000026], [92.58036352600004, 22.314729772000078], [92.57854561700003, 22.31603371600005], [92.57959733900003, 22.318770097000026], [92.57937842900003, 22.321206665000034], [92.58111543500007, 22.322239352000054], [92.57904054500005, 22.324147680000067], [92.57783653900003, 22.32540403400003], [92.57632795900008, 22.328378360000045], [92.57444342600007, 22.331766714000025], [92.57519057700006, 22.334041479000064], [92.57605194200005, 22.335174102000053], [92.57512871100005, 22.33823884700007], [92.57518105900004, 22.34017097000003], [92.57351067800005, 22.34211261100006], [92.57213059000009, 22.34646702400005], [92.57283967100005, 22.35007428600005], [92.57189264400006, 22.35506639500005], [92.57151193000004, 22.35947791700005], [92.56812357800004, 22.360486808000076], [92.56720034800009, 22.36581680100005], [92.56689577600008, 22.370751803000076], [92.56247949700008, 22.371993882000027], [92.56298870100005, 22.375824814000055], [92.56187271800007, 22.379263011000035], [92.56197265500003, 22.381414043000063], [92.55931241700006, 22.38221830200007], [92.56139427700003, 22.384076255000025], [92.55982645000006, 22.38765302400003], [92.56094472700005, 22.38948517600005], [92.55985839800007, 22.392455471000062], [92.55993345700006, 22.39574077800006], [92.55612869800007, 22.399252862000026], [92.55991380900008, 22.40180493200006], [92.55652601800006, 22.40337880900006], [92.55661245700009, 22.406671135000067], [92.55597165400007, 22.40958448300006], [92.55345894300007, 22.40902292900006], [92.55296639500006, 22.41001278400006], [92.55300446600006, 22.416106585000023], [92.55483189200004, 22.41752260100003], [92.55158868700005, 22.42087288400006], [92.55109851800006, 22.42390907500004], [92.55361598700006, 22.422417154000073], [92.55596213600006, 22.422814524000046], [92.55515311900007, 22.424970315000053], [92.55461509700007, 22.427243903000033], [92.55118893700006, 22.427335498000048], [92.55343990700004, 22.427437815000076], [92.55521527900004, 22.430847939000046], [92.55347322000006, 22.43371007500008], [92.55423275400005, 22.43646609600006], [92.55141637100007, 22.438253316000043], [92.55178526400005, 22.44099429700003], [92.55158282300005, 22.44262026900003], [92.55096427400008, 22.446005007000053], [92.55059783700005, 22.447213773000044], [92.55165907700007, 22.448838944000045], [92.55043664600004, 22.45121295200005], [92.55022788100007, 22.454804188000026], [92.54792808200006, 22.456158165000033], [92.54924630300007, 22.457952281000075], [92.54791856400004, 22.460702936000075], [92.54684058200007, 22.464290719000076], [92.54761011400007, 22.467205294000053], [92.54580328700007, 22.469518453000035], [92.54687420900007, 22.474817693000034], [92.54667886500005, 22.47721163700004], [92.54543678600004, 22.47868690300004], [92.54558193300005, 22.480664234000074], [92.54552006700004, 22.48372898200006], [92.54546534000008, 22.486565299000063], [92.54585081300007, 22.48935640700006], [92.54324054400007, 22.490581828000074], [92.54327509600006, 22.493033798000056], [92.54551292900004, 22.495419274000028], [92.54818564200008, 22.495907355000043], [92.55011242700004, 22.497972434000076], [92.54861336600004, 22.498253212000066], [92.54337141400003, 22.498257969000065], [92.54357128800007, 22.500468488000024], [92.54556289700008, 22.499492909000026], [92.54690864700007, 22.501585231000035], [92.54942952200008, 22.50263855700007], [92.54718658900003, 22.503488315000027], [92.54814523500005, 22.507334229000037], [92.55073974900006, 22.507158548000064], [92.54955764400006, 22.509840607000058], [92.54653101900004, 22.510179202000074], [92.55066211900004, 22.511780204000047], [92.54891179600008, 22.514548553000054], [92.54751323900007, 22.516442384000072], [92.54581750000006, 22.515076], [92.54348534700006, 22.514057942000022], [92.54427429800006, 22.516791658000045], [92.54532107700004, 22.518448456000044], [92.54352516300008, 22.521474730000023], [92.54163678700007, 22.52383717600003], [92.54335103600005, 22.525333923000062], [92.54089201600004, 22.525807369000063], [92.54079207800004, 22.527798978000078], [92.53945934600006, 22.529529291000074], [92.54095864000004, 22.531663224000056], [92.54086097600003, 22.534899393000046], [92.53853580600008, 22.534543404000033], [92.53959263800004, 22.537654821000046], [92.53992005600008, 22.541025146000038], [92.53709682500005, 22.542053073000034], [92.53732044400004, 22.54556879300003], [92.53279032300009, 22.544756069000073], [92.53167192100005, 22.54793899400005], [92.53208007800004, 22.551862123000035], [92.52820579900003, 22.556903788000056], [92.52598684600008, 22.55767761800007], [92.52186352700005, 22.560558422000042], [92.52529812800003, 22.562934426000027], [92.52781527400003, 22.570555910000053], [92.53082131700006, 22.572808206000047], [92.53762625600007, 22.57496125700004], [92.53658405200008, 22.57946319800004], [92.53700283700005, 22.584859814000026], [92.53666971200005, 22.585825876000058], [92.53309239400005, 22.58843342700004], [92.53693364200006, 22.587826278000023], [92.53815085800005, 22.590144026000075], [92.53552757100005, 22.591074967000054], [92.53683627500004, 22.592355118000057], [92.53574823300005, 22.59732389800007], [92.53537052700005, 22.600116919000072], [92.53043741400006, 22.60340898000004], [92.53007860500009, 22.60963476300003], [92.53347447700008, 22.607718712000064], [92.53523156100005, 22.611288815000023], [92.53163424300004, 22.612570946000062], [92.52987458000007, 22.61981779200005], [92.52735258000007, 22.621103194000057], [92.53233768500007, 22.627432742000053], [92.53235083500005, 22.633387511000024], [92.52612616500005, 22.63343985800003], [92.52701132400006, 22.636595025000076], [92.52615947700008, 22.639707359000056], [92.52508449000004, 22.645091575000038], [92.52575900700003, 22.65087378900006], [92.52675362100007, 22.65276784100007], [92.52408344600008, 22.654325237000023], [92.52477866800007, 22.659358948000033], [92.52829075300008, 22.660153687000047], [92.52803377100008, 22.662623568000072], [92.52633483600005, 22.664769843000045], [92.52556389100005, 22.671080172000075], [92.52529263200006, 22.673788], [92.52294648300006, 22.677990128000033], [92.52114285200008, 22.68399112700007], [92.51924404200008, 22.687274784000067], [92.51871580100004, 22.692647608000073], [92.51709296000007, 22.700453752000044], [92.51552732400006, 22.70629619600004], [92.51410440600006, 22.710545912000043], [92.51761649100007, 22.716232826000066], [92.51640772500008, 22.721163067000077], [92.51460885200004, 22.723661503000073], [92.51156314300005, 22.72768755100003], [92.51254232800005, 22.73351732900005], [92.50803800800009, 22.735905046000028], [92.50225591700007, 22.737479133000022], [92.49425140900007, 22.740187855000045], [92.49095083700007, 22.74146162900007], [92.48174554300005, 22.747114875000022], [92.47486859700007, 22.74563673600005], [92.47656631600006, 22.75021600100007], [92.47837802700008, 22.75374750700007], [92.47727157700007, 22.758687268000074], [92.47457327000006, 22.762420642000052], [92.47272131600005, 22.765038453000045], [92.47598666800008, 22.771343621000028], [92.47253169100009, 22.779317194000043], [92.47110401400005, 22.783357520000038], [92.46961209200003, 22.784328341000048], [92.47116112100008, 22.79080999100006], [92.47107546100005, 22.798269601000072], [92.46485079200005, 22.804922575000035], [92.46454384000003, 22.810590451000053], [92.46176700900008, 22.806957015000023], [92.45826206300006, 22.81702927200007], [92.45455724200008, 22.818828146000044], [92.45824064800007, 22.823446680000075], [92.45801222000006, 22.827058700000066], [92.45928956800003, 22.834033228000067], [92.45279364000004, 22.842599289000077], [92.45777266200008, 22.84094556200006], [92.46353095800004, 22.842831286000035], [92.45870660100007, 22.84585320000008], [92.46026165900008, 22.84972771300005], [92.45681971300007, 22.85034249000006], [92.45762278100005, 22.85288732400005], [92.46151676900007, 22.85205570200003], [92.46437926100003, 22.85458982800003], [92.46164526000007, 22.85679915700007], [92.46010765200003, 22.85924881300008], [92.46150465800008, 22.861385307000035], [92.45752117800004, 22.860876364000035], [92.45358793000008, 22.861047685000074], [92.45202402800004, 22.86298528100008], [92.45359685200003, 22.86694708300007], [92.45494362700003, 22.87014031900003], [92.45688764600004, 22.870225981000033], [92.45978583000004, 22.870273569000062], [92.45831056500003, 22.872255661000054], [92.45385621300005, 22.874497114000064], [92.44921150700009, 22.87576060600003], [92.44810148700003, 22.878670688000057], [92.45025370900004, 22.88753655900007], [92.44743047900005, 22.896670120000067], [92.44289881400005, 22.893127351000032], [92.43555728700005, 22.88502642900005], [92.43364269200003, 22.890984398000057], [92.42692876600006, 22.896502074000068], [92.42320637600005, 22.904047639000055], [92.41980136700005, 22.910682766000036], [92.42086141800007, 22.91610079800006], [92.41768126700003, 22.917814011000075], [92.40756384000008, 22.91761781300005], [92.40302963200008, 22.91672034900006], [92.40090774500004, 22.91177112400004], [92.39766167300007, 22.91866347900003], [92.39940274400004, 22.92690176800005], [92.38209008800004, 22.928824811000027], [92.37746237400006, 22.932230944000025], [92.37169456100008, 22.935707337000053], [92.37337208100007, 22.939062377000027], [92.37482306500004, 22.946953570000062], [92.37734816000005, 22.948677779000036], [92.37699872600007, 22.955743288000065], [92.37493403200006, 22.95636822000006], [92.37706262600005, 22.96014916100006], [92.37457059600007, 22.965278171000023], [92.37480689700004, 22.971998876000043], [92.37878738900008, 22.977293533000022], [92.38104992700005, 22.977881397000033], [92.37953964400003, 22.981300189000024], [92.38398685700008, 22.98349167300006], [92.38225953400007, 22.989991257000042], [92.38408748400008, 22.994941879000066], [92.38301562000004, 23.00197575800007], [92.38444665400004, 23.009843730000057], [92.38016017300004, 23.014988867000056], [92.38169611500007, 23.019306398000026], [92.38330186000007, 23.022791596000047], [92.38331858000004, 23.02506391000003], [92.38338029900007, 23.02671222500004], [92.38319463500005, 23.030256346000044], [92.38221949600006, 23.033212062000075], [92.38317438800004, 23.037424215000044], [92.38706156100005, 23.039581311000063], [92.38779779800007, 23.042564138000046], [92.38907256300007, 23.04585868600003], [92.38860559400007, 23.048190558000044], [92.39100587600007, 23.049216699000056], [92.39045443600008, 23.052004832000023], [92.39220095900004, 23.05371804500004], [92.39048064100007, 23.055381922000038], [92.39190971400006, 23.05626716100005], [92.39160323800007, 23.05853621500006], [92.39019374100008, 23.060608253000055], [92.38787473200006, 23.061221510000053], [92.38743442300006, 23.063215188000072], [92.38888875000004, 23.064469639000038], [92.38711040500004, 23.065739466000025], [92.38659202700006, 23.06754062400006], [92.38483224600003, 23.06994811000004], [92.38291154500007, 23.072219069000028], [92.38493123000006, 23.074080759000026], [92.38536334000008, 23.076557301000037], [92.38334512500006, 23.079372705000026], [92.38033439300006, 23.081738186000052], [92.37935311600006, 23.084330142000056], [92.37988705400005, 23.086701744000038], [92.37746728500008, 23.087360859000057], [92.37710660700009, 23.085953939000035], [92.37459288300005, 23.085087607000048], [92.37250713800006, 23.086761118000027], [92.37214652700004, 23.08834822500006], [92.37090601700004, 23.090276645000074], [92.37004784100009, 23.093360275000066], [92.36920232200004, 23.095157395000058], [92.36663000700008, 23.096041246000027], [92.36420052600005, 23.098060238000073], [92.36256424200008, 23.098084803000063], [92.36183212900005, 23.100287910000077], [92.35995113100006, 23.10146312100005], [92.35933607900006, 23.10320906100003], [92.35986431900005, 23.105283950000057], [92.35858531800005, 23.107590647000052], [92.36062432400007, 23.11170763900003], [92.36126199900008, 23.11418529200006], [92.36256920800008, 23.117258271000026], [92.36347841900005, 23.118888792000064], [92.36392580400008, 23.12068418800004], [92.36596821300003, 23.12439550600004], [92.36737879800006, 23.12599798100007], [92.36545660500008, 23.12716253700006], [92.36278930900005, 23.13021734000006], [92.36168857000007, 23.13072138900003], [92.35801644800006, 23.134233678000044], [92.35715021000004, 23.136166900000035], [92.35876183300007, 23.140042927000025], [92.36037267500006, 23.142189763000033], [92.36082596200004, 23.14482382600005], [92.35999412100006, 23.146690040000067], [92.35794710500005, 23.146688122000057], [92.36020337300005, 23.14862915200007], [92.35950541500006, 23.14990341400005], [92.36056640400005, 23.15175075600007], [92.36188963400008, 23.15256841000007], [92.36201780400006, 23.15565368700004], [92.36469199100009, 23.156620004000047], [92.36351879800009, 23.158378783000046], [92.36160375800006, 23.161055394000073], [92.36055237800008, 23.16234799500006], [92.36253132100006, 23.164868049000063], [92.36087238900006, 23.167992260000062], [92.35788049300004, 23.17085750600006], [92.35740595700008, 23.173910824000075], [92.35635270100005, 23.178948691000073], [92.35566668200005, 23.180658486000027], [92.36087377800004, 23.181446788000073], [92.35855104900008, 23.184429157000068], [92.35663678200007, 23.184822034000035], [92.35382706800004, 23.18445461500005], [92.35494455700007, 23.185571124000035], [92.35417155700009, 23.187797610000075], [92.35389140100006, 23.190549315000055], [92.35296594200008, 23.192570482000065], [92.35286218500005, 23.19406484600006], [92.35280628000004, 23.195502453000074], [92.35424440100007, 23.197990125000047], [92.35393639900008, 23.199844436000035], [92.35403738800005, 23.201295196000046], [92.35410467800006, 23.202465792000055], [92.35328782300007, 23.203276996000056], [92.35428128400008, 23.20395118600004], [92.35419372000007, 23.20438329600006], [92.35293943000005, 23.204649338000024], [92.35335956200004, 23.205390573000045], [92.35287097600008, 23.206012239000074], [92.35308441600006, 23.206607616000042], [92.35345824500007, 23.207200451000062], [92.35446319300007, 23.207283865000022], [92.35424075900005, 23.208282605000022], [92.35450996600008, 23.208280728000034], [92.35378944700005, 23.209726579000062], [92.35378066300007, 23.21148824100004], [92.35419387500008, 23.211308296000027], [92.35354567000007, 23.211836402000074], [92.35404954000006, 23.21246381900005], [92.35401032200008, 23.213152232000027], [92.35346419300004, 23.213375152000026], [92.35286621800003, 23.214097649000053], [92.35339445700004, 23.214326077000067], [92.35371403600004, 23.214721928000074], [92.35406143800003, 23.215383419000034], [92.35362837600007, 23.21589262400005], [92.35386632200004, 23.216311407000035], [92.35369262300009, 23.216968139000073], [92.35358431200007, 23.217488247000063], [92.35359268400003, 23.218055553000056], [92.35369976000004, 23.218629003000046], [92.35388535800007, 23.21928573400004], [92.35383433200008, 23.21975679600007], [92.35409512100006, 23.22022697700004], [92.35369534800003, 23.220942510000043], [92.35392189700008, 23.221452876000058], [92.35331846500009, 23.22268258200006], [92.35308278500008, 23.223804864000044], [92.35309559400008, 23.224766815000066], [92.35263889000004, 23.225122958000043], [92.35263262800004, 23.22634345800003], [92.35214941300006, 23.22769009500007], [92.35179790000007, 23.228682365000054], [92.35118057400007, 23.230385272000035], [92.35138021600005, 23.231765345000042], [92.35088764600005, 23.233384717000035], [92.34672599800007, 23.23598146100005], [92.40255804300006, 23.23932704200007], [92.40278481800004, 23.242588486000045], [92.39733352100006, 23.24528382400007], [92.39566170900008, 23.24948136000006], [92.39807410300006, 23.253751476000048], [92.39357962600008, 23.258251393000023], [92.38937857600007, 23.26180012100008], [92.38900301400008, 23.266268515000036], [92.39457806500008, 23.26454116800005], [92.38959342300006, 23.276035714000045], [92.38720118500004, 23.28229477700006], [92.38250811800003, 23.28473448400007], [92.38202911100007, 23.289440468000066], [92.38399364300005, 23.293754281000076], [92.38417853600004, 23.29902224700004], [92.38573330200006, 23.303208521000045], [92.38290875000007, 23.308634126000072], [92.37666641800007, 23.312618892000046], [92.37716493000005, 23.317859492000025], [92.37321761600003, 23.318917438000028], [92.36913508600009, 23.32268928700006], [92.36828455000006, 23.31971321900005], [92.36571839100009, 23.320832279000058], [92.36567624200006, 23.323996883000063], [92.36998431400008, 23.328841793000038], [92.37425889600007, 23.336280544000033], [92.37552164700008, 23.344224587000042], [92.37732761900008, 23.348326903000043], [92.38059869200004, 23.35449639500007], [92.37709641300006, 23.356684306000034], [92.37896019600004, 23.361607654000068], [92.37528182500006, 23.365550063000057], [92.36932699500005, 23.36857173100003], [92.37018525100007, 23.373594155000035], [92.36211522700006, 23.366629647000025], [92.35634851500004, 23.37266033700007], [92.36092788200006, 23.377120668000032], [92.36416868800006, 23.380631046000076], [92.35666906700004, 23.37982457000004], [92.35355142200007, 23.380091846000028], [92.35466803100007, 23.38385962900003], [92.35636508100004, 23.385951073000058], [92.35774787400004, 23.388784843000053], [92.35848387900006, 23.391255657000045], [92.35587572800006, 23.389632298000038], [92.35366143900006, 23.393226722000065], [92.35316629500005, 23.39974545000007], [92.35287703500006, 23.404485944000044], [92.35444045800006, 23.405012617000068], [92.35494841200006, 23.400962614000036], [92.35796168900004, 23.405198262000056], [92.35738055700006, 23.410128520000058], [92.35226386500005, 23.41345528100004], [92.34772957900003, 23.41280025800006], [92.34805283500003, 23.416064101000075], [92.34796051100005, 23.420495666000022], [92.34745037400006, 23.425616426000033], [92.34656827800006, 23.432277131000035], [92.34306625300007, 23.434340121000048], [92.33924943500006, 23.43324967500007], [92.33528125600009, 23.43345572900006], [92.33483940300005, 23.428434155000048], [92.33299107700003, 23.430512415000067], [92.33200271800007, 23.436774342000035], [92.33106393900005, 23.442060790000028], [92.32931456700004, 23.44811891100005], [92.32913164000007, 23.450307645000066], [92.33227461100006, 23.456986224000048], [92.33057793000006, 23.45413097200003], [92.32793546700003, 23.45649552800006], [92.32549821100008, 23.459745664000025], [92.33021021100006, 23.45942334500006], [92.33156340600004, 23.462691922000033], [92.33162340500007, 23.466521795000062], [92.32811517400006, 23.466379006000068], [92.32169602700009, 23.468974993000074], [92.31717234100006, 23.47146420000007], [92.31901217600006, 23.474130579000075], [92.32033191500005, 23.474554435000073], [92.32374635700006, 23.47518244500003], [92.32254047600009, 23.47843152300004], [92.32608782300008, 23.478645775000075], [92.32196897700004, 23.480389847000026], [92.32203209000005, 23.483253776000026], [92.31719548300003, 23.486142166000036], [92.31822073300003, 23.48897118600007], [92.32151130000005, 23.491723868000065], [92.31771595500004, 23.492968588000053], [92.31917672500003, 23.494489780000038], [92.32043553400007, 23.496689786000047], [92.31904526500006, 23.500220456000022], [92.32147988600008, 23.500885726000035], [92.32132365500007, 23.501652786000022], [92.31900371000006, 23.503093576000026], [92.31902346400005, 23.506531945000063], [92.31972884100009, 23.51213702600006], [92.31590353000007, 23.512292810000076], [92.31777538600005, 23.514717735000033], [92.31768349300006, 23.517480703000047], [92.31575845700007, 23.516337606000036], [92.31342386500006, 23.51621089300005], [92.31336734800004, 23.520586021000042], [92.31745814100003, 23.526904415000047], [92.31445494400003, 23.529389588000072], [92.31298312200005, 23.533530426000027], [92.30698242700004, 23.53395719200006], [92.30754059800006, 23.538530475000073], [92.31039866300006, 23.542451717000063], [92.31062044900006, 23.547456186000034], [92.30930731100005, 23.552543185000047], [92.31126267100007, 23.55456734300003], [92.31332501100007, 23.554889208000077], [92.31214241200007, 23.55897352900007], [92.30671651700004, 23.566318575000025], [92.30771201300007, 23.564721606000035], [92.30905481400004, 23.569585594000046], [92.30689095600007, 23.571786944000053], [92.30744257700007, 23.56907547800006], [92.30601823600006, 23.571581656000035], [92.30546940300007, 23.57411072000008], [92.30816804800008, 23.577368209000042], [92.30679810800007, 23.580556277000028], [92.30542157000008, 23.58348021000006], [92.30397781300007, 23.58436242500005], [92.30239940700005, 23.587496902000055], [92.30210624800009, 23.591123667000033], [92.29929699500008, 23.59301674900007], [92.29699710500006, 23.588184670000032], [92.29441972500007, 23.590505825000037], [92.29310044500005, 23.59335492300005], [92.29101143200006, 23.59560996500005], [92.28935769100008, 23.59794798300004], [92.28847737200005, 23.595718781000073], [92.28713333100006, 23.596565733000034], [92.28727576500006, 23.601976931000024], [92.28755273400003, 23.606174873000043], [92.28740884700005, 23.61022205100005], [92.28754885600006, 23.614606028000026], [92.28946606700003, 23.619583023000075], [92.29369901200005, 23.620809948000044], [92.29596705200004, 23.621775881000076], [92.29277945800004, 23.62600482600004], [92.28459629400004, 23.629590638000025], [92.28088178800004, 23.630834657000037], [92.28010105500005, 23.626302562000035], [92.27847070900003, 23.625337931000047], [92.27680370200005, 23.630678808000027], [92.27843238900005, 23.634789090000027], [92.28057936600004, 23.63677794700004], [92.28173615200006, 23.63893134400007], [92.27691970500007, 23.641462786000034], [92.27341229000007, 23.641503217000036], [92.27520965500008, 23.646908272000076], [92.27694040400007, 23.65230843300003], [92.27872272500008, 23.655757538000046], [92.28149572500007, 23.661136029000033], [92.28362537700008, 23.664307386000075], [92.28471316100007, 23.668447283000035], [92.28802008300005, 23.67574645800005], [92.28921558500008, 23.67875], [92.28906634200007, 23.680439797000076], [92.29125945900006, 23.681416197000033], [92.29071421800006, 23.683333530000027], [92.29042155700006, 23.685367375000055], [92.28954066800009, 23.68706392100006], [92.28992150800008, 23.688459661000024], [92.29055718100005, 23.690325865000034], [92.29038193400004, 23.691666930000054], [92.28978188700006, 23.694205785000065], [92.28918881500005, 23.697549646000027], [92.28945303300009, 23.70213687300003], [92.28495601900005, 23.70662924800007], [92.28174294300004, 23.709086813000056], [92.27826229100003, 23.71043151500004], [92.27884357600004, 23.71392603700008], [92.27905650600007, 23.716229603000045], [92.27894906500006, 23.719366224000055], [92.27324117900008, 23.718713252000043], [92.26915771200004, 23.72028934900004], [92.26504592100008, 23.724654644000054], [92.24940192800005, 23.72404530800003], [92.24284676600007, 23.720772071000056], [92.23951419600007, 23.71704899300005], [92.23774383500006, 23.713931055000046], [92.23875929500008, 23.70994184400007], [92.24001686400004, 23.703896943000075], [92.24229716600007, 23.69679809200005], [92.23754201600008, 23.69177480700006], [92.23530714800006, 23.68718337300004], [92.23187285000006, 23.677590432000045], [92.23302660100006, 23.66803752800007], [92.22634176100007, 23.657905523000068], [92.21823431200005, 23.652354134000063], [92.21114387800009, 23.65708491600003], [92.20693312700007, 23.664330204000066], [92.20619927300004, 23.67243910600007], [92.21024765400006, 23.67857305800004], [92.21255383400006, 23.68650191000006], [92.20932192600009, 23.69352563700005], [92.20606918100003, 23.701450239000053], [92.19794091800009, 23.70725200100003], [92.18941675700006, 23.70929687200004], [92.17766493800008, 23.708119788000033], [92.17639698900007, 23.716530456000044], [92.16970336400004, 23.724260147000052], [92.17085271400003, 23.732061576000035], [92.16562540400008, 23.739442352000026], [92.15400109500007, 23.73485769000007], [92.14411281000008, 23.732807172000037], [92.14246753900005, 23.72628904900006], [92.13804583100006, 23.719681799000057], [92.13284192500004, 23.71407487700003], [92.12760903800006, 23.70760301000007], [92.12428692300006, 23.70178551200007], [92.12306859700004, 23.695365953000078], [92.11606188000007, 23.692257142000074], [92.11072142700004, 23.690304147000063], [92.10331013800004, 23.68566591000007], [92.10332946900007, 23.680352397000036], [92.09946108700007, 23.676792542000044], [92.09180816200006, 23.677530766000075], [92.08471748500006, 23.680415332000052], [92.07968607500004, 23.67134527500008], [92.07820372300006, 23.654673004000074], [92.07540724900008, 23.64814935000004], [92.06586420600007, 23.645988310000064], [92.05972591400007, 23.647565437000026], [92.05222913200004, 23.648930961000076], [92.04641025100005, 23.646156450000035], [92.03952371500009, 23.650629311000046], [92.03313109700008, 23.654661275000024], [92.03079681600008, 23.657338794000054], [92.02616337100005, 23.658105721000027], [92.01769817700006, 23.661658902000056], [92.00674925700008, 23.66944839000007], [92.00018323700004, 23.67329270700003], [91.99793086700004, 23.678924350000045], [91.99547993200008, 23.684687653000026], [91.99393919100004, 23.69016487400006], [91.99321556300004, 23.69309569400008], [91.99213290600005, 23.695173312000065], [91.98936358700007, 23.701514264000025], [91.98791965700008, 23.707089333000056], [91.98591971600007, 23.71308041700007], [91.98523572100004, 23.71875323300003], [91.98479036000003, 23.722781438000027], [91.97978991500008, 23.726024736000056], [91.97454262600007, 23.731957460000046], [91.96598031400003, 23.73132140200005], [91.95760731600006, 23.734191616000032], [91.95407480200004, 23.727301331000035], [91.95156029700007, 23.723198696000054], [91.95170005300008, 23.717656417000057], [91.94999433200007, 23.710651082000027], [91.95083260100006, 23.702082794000034], [91.95712219200004, 23.697197974000062], [91.95407687600004, 23.692963658000053], [91.94953953700008, 23.694159650000074], [91.94372435600008, 23.693851899000038], [91.93927719200008, 23.687943009000037], [91.93580201200007, 23.68289608300006], [91.93863084700007, 23.676994343000047], [91.94091525800008, 23.670000221000066], [91.94068566100003, 23.664297426000076], [91.93927594500008, 23.659333039000046], [91.94199630600008, 23.65492574700005], [91.94533849400005, 23.648713220000047], [91.94583431900008, 23.644342016000053], [91.94654116000004, 23.63764364000008], [91.94398050300003, 23.631693494000046], [91.94712236000004, 23.62523958400004], [91.94971213700006, 23.61926083800006], [91.95158796700008, 23.616466358000025], [91.95280978900007, 23.61250937400007], [91.95316769400006, 23.60689314900003], [91.95288312500008, 23.60094211100005], [91.95288007500005, 23.595919516000038], [91.95476762300007, 23.588868261000073], [91.95548799700003, 23.583952771000043], [91.95809795000008, 23.565869253000074], [91.95791675200007, 23.55593097800005], [91.95821999300006, 23.54854861800004], [91.96271558400008, 23.53973233800008], [91.96440210700007, 23.534789370000055], [91.95592852500005, 23.527133105000075], [91.96145072400003, 23.519087892000073], [91.96556989300007, 23.51573574100007], [91.96891775100005, 23.507727128000056], [91.96919081700008, 23.49671805400004], [91.97206837700008, 23.492928410000047], [91.96878770400008, 23.487347787000033], [91.96949994700003, 23.481824317000076], [91.96896576700004, 23.476587722000033], [91.96143828100008, 23.47827368800006], [91.95733783900005, 23.473729070000047], [91.95244342100005, 23.473474469000053], [91.94618369500006, 23.465957554000056], [91.93757487700003, 23.466513690000056], [91.93842089400005, 23.458545972000024], [91.94115570800005, 23.447104601000035], [91.93827628300005, 23.433599102000073], [91.93242571900004, 23.433850504000077], [91.92015527200004, 23.438681130000077], [91.90826526600006, 23.43687059000007], [91.89742393000006, 23.434888873000034], [91.88632478600005, 23.427321737000057], [91.87577856900003, 23.421584345000042], [91.86891172500003, 23.412702528000068], [91.86010931900006, 23.406288047000032], [91.84638001900004, 23.40638050000007], [91.84091841200006, 23.400461747000065], [91.83918913800005, 23.387400398000068], [91.83743099100008, 23.37482886500004], [91.83123530100005, 23.36500287100006], [91.82564351100007, 23.36338888000006], [91.82518336900006, 23.355637841000032], [91.81611953200007, 23.35251458600004], [91.80857032100005, 23.346249794000073], [91.80463461200009, 23.34147781300004], [91.80154954600005, 23.334337962000063], [91.79289450500005, 23.334838993000062], [91.79276652200008, 23.33149979500007], [91.79323577500008, 23.328134521000038], [91.79058945300005, 23.326309034000076], [91.78786022600008, 23.325637044000075], [91.78568375300006, 23.325096818000077], [91.78232344500003, 23.32383726300003], [91.78165246700007, 23.322208286000034], [91.78090808300004, 23.32053932200006], [91.77795090300003, 23.318390857000054], [91.77519645100006, 23.317265745000043], [91.77347941700003, 23.315972380000062], [91.77117047200005, 23.314982496000027], [91.76914856300004, 23.31288795000006], [91.76589024600008, 23.311129014000073], [91.76432181100006, 23.309364768000023], [91.76450948900003, 23.30637530200005], [91.76413500500007, 23.304318011000078], [91.76286608900006, 23.303296587000034], [91.76260940600008, 23.302374302000032], [91.76269253800007, 23.301283943000044], [91.76200930400006, 23.300032759000032], [91.76257249500009, 23.298599798000055], [91.76256318800006, 23.297329740000066], [91.76306762100006, 23.29646226400007], [91.76318029200007, 23.295177583000054], [91.76297190100007, 23.293811938000033], [91.76253470600005, 23.292338751000045], [91.76108462200006, 23.291657645000043], [91.76136377200004, 23.29041494300003], [91.76149765500008, 23.28890279700005], [91.76081555400003, 23.287960002000034], [91.76057104100005, 23.28680546100003], [91.76151117000006, 23.286688405000064], [91.76146321600004, 23.285572570000056], [91.76085622700003, 23.284517227000038], [91.76021670600005, 23.283078725000053], [91.76117190700006, 23.28140553000003], [91.76252246400009, 23.281514767000033], [91.76265003400005, 23.280004661000078], [91.76207964400004, 23.27850443400007], [91.76181257200005, 23.27761872700006], [91.76175310800005, 23.27697377000004], [91.76339039300007, 23.276865755000074], [91.76401261700005, 23.276095419000058], [91.76350051400004, 23.27460006800004], [91.76482090200005, 23.27430073200003], [91.76563972100007, 23.27364569100007], [91.76636790300006, 23.272214261000045], [91.76750973200006, 23.271785909000073], [91.76789361600004, 23.27256477700007], [91.76897093400004, 23.272848943000042], [91.76988603700005, 23.27216909400005], [91.77023751300004, 23.271338188000072], [91.77304589300007, 23.26983696700006], [91.77548209600008, 23.270018020000066], [91.77613666000008, 23.266416845000037], [91.77596718300003, 23.26318042500003], [91.77742907200007, 23.260408951000045], [91.77625538700005, 23.257208552000066], [91.77671164000003, 23.255172662000064], [91.77864516600005, 23.254486562000068], [91.77953721900008, 23.251109541000062], [91.78011620300003, 23.24723219200007], [91.77704795600005, 23.244280152000044], [91.77725359000004, 23.24145852600003], [91.78058569200005, 23.241041780000046], [91.78111354400005, 23.24356509000006], [91.78422579300008, 23.241277636000063], [91.78466781800006, 23.239217920000044], [91.78437156100006, 23.23514367100006], [91.78511740800008, 23.233451012000046], [91.78637638200007, 23.22983679400005], [91.78795602900004, 23.227660425000067], [91.79041928100008, 23.22624729000006], [91.79111349000004, 23.224207126000067], [91.79025773900008, 23.22145471600004], [91.78832554200005, 23.216825091000032], [91.79138531700005, 23.212267519000022], [91.79099025800008, 23.20763627300005], [91.78894816000007, 23.20555721200003], [91.79243904400005, 23.199625187000038], [91.79596336700007, 23.19596324200006], [91.798576, 23.193641456000023], [91.79868159800009, 23.190867214000036], [91.79612630400004, 23.188411150000036], [91.79713000700008, 23.18629071500004], [91.79947964700006, 23.18458229400005], [91.80350229600003, 23.18158761600006], [91.80513179500008, 23.178302521000035], [91.80457615800003, 23.175403196000048], [91.80590075700007, 23.172279282000034], [91.80503034400004, 23.167771986000048], [91.80990871400007, 23.164629148000074], [91.80691993400006, 23.160048526000026], [91.81024024600003, 23.15374971800003], [91.81246458700008, 23.14814466400003], [91.81302037000006, 23.143975786000055], [91.80856109900003, 23.139969183000062], [91.80908700600008, 23.135865676000037], [91.81074152900004, 23.135476441000037], [91.81384872600006, 23.134246503000043], [91.81374826200005, 23.13125902400003], [91.81267676500005, 23.128704860000028], [91.81214437300008, 23.124325558000066], [91.81171729700009, 23.12080902400004], [91.81615016200004, 23.11735], [91.81796376700004, 23.111880927000072], [91.81787681800006, 23.104932709000025], [91.81342623900008, 23.099581728000032], [91.81738429500007, 23.098507147000078], [91.82223088100005, 23.099278466000044], [91.83131950500007, 23.096822368000062], [91.83565923100008, 23.092363774000034], [91.83028399100004, 23.091210662000037], [91.82366582400005, 23.086973605000026], [91.82215812200008, 23.082461441000078], [91.81680891000008, 23.083128673000033], [91.81735934100004, 23.07866829900007], [91.81854260900008, 23.07309086500004], [91.81316307200007, 23.07404357200005], [91.81180868700005, 23.070192021000025], [91.80903766300008, 23.06675993600004], [91.80629019200006, 23.063446873000032], [91.79873803000004, 23.065067344000056], [91.79339849400009, 23.06390835600007], [91.79358419000005, 23.06910786800006], [91.78839284900005, 23.07111982200007], [91.78589936000003, 23.068693625000037], [91.78251467000007, 23.07155992400004], [91.77433953800005, 23.069461209000053], [91.77970826900008, 23.059228564000023], [91.78057988800003, 23.05187184400006], [91.78199750700009, 23.045140849000063], [91.78319922800006, 23.03635117400006], [91.77980731400004, 23.036927223000077], [91.78029284200005, 23.02929012800007], [91.77357850200008, 23.028455509000025], [91.77376035000003, 23.035540741000034], [91.77406821200003, 23.039176003000023], [91.76977685000008, 23.037424288000068], [91.76823068900006, 23.03426834000004], [91.76155320500004, 23.027033035000045], [91.75334801300005, 23.022174078000035], [91.74803304700004, 23.01480473400005], [91.74423451100006, 23.007670482000037], [91.73631373800004, 23.00335938300003], [91.73187523800004, 23.000834041000076], [91.72267401100004, 22.99472740300007], [91.71578092900006, 22.986451830000078], [91.71115110800008, 22.983815452000044], [91.70453150200007, 22.98611478600003], [91.69487568800008, 22.98841744200007], [91.69047581100006, 22.985039139000037], [91.68231223600009, 22.97902622600003], [91.67645160700005, 22.982526360000065], [91.66753210400003, 22.978482102000044], [91.65897233100009, 22.980794926000044], [91.65772126100006, 22.978203515000075], [91.65046590200006, 22.97954976400007], [91.64568646000004, 22.98493663900007], [91.64134627100003, 22.975628829000073], [91.63690768000004, 22.963237031000062], [91.62559269600007, 22.962376370000072], [91.62441646500008, 22.951095302000056], [91.62387204300006, 22.942699435000065], [91.61744784100006, 22.937860769000054], [91.61477192400008, 22.94554193700003], [91.61494406200006, 22.952138166000054], [91.60948204700009, 22.95619590700005], [91.60102710100006, 22.957706273000042], [91.61209693400008, 22.962097561000064], [91.60109805100006, 22.97191182800003], [91.59080837300007, 22.977001924000035], [91.55722077500008, 22.97957521400008], [91.54350727300005, 23.00309266100004], [91.53113598100003, 23.040657417000034], [91.52895594800003, 23.07551918200005], [91.51126432700005, 23.104355187000067], [91.51470672500005, 23.14475498400003], [91.51000726300003, 23.143180337000047], [91.50995055200008, 23.140767590000053], [91.50767727000004, 23.13978449700005], [91.50482605200006, 23.140580386000067], [91.50298137600004, 23.142418159000044], [91.50085849800007, 23.143010269000058], [91.49908021800007, 23.142895976000034], [91.49910472800008, 23.143881074000035], [91.49735473800007, 23.145130040000026], [91.49626429000006, 23.146173944000054], [91.49490390400007, 23.146914817000038], [91.49479667800006, 23.162088741000048], [91.50105622100006, 23.185365542000056], [91.48294351500004, 23.20131609500004], [91.45826685100008, 23.215710657000045], [91.45279073800003, 23.218458505000058], [91.45102702900004, 23.22072662200003], [91.45236152100006, 23.221565501000043], [91.45299619500008, 23.222707971000034], [91.46250553900006, 23.239995838000027], [91.45378967800008, 23.256910970000035], [91.41832462000008, 23.256241147000026], [91.41827767300003, 23.257368717000077], [91.41838313200003, 23.258791925000025], [91.41653081100009, 23.260797164000053], [91.41655242800005, 23.262449522000054], [91.41616308800008, 23.26392704600005], [91.41645635600008, 23.266351110000073], [91.41601222200006, 23.268487007000033], [91.41740460900007, 23.26957533800004], [91.41884801300006, 23.271802836000063], [91.41824721300009, 23.274860215000047], [91.41780277400005, 23.275846968000053], [91.41699566100004, 23.276992923000023], [91.41636199700008, 23.279427027000054], [91.41570099500007, 23.28038475900007], [91.41426732400004, 23.281539688000066], [91.41250520500006, 23.28312674500006], [91.41113371200004, 23.284129447000055], [91.40940594500006, 23.274203038000053], [91.39730031200008, 23.257255883000028], [91.39286559600004, 23.24501542400003], [91.39524152800004, 23.242324867000036], [91.39683707200004, 23.241087225000058], [91.39815189500007, 23.238058516000024], [91.39868677500004, 23.236014055000055], [91.40017984900004, 23.23433139900004], [91.40010094000007, 23.23057771400005], [91.39210256800004, 23.220178755000063], [91.38163560400005, 23.184767704000024], [91.39728629100006, 23.13026856600004], [91.40520257900005, 23.088387092000062], [91.41647872300007, 23.082917941000062], [91.41634108400007, 23.080017360000056], [91.41343941500008, 23.075395024000045], [91.41230286000007, 23.06807082000006], [91.41716044000003, 23.06504213200003], [91.41452292700006, 23.06324022700005], [91.41147786100004, 23.06229557300003], [91.40691893200005, 23.059951830000045], [91.40378721200005, 23.059205057000042], [91.40030094200006, 23.058448206000037], [91.39799048500004, 23.056493751000062], [91.36401669300005, 23.079028632000075], [91.33638322000007, 23.13475287600005], [91.32399125700005, 23.190753440000037], [91.31720837100005, 23.25541680400005], [91.31357980100006, 23.30421720700008], [91.31053622200005, 23.34882472700008], [91.31542830500007, 23.353167661000043], [91.29107280300008, 23.350677562000044], [91.28839221300007, 23.37132260100003], [91.29333844800004, 23.376819128000022], [91.29051729400004, 23.376997267000036], [91.28780920200006, 23.376026055000068], [91.28432282000006, 23.376942348000057], [91.28102644300003, 23.37640100300007], [91.27814373900009, 23.396373926000024], [91.26431150500008, 23.424558731000047], [91.25521333300009, 23.44802610800008], [91.25353897400004, 23.46088250500003], [91.25106088800004, 23.476510564000023], [91.23713381900006, 23.494951719000028], [91.22158087600008, 23.49764257000004], [91.21411127100004, 23.51394025700006], [91.21292659700003, 23.55052976500008], [91.19453491900003, 23.563390919000028], [91.17667542100008, 23.584287308000057], [91.16247532400007, 23.595875042000046], [91.15890846200006, 23.61787610600004], [91.15897778600004, 23.640008304000048], [91.16006274300008, 23.657045449000066], [91.15975875300006, 23.66761664200004], [91.17561688400008, 23.660032252000065], [91.18218058200006, 23.65642028700006], [91.19193392400007, 23.646711873000072], [91.20272145700005, 23.653842759000042], [91.20245553100006, 23.663876086000073], [91.20368124800007, 23.681290353000065], [91.20521927000004, 23.682587588000047], [91.20682422400006, 23.684954618000063], [91.19715132500005, 23.691122250000035], [91.16036513900008, 23.688929907000045], [91.15202039300004, 23.69871339100007], [91.15047750200006, 23.716916361000074], [91.15552533100004, 23.73319011500007], [91.17605056500008, 23.749338152000064], [91.21789576100008, 23.739612727000065], [91.22585438300007, 23.750533852000046], [91.22849166200007, 23.785243657000024], [91.23144487200005, 23.79899353600007], [91.23261309500003, 23.809467573000063], [91.23548096300004, 23.812383195000052], [91.25414120100004, 23.837166197000045], [91.23701876400008, 23.87507376600007], [91.24569445600008, 23.914804890000028], [91.24907503100007, 23.926522766000062], [91.27366021800003, 23.934583110000062], [91.27136068400006, 23.962715290000062], [91.28589400100003, 23.98145500100003], [91.28480076300008, 23.978200595000033], [91.285617, 23.976471], [91.28688200100004, 23.974391001000072], [91.28720066600005, 23.972087002000023], [91.287069, 23.969643], [91.28766732500009, 23.968060397000045], [91.290102, 23.967853], [91.29111, 23.96814], [91.292064, 23.968544001000055], [91.29275, 23.968928], [91.29337725400006, 23.96937827000005], [91.294493, 23.969429], [91.294979, 23.969787], [91.29577123600006, 23.97035420000003], [91.29671733200007, 23.97123201000005], [91.29794298300004, 23.97159146000007], [91.299218, 23.972211001000062], [91.301448, 23.984169002000044], [91.30215282100005, 23.990516530000036], [91.301956, 23.991149001000053], [91.302104, 23.992598], [91.301554, 23.994161], [91.30224001900007, 23.995566256000075], [91.30292681600008, 23.99619583200007], [91.30314894700007, 23.997391933000074], [91.30396814300008, 23.997742540000047], [91.30433017900003, 23.995875497000043], [91.30513299400008, 23.99556398900006], [91.30564826700004, 23.995372463000024], [91.30694100400007, 23.995001004000073], [91.308001, 23.994494], [91.309149, 23.993574], [91.310127, 23.992784001000075], [91.31088900100008, 23.992218001000026], [91.311411, 23.991894], [91.312559, 23.991445], [91.313774, 23.991082], [91.314539, 23.99098], [91.315685, 23.990578001000074], [91.316911, 23.990698001000055], [91.317782, 23.991746], [91.318773, 23.992472001000067], [91.31968088400004, 23.993017751000025], [91.32051294100006, 23.993287956000074], [91.321352, 23.993801001000065], [91.32278896100007, 23.99429898300008], [91.324042, 23.994174], [91.324799, 23.993454], [91.325804, 23.992517], [91.326698, 23.99188600100007], [91.32770817600004, 23.99175955800007], [91.328198, 23.991896], [91.328996, 23.991896], [91.33010400800003, 23.99258001000004], [91.33038099600003, 23.992006012000047], [91.33137, 23.991782], [91.33172692200009, 23.991302950000033], [91.332315, 23.991036], [91.333322, 23.99095200100004], [91.33403395000005, 23.990146081000034], [91.334947, 23.989492], [91.33517601800008, 23.988642027000026], [91.335729, 23.988297001000035], [91.33640100300005, 23.98702800600006], [91.336878, 23.98611500100003], [91.33716915800005, 23.984941992000074], [91.33837, 23.984265004000065], [91.339445, 23.983328001000075], [91.340437, 23.982444], [91.34143801300007, 23.98219300100004], [91.34229399500003, 23.982649989000038], [91.342988, 23.983147001000077], [91.34474400100004, 23.98295500100005], [91.345844, 23.983096], [91.347192, 23.983942], [91.347985, 23.984059], [91.349222, 23.983794001000035], [91.35007109000009, 23.98302665800003], [91.35150401100003, 23.982655006000073], [91.35274228600008, 23.981959251000035], [91.354344, 23.98297700100005], [91.35545500300003, 23.983631995000053], [91.35621123500005, 23.984138553000037], [91.357652, 23.984019], [91.358792, 23.984327], [91.359303, 23.984969], [91.359704, 23.985679], [91.360643, 23.985984], [91.36155400100006, 23.986296], [91.36206382900008, 23.984784415000036], [91.37943868600007, 23.975760012000023], [91.37962048700007, 23.98111982300003], [91.37884968600008, 23.982086958000025], [91.37704898500004, 23.98392695600006], [91.37878551500006, 23.984717166000053], [91.3765, 23.986927], [91.37749950800008, 23.989674070000035], [91.37903582800004, 23.990935534000073], [91.37764813300004, 23.992779170000063], [91.376126, 23.99375800100006], [91.37627023300007, 23.995390177000047], [91.37482512200006, 23.996106331000078], [91.37471870800005, 24.000126735000038], [91.373596, 24.002372], [91.39531, 24.039749], [91.383512, 24.07014], [91.37448958400006, 24.107539323000026], [91.38017150700006, 24.107814529000052], [91.39086141900003, 24.108446010000023], [91.397326, 24.1098], [91.40123891400003, 24.109276874000045], [91.40441796500005, 24.11229076400008], [91.40652140500003, 24.112026927000045], [91.41085094600004, 24.114386978000027], [91.41419661300006, 24.114357616000063], [91.41755867400008, 24.111967376000052], [91.42071722900005, 24.112158075000025], [91.42214515700005, 24.10927910600003], [91.42557976100005, 24.10744580900007], [91.42713268400007, 24.10755789800004], [91.42901426500003, 24.105384247000075], [91.43065491500005, 24.100754881000057], [91.43352017400008, 24.101619619000076], [91.43754237900004, 24.100940154000057], [91.44053657900008, 24.10288860000003], [91.44134110200008, 24.09791376000004], [91.44446623900006, 24.09900693000003], [91.44854614100007, 24.100379513000064], [91.45013353100006, 24.10126617000003], [91.45127636600006, 24.100614708000023], [91.45059173600004, 24.10006136800007], [91.45161377800008, 24.09879019600004], [91.45212654300008, 24.097996635000072], [91.45335715700008, 24.098191909000036], [91.45469875900005, 24.09720215300007], [91.45713234500005, 24.097005495000076], [91.46013464400005, 24.09714857000006], [91.46284142600007, 24.09740307100003], [91.46585762400008, 24.098437071000035], [91.48249182000006, 24.097952380000038], [91.48345944200008, 24.096770255000024], [91.48754142900003, 24.095691526000053], [91.49095476800005, 24.09635612900007], [91.51208660900005, 24.08552259000004], [91.55823839800007, 24.07689616500005], [91.57255352900006, 24.077826170000037], [91.57818370700005, 24.077382226000054], [91.59204361200005, 24.08092205400004], [91.59945046600006, 24.086886175000075], [91.59169949200003, 24.09252515000003], [91.59573033500004, 24.097293929000045], [91.60015422900005, 24.096532744000058], [91.60273865100004, 24.096736974000066], [91.60379386400007, 24.094285144000025], [91.605645, 24.09347000100007], [91.607698, 24.093646001000025], [91.61096299900004, 24.092141534000064], [91.61237038100006, 24.09301743900005], [91.61461125500006, 24.094531947000064], [91.61784343400006, 24.09606681500003], [91.61957653500008, 24.09654110500003], [91.62480951800006, 24.09674959700004], [91.62621810400003, 24.099033073000044], [91.62896471700003, 24.101380181000025], [91.63172417500004, 24.100280713000075], [91.63551199100004, 24.10187410800006], [91.64656534200003, 24.156699082000046], [91.65679357000005, 24.178200167000057], [91.65715539400009, 24.17972443900004], [91.65810611800003, 24.18158978400004], [91.65843683200006, 24.183154423000076], [91.65771059600007, 24.184589897000023], [91.65886080800004, 24.186498837000045], [91.65865368500005, 24.18778251200007], [91.65918306400005, 24.188751618000026], [91.65856144600008, 24.19141447800007], [91.65816810700005, 24.19334827600005], [91.65775984500004, 24.19517524500003], [91.65493486900004, 24.19564383000005], [91.65314049200003, 24.196681415000057], [91.65285572300007, 24.197378315000037], [91.65294376900005, 24.198652044000028], [91.65406046200007, 24.200107870000068], [91.65349345400006, 24.20191363200007], [91.65457600500008, 24.202681004000056], [91.65341202900004, 24.20331493900005], [91.652776, 24.203514], [91.652523, 24.204741], [91.652696, 24.205221], [91.652563, 24.20560795700004], [91.65244100700005, 24.207105193000075], [91.651443, 24.208781001000034], [91.652216, 24.209475], [91.65128898900008, 24.210300964000055], [91.65114787600004, 24.211750378000033], [91.65050293700006, 24.212641018000056], [91.64930299300005, 24.212720992000072], [91.64937, 24.214115], [91.647683, 24.215115], [91.64860896400006, 24.216128063000042], [91.64806299900005, 24.216642], [91.64870554800007, 24.217777093000052], [91.647809, 24.218828001000077], [91.648789, 24.219902001000037], [91.64961101800009, 24.22073991700006], [91.65098270000004, 24.218424733000063], [91.652423, 24.219755], [91.65279603200008, 24.220288009000058], [91.65388801000006, 24.221875330000046], [91.65417600100005, 24.222995], [91.65580400500005, 24.223860694000052], [91.655816, 24.224849], [91.65695, 24.224929001000078], [91.65637596800008, 24.22615499400007], [91.65703, 24.227002], [91.658203, 24.228055003000065], [91.659063, 24.228135], [91.66008742600008, 24.228698140000063], [91.661463, 24.229315], [91.663163, 24.229462], [91.664037, 24.229889], [91.66419018800008, 24.232082140000045], [91.666023, 24.23325600100003], [91.66835, 24.231576], [91.667909, 24.226498], [91.667122, 24.223005], [91.66636300600004, 24.220022999000037], [91.66601654400006, 24.216975458000036], [91.66702501200007, 24.213824041000066], [91.66788089800008, 24.21028370500005], [91.671001, 24.206203], [91.67395499500003, 24.202145001000076], [91.675957, 24.198776001000056], [91.677421, 24.196070001000066], [91.67953536000005, 24.192504865000046], [91.680444, 24.189112], [91.680126, 24.186296001000073], [91.680665, 24.183120001000077], [91.679989, 24.179255001000058], [91.68021, 24.176218001000052], [91.68217, 24.172835], [91.684931, 24.169080001000054], [91.68512402200008, 24.166208978000043], [91.68899, 24.16406900100003], [91.69012200800006, 24.161265997000044], [91.694112, 24.159872001000053], [91.69694220700006, 24.161799403000032], [91.697646, 24.16355800100007], [91.701153, 24.163102], [91.70249202300005, 24.163764971000035], [91.704559, 24.161794], [91.705158, 24.158794], [91.70652, 24.156049001000042], [91.706927, 24.154641], [91.708611, 24.154518], [91.710057, 24.154234], [91.71207600100007, 24.153480001000048], [91.71307855500004, 24.153031111000075], [91.714639, 24.15397], [91.71582721100003, 24.153383702000042], [91.71828240000008, 24.152440280000064], [91.720942, 24.15234900100006], [91.72149632800006, 24.15158332900006], [91.72293745500008, 24.149205546000076], [91.72320273900004, 24.14753149300003], [91.72666493000008, 24.146769996000046], [91.72763700400009, 24.14560900300006], [91.72721499900007, 24.144433003000074], [91.72922147000008, 24.143674709000038], [91.73125098700007, 24.143970210000077], [91.732123, 24.145782], [91.73334500300007, 24.144538002000047], [91.73466399600005, 24.144923005000066], [91.736752, 24.14594100100004], [91.73826700100005, 24.144025], [91.738301, 24.143286], [91.73903236900009, 24.14207291100007], [91.740555, 24.142772001000026], [91.74212141200007, 24.141588425000066], [91.74475599100003, 24.143232994000073], [91.746513, 24.141946], [91.74918302100008, 24.141546042000073], [91.75226688200007, 24.142125372000066], [91.75663800100006, 24.141694], [91.76101881900007, 24.14211378400006], [91.74992972400008, 24.24440839600004], [91.78820287200006, 24.222402157000033], [91.79104115900003, 24.22083032000006], [91.79487465600005, 24.22093472000006], [91.79667260300005, 24.219940849000068], [91.79812814400003, 24.21979990400007], [91.79840872800008, 24.220487606000063], [91.79901559800004, 24.220400795000046], [91.79998856500004, 24.22047294500004], [91.80044578100006, 24.220186153000043], [91.80154008000005, 24.219692898000062], [91.80245318600004, 24.21981901500004], [91.80326008900005, 24.22023808000006], [91.80426580700004, 24.220372826000073], [91.80473241200008, 24.22017842500003], [91.80538997100007, 24.220655441000076], [91.80659967400004, 24.22092089100005], [91.80676498700007, 24.219767888000035], [91.80651290500003, 24.218956099000025], [91.80842301100006, 24.217873005000058], [91.80950781900003, 24.21818108100007], [91.81044300100007, 24.217669], [91.81025762600007, 24.21718006100008], [91.810588, 24.216837001000044], [91.81105699400007, 24.216631992000032], [91.81143413200004, 24.21573065700005], [91.81195662800008, 24.21497352800003], [91.812371, 24.214421001000062], [91.81285903700007, 24.21381999600004], [91.81279300500006, 24.21312700200008], [91.813037, 24.212678], [91.81425979000005, 24.212338548000048], [91.815223, 24.212176001000046], [91.81587, 24.211358001000065], [91.81620595200008, 24.21022904600005], [91.81711, 24.210526], [91.81814703300006, 24.210566001000075], [91.819408, 24.21017000100005], [91.82048994300004, 24.209436956000047], [91.82148000500007, 24.209931993000055], [91.821718, 24.210526], [91.822088, 24.21100800100004], [91.82317700100003, 24.210902], [91.824412, 24.21118000100006], [91.825164, 24.21246700100005], [91.826484, 24.213767], [91.82817721600009, 24.21327080700007], [91.82913201800005, 24.214203071000043], [91.830511, 24.215959001000044], [91.831462, 24.216877001000057], [91.83154619900006, 24.217883009000047], [91.83345500100006, 24.21828300100003], [91.834888, 24.218289], [91.836116, 24.218085001000077], [91.836835, 24.219075], [91.83787313300007, 24.21922144200005], [91.83840376800003, 24.220266822000042], [91.83766700100006, 24.220639001000052], [91.83775900500007, 24.221755001000076], [91.837047, 24.222937], [91.83714595900005, 24.22393999800005], [91.83756807200007, 24.224830996000037], [91.836796, 24.224844], [91.84611305900006, 24.224540416000025], [91.84344689600005, 24.22028101500007], [91.84890943400006, 24.223147561000076], [91.84947363700007, 24.221321334000038], [91.84547687900005, 24.218634937000047], [91.84955308000008, 24.218517220000024], [91.85504999100004, 24.213735390000068], [91.85291956600008, 24.21266504600004], [91.85147081900004, 24.20964566500004], [91.84948629500008, 24.206118196000034], [91.84658684600004, 24.20060750400006], [91.84297064500004, 24.200585191000073], [91.84363818900005, 24.198939412000072], [91.84504, 24.197668001000068], [91.84524728000008, 24.196011503000022], [91.846314, 24.195352], [91.84694993600004, 24.19359700700005], [91.84616706600008, 24.192950926000037], [91.84531499600007, 24.19169500600003], [91.846348, 24.190894], [91.84806900300003, 24.19079100400006], [91.84974800400005, 24.19111799600006], [91.85098699800005, 24.191263992000074], [91.85205400500007, 24.189998994000064], [91.85345576200007, 24.188665533000062], [91.85387, 24.187985], [91.85523, 24.186952], [91.85426300100005, 24.184832070000027], [91.853827, 24.184284], [91.854129, 24.18351000100006], [91.85554876300006, 24.183341641000027], [91.856091, 24.182486], [91.856211, 24.18169400100004], [91.858019, 24.181677001000025], [91.858501, 24.181418], [91.859336, 24.181651], [91.861074, 24.182925001000058], [91.862124, 24.182047001000058], [91.863811, 24.18135], [91.86337193700007, 24.179817999000022], [91.86442200600004, 24.180222], [91.86497956400007, 24.17869762500004], [91.866513, 24.177365001000055], [91.867649, 24.177649], [91.868727, 24.176995001000023], [91.87021508400005, 24.17678105600004], [91.870962, 24.175293], [91.873283, 24.174625], [91.873872, 24.173204], [91.87403268400004, 24.171606949000022], [91.87389600100005, 24.169693004000067], [91.874245, 24.168068], [91.875126, 24.166171960000042], [91.87440477800004, 24.163794976000077], [91.874872, 24.16221500100005], [91.876363, 24.160478001000058], [91.876117, 24.159479], [91.876942, 24.158622001000026], [91.87702101300005, 24.15762304800006], [91.87604373400006, 24.156437010000047], [91.87713199600006, 24.154284001000065], [91.87767296700008, 24.15310905900003], [91.878323, 24.15230500100006], [91.87838793700007, 24.151582037000026], [91.879168, 24.151111], [91.87802901700007, 24.150859145000027], [91.87835783900005, 24.14980035600007], [91.87880602800004, 24.149121954000066], [91.878163, 24.148529], [91.878146, 24.148033001000044], [91.87822499800006, 24.147638011000026], [91.878959, 24.147632], [91.878964, 24.14682], [91.878868, 24.146273], [91.87965973900003, 24.14551530400007], [91.88053075200008, 24.14596573600005], [91.88135967300008, 24.14541600600006], [91.88243937600004, 24.143941700000028], [91.88419055800006, 24.14145785200003], [91.88691065400008, 24.13853397200006], [91.88973415900006, 24.138045504000047], [91.89183275600004, 24.137056632000053], [91.90017442600004, 24.137801800000034], [91.90588552600008, 24.140041179000036], [91.90565211400008, 24.14280857600005], [91.90748122100007, 24.14561937700006], [91.91031884400007, 24.15020516800007], [91.91273050900008, 24.152352906000033], [91.91299424600004, 24.154760598000053], [91.91310316000005, 24.156928993000065], [91.91374308900004, 24.15862223000005], [91.91437026700004, 24.161354723000045], [91.91490455100006, 24.166678645000047], [91.91736259600003, 24.187702435000062], [91.93916505800007, 24.272888802000068], [91.92130969100003, 24.336385412000027], [91.92580798900008, 24.33640905200008], [91.93148794000007, 24.340262600000074], [91.93223785700008, 24.341193774000033], [91.93420926500005, 24.34051654800004], [91.93497740900006, 24.340288800000053], [91.93592794500006, 24.340767295000035], [91.93695104400007, 24.341897661000075], [91.93778137500004, 24.342627436000043], [91.93936130600008, 24.342514254000037], [91.94001501400004, 24.342991742000038], [91.94121902800003, 24.342934246000027], [91.94169815300006, 24.344105970000044], [91.94218940700006, 24.344960637000042], [91.94242747000004, 24.34656760300004], [91.94210864000007, 24.347170681000023], [91.94253507600007, 24.347678591000033], [91.94299126800007, 24.348060561000068], [91.94333426700007, 24.348766109000053], [91.94409669300006, 24.348967584000036], [91.94528302800006, 24.34918720400003], [91.94577575600005, 24.34869045800008], [91.94608540100006, 24.34949031700006], [91.94611529400004, 24.35019977500008], [91.94675450600005, 24.350625769000033], [91.94740950600004, 24.350921303000064], [91.94842050100004, 24.35084723800003], [91.94931776600004, 24.351183603000038], [91.95010824600007, 24.351203162000047], [91.95108015300008, 24.351863710000032], [91.95131340400008, 24.352773858000035], [91.95265413800007, 24.35339318800004], [91.95483917100006, 24.35414610600003], [91.95578772500005, 24.35524661200003], [91.96412415800006, 24.35193620700005], [91.96854148100005, 24.34557905300005], [91.97973388900004, 24.328544970000053], [91.99153697300005, 24.322933978000037], [91.99624919900003, 24.325498330000073], [91.99521003300003, 24.329123021000044], [91.99829164400006, 24.332598869000037], [91.99710092000004, 24.33697954300004], [91.99309249300006, 24.340101270000048], [91.98904795900006, 24.34438803300003], [91.98779732300005, 24.347324951000076], [91.98632745100008, 24.34846118400003], [91.98585329900004, 24.34960499500005], [91.98460316000006, 24.350893086000042], [91.98272302600003, 24.352655023000068], [91.98075036500006, 24.354516510000053], [91.97988922300004, 24.355991076000066], [91.97922618100006, 24.35816903400007], [91.97954959800006, 24.36055653300008], [91.98172975600005, 24.35906589600006], [91.98468989900005, 24.35974176700006], [91.98164649200004, 24.362779746000058], [91.98033058500005, 24.364708096000072], [91.97832715200008, 24.367302841000026], [91.97756129400005, 24.37184197700003], [91.97432084300004, 24.370932590000052], [91.97054495500004, 24.375258408000036], [91.96915633100008, 24.37950425100007], [91.96947057800008, 24.384440797000025], [91.98335797300007, 24.376720075000037], [91.98655650700005, 24.37680191000004], [91.98857960500004, 24.38032755000006], [91.99093454700005, 24.385555426000053], [91.98777545000007, 24.390263206000043], [91.99124228500006, 24.390180672000042], [91.99326648900006, 24.38883682100004], [91.99582759100008, 24.389711972000043], [91.99631770500008, 24.393728965000037], [91.99780932100003, 24.39249036900003], [91.99985405700005, 24.391831429000035], [92.00085581300004, 24.39033956000003], [92.00359211100005, 24.388850881000053], [92.00500638800008, 24.387099486000068], [92.00535066200007, 24.38502274500007], [92.00561098300005, 24.382383021000066], [92.00639391000004, 24.382417668000073], [92.00728358500004, 24.381513038000037], [92.00875905700008, 24.381722814000057], [92.01012211800008, 24.381891060000044], [92.01077302900006, 24.382916754000064], [92.01208128100006, 24.382837507000033], [92.01336401400005, 24.38360662100007], [92.01442393300005, 24.38405276900005], [92.01598195300005, 24.38406584300003], [92.01658574100009, 24.384823978000043], [92.01785630900008, 24.38504079200004], [92.01891278300008, 24.385808716000042], [92.01986122200003, 24.38669268600006], [92.02174903600007, 24.386147438000023], [92.02331591600006, 24.384929514000078], [92.02263854900008, 24.384085802000072], [92.02143147400005, 24.383459548000076], [92.02247479300007, 24.383001969000077], [92.02407231000007, 24.383391087000064], [92.02486503100005, 24.38343616800006], [92.02509554200003, 24.382580330000053], [92.02608068900008, 24.382404697000027], [92.02680213100007, 24.38137092900007], [92.02721408500008, 24.38068356200006], [92.02717765000006, 24.37987492700006], [92.02786490400007, 24.379803224000057], [92.02848005700008, 24.380043844000056], [92.02943189600006, 24.380183818000035], [92.03068780200005, 24.379466966000052], [92.03102046400005, 24.379601236000042], [92.03188792900005, 24.37933160700004], [92.03267189600007, 24.37933300800006], [92.03329490100003, 24.37938609200006], [92.03326666400005, 24.378825396000025], [92.03405394200007, 24.37914205100003], [92.03461972200006, 24.37981235700005], [92.03569664100007, 24.379790635000063], [92.03574716900005, 24.380136348000065], [92.03626778200004, 24.379343305000077], [92.03710469600009, 24.378708887000073], [92.03776110100006, 24.377659830000027], [92.03890035700005, 24.377084887000024], [92.04064918800003, 24.37710338900007], [92.04230274500009, 24.377275815000075], [92.04304432500004, 24.376605873000074], [92.04345182500003, 24.37529492500005], [92.04477646300006, 24.37514242800006], [92.04673380900005, 24.377130021000028], [92.04914461300007, 24.376043581000033], [92.08443115500006, 24.37645247200004], [92.08618360100007, 24.374467226000036], [92.08653304500007, 24.37310335500007], [92.09059532400005, 24.372206179000045], [92.09277737100007, 24.372927236000066], [92.09740935400004, 24.372628753000072], [92.09761223100008, 24.37503001700003], [92.10038942800008, 24.37659912500004], [92.10007432900005, 24.38056569300005], [92.10229278100007, 24.382950567000023], [92.10443826800008, 24.381120011000064], [92.10674838800009, 24.38203743300005], [92.10862262900008, 24.38114039000004], [92.11010965700007, 24.380170134000025], [92.11149703400008, 24.381032936000054], [92.11252282100008, 24.381164771000044], [92.11364770700004, 24.381359032000034], [92.11446690900004, 24.381739701000072], [92.11584829900005, 24.38151005000003], [92.11735909900005, 24.381254042000023], [92.11819889800006, 24.380823983000028], [92.11786623600005, 24.38186428100005], [92.11908755000007, 24.381972241000028], [92.11995634900006, 24.38240617400004], [92.12090810800004, 24.38311735600007], [92.12147682300008, 24.38229904700006], [92.12145531800007, 24.38376253200005], [92.12197663700005, 24.384656299000028], [92.12284343900006, 24.385056827000028], [92.12211844600006, 24.385988388000044], [92.12149724200003, 24.38698973700008], [92.12006981800005, 24.387796281000078], [92.11961829400008, 24.388513553000053], [92.12025798000008, 24.389599662000023], [92.11992186900005, 24.38995589500007], [92.11890689200004, 24.390344199000026], [92.11959742800008, 24.39157224300004], [92.12098867700007, 24.392354863000037], [92.12166304600004, 24.393935062000025], [92.12251147100005, 24.39555811200006], [92.12391291200004, 24.396855198000026], [92.12541684600006, 24.39658246500005], [92.12670420600006, 24.397550980000062], [92.12684753600007, 24.399437824000074], [92.12820360200004, 24.399704297000028], [92.12748925700004, 24.401169775000028], [92.12868715800005, 24.40262473300004], [92.13009460300003, 24.404021872000044], [92.13176990900007, 24.406500986000026], [92.13198418800005, 24.40641609000005], [92.13312807300008, 24.406782889000056], [92.13411964800008, 24.40722997900008], [92.13483862600003, 24.40803208400007], [92.13491371200007, 24.409231525000052], [92.13445154700008, 24.41022484900003], [92.13265472000006, 24.410923084000046], [92.13348380100007, 24.412443600000074], [92.13300811400006, 24.413986215000023], [92.13313926500007, 24.41584215100005], [92.13323857900008, 24.417185473000075], [92.13476046200003, 24.41848149300006], [92.13652809200005, 24.420110970000053], [92.13644362200006, 24.422097706000045], [92.13649936000007, 24.424741504000053], [92.13978636200005, 24.423777684000072], [92.14437749100006, 24.422922308000068], [92.14660839000004, 24.421902352000075], [92.14859807300007, 24.421430262000058], [92.14991952100007, 24.422715323000034], [92.15285829300007, 24.424475950000044], [92.15477650500009, 24.42455588200005], [92.15683579400007, 24.422777401000076], [92.16054465100007, 24.422406574000036], [92.16108953200006, 24.42058677700004], [92.16361373500007, 24.418730467000046], [92.16435787000006, 24.419488799000078], [92.16579600500006, 24.42177677500007], [92.16648470900003, 24.42269308500005], [92.16800371700003, 24.42560968400005], [92.16910612700008, 24.428467838000074], [92.16580542200006, 24.429445462000047], [92.16725257000007, 24.434725555000057], [92.16354645300004, 24.436648164000076], [92.16370935400005, 24.44260736800004], [92.16243596900006, 24.446501242000068], [92.16149562600003, 24.45262918900005], [92.16024646800008, 24.459026993000066], [92.15911176700007, 24.460736344000054], [92.16053894100008, 24.46313225600005], [92.15865899900007, 24.465191485000048], [92.15597609900004, 24.46536259000004], [92.15544779300006, 24.46743648000006], [92.15779633000005, 24.46858773200006], [92.15845254100003, 24.469128905000048], [92.15532239600003, 24.46920622300007], [92.15381784900006, 24.471566218000078], [92.15627536300008, 24.47374117100003], [92.15761038900007, 24.47410350900003], [92.15510308600005, 24.47815373800006], [92.15206778100008, 24.483416659000056], [92.15362830500004, 24.48756130000004], [92.15150090700007, 24.490088359000026], [92.15177767500006, 24.494631463000076], [92.15332632200005, 24.50111931600003], [92.15541347100003, 24.503893955000024], [92.15565391200005, 24.510276737000027], [92.15235610300005, 24.508504007000056], [92.15456795900008, 24.51110139700006], [92.15369577700005, 24.515146344000073], [92.15784375100009, 24.515922986000078], [92.15516496500004, 24.518656973000077], [92.15546235000005, 24.51984145600005], [92.15768427600005, 24.52206275700007], [92.15476805000009, 24.52350382700007], [92.16014975600007, 24.526081383000076], [92.16128610500004, 24.529081132000044], [92.16416317700003, 24.52893675000007], [92.16544614400004, 24.53132649500003], [92.16942772400006, 24.531846383000072], [92.17633921600003, 24.524994742000047], [92.17996140100007, 24.523485524000023], [92.18286151700005, 24.522480991000066], [92.18646166600007, 24.520959640000058], [92.19066126300004, 24.517799525000044], [92.19435959500004, 24.514782629000024], [92.19809369200004, 24.510330709000073], [92.20161060300006, 24.50873775200006], [92.20663405700003, 24.50619787200003], [92.21204962900003, 24.50390146500007], [92.21917880600006, 24.514143871000044], [92.22319960100003, 24.517310751000025], [92.23024058600004, 24.529871435000075], [92.23352133400005, 24.572880886000064], [92.23462454400004, 24.575228535000065], [92.23420163900005, 24.577917943000045], [92.23345135100004, 24.58205812800003], [92.23436198000007, 24.586160015000075], [92.23556093300004, 24.592056153000044], [92.23564775700004, 24.595938818000036], [92.23730792500004, 24.599990271000024], [92.23874032400005, 24.605170242000042], [92.24061206800008, 24.608877951000068], [92.24190228500004, 24.614168387000063], [92.24397752300007, 24.616639779000025], [92.24416630200005, 24.619890017000046], [92.24342735100004, 24.623434950000046], [92.24413905500006, 24.627015346000064], [92.24623947600008, 24.63200399300007], [92.24747707800003, 24.636571782000033], [92.24918115700007, 24.642643405000058], [92.24933896800007, 24.646648839000022], [92.24763682300005, 24.652479456000037], [92.24781539900005, 24.656229137000025], [92.24954666100007, 24.659051404000024], [92.25218660100006, 24.661450940000066], [92.25488626900005, 24.667353696000077], [92.25697139800008, 24.672939936000034], [92.25468730200004, 24.67693564500007], [92.25802278900005, 24.679786738000075], [92.25858041800007, 24.683900394000034], [92.26099735600008, 24.689035888000035], [92.26598076400006, 24.691414698000074], [92.26885149400005, 24.69690988600007], [92.27243517000005, 24.70298378500007], [92.27604040100005, 24.707641206000062], [92.27680237900006, 24.711160267000025], [92.28044142500005, 24.714508970000054], [92.28271768100007, 24.717844204000073], [92.28530498700007, 24.720055675000026], [92.28721067700008, 24.72282474700006], [92.28859948000007, 24.724742991000028], [92.29054103200008, 24.727789408000035], [92.29161189300004, 24.729850708000072], [92.29238097800004, 24.730964038000025], [92.29337763000007, 24.731609130000038], [92.29389039800003, 24.732646283000065], [92.29432295000004, 24.733723902000065], [92.29438121900006, 24.734976583000048], [92.29550066300004, 24.73643775200003], [92.28286501200006, 24.742492988000038], [92.28056594200007, 24.74446338100006], [92.27973110500005, 24.745532549000075], [92.28028732100006, 24.747746438000036], [92.28600403200005, 24.755735488000028], [92.28549694700007, 24.774713899000062], [92.28687906200008, 24.776744214000075], [92.28787918700004, 24.778445696000063], [92.28824772700005, 24.781794043000048], [92.28917561500003, 24.785380936000024], [92.28792780000003, 24.787049039000067], [92.28686820700005, 24.78891499200006], [92.28474170600003, 24.788909252000053], [92.28383801100006, 24.789128692000077], [92.28127564500005, 24.79044291400004], [92.27985490800006, 24.79384660200003], [92.27891704000007, 24.797234502000038], [92.27449476300006, 24.80303727100005], [92.27599924200007, 24.810803213000042], [92.27451590500004, 24.81333100100005], [92.27578534000008, 24.815562396000075], [92.27372644600007, 24.81969543200006], [92.27261221200007, 24.826719104000063], [92.26694413700005, 24.83023294700007], [92.25995213900006, 24.830484891000026], [92.25411211600004, 24.831941243000074], [92.25004501500007, 24.830305907000024], [92.25145766400004, 24.83645223800005], [92.25248562600007, 24.838443382000037], [92.24448151600006, 24.84054217700003], [92.24169749600009, 24.844191419000026], [92.24028984600005, 24.85209884300008], [92.23971893800007, 24.856974179000076], [92.23507426900005, 24.861819832000037], [92.23766648000009, 24.865996692000067], [92.24237862500007, 24.868126043000075], [92.24601792100003, 24.869302349000066], [92.24508060500006, 24.872044980000055], [92.24735534200005, 24.88326033800007], [92.24157948800007, 24.889335736000078], [92.23598917300006, 24.895774887000073], [92.23930503900004, 24.90427560300003], [92.28076207800007, 24.905844553000065], [92.30688387400005, 24.90394397800003], [92.32768732200003, 24.89210839800006], [92.34363185600006, 24.888928683000074], [92.36020843500006, 24.879202887000076], [92.37709757200008, 24.869463219000068], [92.38657780400007, 24.85203336400008], [92.41554771400007, 24.85800444000006], [92.43954326000005, 24.868213135000076], [92.47794213600008, 24.871540736000043], [92.49145169000008, 24.874728565000055], [92.49257769300004, 24.87738993000005], [92.49479777300007, 24.887566451000055], [92.49451866100009, 24.903925688000072], [92.49297042000006, 24.915335647000063], [92.48827258000006, 24.922518186000048], [92.48426621100003, 24.92898455200003], [92.48649728800007, 24.940147929000034], [92.48042538800007, 24.946836312000073], [92.46649219200003, 24.942907972000057], [92.44860723000005, 24.946835333000024], [92.46983405100008, 24.96129204600004], [92.45106523600003, 24.967942867000033], [92.42843948800004, 24.965860709000026], [92.42277175000004, 24.985444880000045], [92.41997977900007, 24.999912279000057], [92.42448751700005, 25.011700079000036], [92.42433879300006, 25.03049509400006], [92.41935861600007, 25.029397777000042], [92.41169535700004, 25.02991186500003], [92.40351204200005, 25.03244836400006], [92.39790683600006, 25.034022323000045], [92.38791292800005, 25.040140302000054], [92.38494010800008, 25.04178883700007], [92.38401765500004, 25.04179253600006], [92.38302510200003, 25.038912778000054], [92.38157223800005, 25.039281724000034], [92.38020499700008, 25.041161963000036], [92.37812797200007, 25.040677102000075], [92.37615848600007, 25.042781355000045], [92.37506935500005, 25.043615208000062], [92.37245711600008, 25.043051352000077], [92.37053403700008, 25.04163843400005], [92.36894029600006, 25.043769239000028], [92.36715617400006, 25.04707836600005], [92.36015002600004, 25.04702691800003], [92.35669347700008, 25.05023605200006], [92.35363766100005, 25.049337982000054], [92.34641521600008, 25.048825729000043], [92.34449179500007, 25.05629114800007], [92.34757970000004, 25.061313674000075], [92.34715193700004, 25.07361515100007], [92.34377823300008, 25.074404566000055], [92.33842835500008, 25.07588581600004], [92.33533771800006, 25.07760759200005], [92.33275896400005, 25.078581893000035], [92.32559640000005, 25.078268253000033], [92.32164148300006, 25.078258427000037], [92.32088179200008, 25.076514925000026], [92.31977823600005, 25.07515913900005], [92.31879446700003, 25.073487386000068], [92.31901784800004, 25.072135795000065], [92.31907180100006, 25.07116065100007], [92.31834094000004, 25.070061805000023], [92.31544449800003, 25.071411453000053], [92.31237368500007, 25.07085498300006], [92.29879234900005, 25.072777254000073], [92.28762501900007, 25.077080914000078], [92.26861366200006, 25.082690815000035], [92.26000399600008, 25.084699860000057], [92.25156951700006, 25.08740424800004], [92.23506491800003, 25.094748889000073], [92.22947076200006, 25.095799945000067], [92.22238761900007, 25.10061038300006], [92.20771463800008, 25.114617957000064], [92.22138261600008, 25.11390439200005], [92.22613915000005, 25.117404127000043], [92.22087201200009, 25.117278417000023], [92.19737326500007, 25.126303885000027], [92.18968813000004, 25.13535525800006], [92.18991101500006, 25.128246529000023], [92.17681790900008, 25.126976616000036], [92.15942809600006, 25.130313921000038], [92.16292368300003, 25.136289989000034], [92.15906649900006, 25.13420941100003], [92.14995444500005, 25.13479133800007], [92.13545139700005, 25.14215765600005], [92.13468936100008, 25.149749856000028], [92.13874755000006, 25.152643703000024], [92.12936936200003, 25.16159354000007], [92.08965121900007, 25.17828619200003], [92.07650987700003, 25.17961262600005], [92.05604405900004, 25.18677417600003], [92.04939597000003, 25.186924653000062], [92.04628102500004, 25.186436224000033], [92.04035003800004, 25.185767052000074], [92.03211147900004, 25.183623026000078], [92.01473987300005, 25.18712423900007], [92.00200494100005, 25.185409994000054], [91.97682341000007, 25.168486632000054], [91.96339405500004, 25.177374959000076], [91.92318822500005, 25.18067879700004], [91.87738050700005, 25.174649857000077], [91.83540178400006, 25.17764146500008], [91.79183270800007, 25.167778774000055], [91.74789169400003, 25.174130562000073], [91.74417169900005, 25.148278636000043], [91.74483517600004, 25.14093831100007], [91.73554022200005, 25.149839107000048], [91.73285323200008, 25.150347363000037], [91.71274317600006, 25.157358489000046], [91.70188041100005, 25.15713654800004], [91.70000721400004, 25.14784908400003], [91.69417693600008, 25.141344667000055], [91.68354254900004, 25.13641225600003], [91.66783072100009, 25.137163109000028], [91.65164121500004, 25.127596589000063], [91.64026270900007, 25.123031490000074], [91.63284225800004, 25.124425909000024], [91.62255171700008, 25.129894471000057], [91.62061115200004, 25.143804871000043], [91.61375123800008, 25.143112418000044], [91.60883114200004, 25.145637762000035], [91.60464984600009, 25.142253442000026], [91.59918907600007, 25.15215236100005], [91.60287487500005, 25.15660770100004], [91.59956565300007, 25.158860821000076], [91.60039809500006, 25.16156249100004], [91.60743720300007, 25.169653487000062], [91.61187399400006, 25.176224835000028], [91.60954567600004, 25.175442021000038], [91.60072967500008, 25.174509193000063], [91.57989453700009, 25.172757486000023], [91.57141785400006, 25.165505390000078], [91.57158020000008, 25.16285716300007], [91.57534453600005, 25.161337096000068], [91.56252917900008, 25.160217756000065], [91.55597912300004, 25.149879545000033], [91.52018241700006, 25.145951366000077], [91.50233241500007, 25.14407331500007], [91.49007691600008, 25.13612170600004], [91.46397113200004, 25.135104209000076], [91.46720423700003, 25.14614328300007], [91.45672834300007, 25.148414629000058], [91.43264643800006, 25.156960823000077], [91.42257470700008, 25.162182631000064], [91.40067473200008, 25.165613717000042], [91.36867499700008, 25.17076585800004], [91.35650538300007, 25.173918782000044], [91.34657419600006, 25.17428903800004], [91.32697350600006, 25.176317288000064], [91.31761677200006, 25.183810057000073], [91.29163638700004, 25.18439012700003], [91.28924185000005, 25.190997312000036], [91.29205336900009, 25.19300998600005], [91.26791197000006, 25.207313843000065], [91.23458710300008, 25.199215992000063], [91.20439331500006, 25.201057347000074], [91.17362202600003, 25.19756891700007], [91.15202665200007, 25.196267270000078], [91.10307785800006, 25.196016932000077], [91.07184301700005, 25.194724045000044], [91.06246365000004, 25.19130487900003], [91.05275519300005, 25.19188041600006], [91.03964961200006, 25.187855213000034], [91.02201509700006, 25.18658096100006], [91.00763884200006, 25.18114042900004], [90.99139383300007, 25.177803408000045], [90.97376396900006, 25.17491207200004], [90.96137886000008, 25.17097755700007], [90.94731703200006, 25.169115419000036], [90.92546341600007, 25.162053252000078], [90.91073278200008, 25.16275832100007], [90.89965675800005, 25.16392754800006], [90.88286173600005, 25.166217431000064], [90.87023992600007, 25.160395653000023], [90.85885613100004, 25.158172707000062], [90.84302366100007, 25.161572532000037], [90.84062078800008, 25.162559677000047], [90.83224584000004, 25.161147173000074], [90.81921882100005, 25.163398702000052], [90.81880092200004, 25.16622099400007], [90.81623313000006, 25.167797534000044], [90.81396211300006, 25.16550694600005], [90.81471380100004, 25.164359864000062], [90.80995586300008, 25.16492063900006], [90.80435649400005, 25.16864610400006], [90.80484564000005, 25.172237709000058], [90.80298868200003, 25.173165969000024], [90.79719128200009, 25.175954782000076], [90.79475852700006, 25.180700158000036], [90.79230018400006, 25.18047315800004], [90.78428986900008, 25.179664691000028], [90.78103387100003, 25.183172209000077], [90.77456240600009, 25.18215778600006], [90.76246982800006, 25.177135314000054], [90.75967129200006, 25.168424852000044], [90.74854387800008, 25.165770789000078], [90.73937422700004, 25.167482908000068], [90.73798692600008, 25.16408370000005], [90.73363634500004, 25.15522992800004], [90.72673310000005, 25.158765868000046], [90.72557794100004, 25.160412372000053], [90.72480811800006, 25.163423643000044], [90.72212865000006, 25.164902535000067], [90.70603290900004, 25.162954152000054], [90.69925739700005, 25.159666611000034], [90.68939878500004, 25.164049014000057], [90.68115063500005, 25.16742146400003], [90.68647204100006, 25.174222617000055], [90.67819262200004, 25.17240077100007], [90.67619630800004, 25.175598556000068], [90.67195432100004, 25.17436732400006], [90.67225851800004, 25.170831977000034], [90.67081565700005, 25.169063185000027], [90.66846483000006, 25.16609796700004], [90.66586876700006, 25.167055237000056], [90.66577319300006, 25.170414442000038], [90.66370924200004, 25.17331806800007], [90.66362812600005, 25.177542052000035], [90.66504756000006, 25.18276972900003], [90.66315977100004, 25.189693403000035], [90.66030040900006, 25.18882140100004], [90.65521097700008, 25.189045356000065], [90.65409375200005, 25.191982824000036], [90.65181840000008, 25.188985829000046], [90.64343221500008, 25.182549143000074], [90.64113508400004, 25.17489814000004], [90.62706705600004, 25.172506673000044], [90.61774066100008, 25.17360203000004], [90.61385861700006, 25.174120639000023], [90.60991960700005, 25.177987426000072], [90.60472171900005, 25.174831535000067], [90.59419449000006, 25.176033457000074], [90.58522925000005, 25.173926080000058], [90.58342589800009, 25.17349533600003], [90.58200231700005, 25.173704647000022], [90.57739373300006, 25.17322268500004], [90.55117374700006, 25.17525738300003], [90.53476928600008, 25.174048886000037], [90.51091934700008, 25.175300845000038], [90.50947493300004, 25.174719357000072], [90.49903987200008, 25.17187231500003], [90.49486815800003, 25.16678729000006], [90.48835097100005, 25.164201767000066], [90.47735183200007, 25.158909022000046], [90.44933974100007, 25.14609544500007], [90.39765361200006, 25.159794214000044], [90.34148071000004, 25.18298365100003], [90.29115960100006, 25.193793065000023], [90.24994379800006, 25.20005218500006], [90.23833009200007, 25.203472385000055], [90.22599839600008, 25.201545088000046], [90.19876652500005, 25.210255011000072], [90.10354020200003, 25.230918532000032], [90.04773077000004, 25.260407602000043], [89.98553029500005, 25.28025667000003], [89.94373141300008, 25.30463798200003], [89.90236786700007, 25.30545201600006], [89.89931073000008, 25.30492812600005], [89.89744055700004, 25.30217303300003], [89.89484703300008, 25.298914332000038], [89.89201805400006, 25.295029575000058], [89.86305277200006, 25.288016037000034], [89.83112935300005, 25.29618381100005], [89.84014318700008, 25.318213628000024], [89.83114218700007, 25.33498762800008], [89.82408218700004, 25.34743562700004], [89.82117551700009, 25.368292938000025], [89.82115749300004, 25.38507312300004], [89.82727274000007, 25.40635280600003], [89.83045986000008, 25.43091069700006], [89.83955195700008, 25.451361639000027], [89.84637624700008, 25.460302694000063], [89.85205218700008, 25.46704162700007], [89.85039518700006, 25.47380462700005], [89.84965151600005, 25.482465999000055], [89.84986118700004, 25.486775627000043], [89.85076618600004, 25.493938616000037], [89.85437343700005, 25.499891700000035], [89.85774729300005, 25.506406944000048], [89.85925712000005, 25.51979850600003], [89.85283118700005, 25.535417626000026], [89.85623103100005, 25.540636862000042], [89.86400418400007, 25.544027630000073], [89.86640818700005, 25.55656262800005], [89.86892146600007, 25.566163604000053], [89.87276125800008, 25.57233280400004], [89.87516818700004, 25.579973627000072], [89.87318372300007, 25.587693926000043], [89.87561218700006, 25.59501762700006], [89.88049418700007, 25.609098627000037], [89.87698005200008, 25.642788074000066], [89.86413433300004, 25.664713993000078], [89.84878286700007, 25.691522087000067], [89.85045243600007, 25.70328550000005], [89.84973188600009, 25.71359374000008], [89.83023877100004, 25.726066071000048], [89.83670446300005, 25.751995471000043], [89.83965541900005, 25.769122565000032], [89.83305783000009, 25.78873876600005], [89.82850404900006, 25.79781285300004], [89.82604277300004, 25.82981027900007], [89.83868364000006, 25.876201325000068], [89.85038869700008, 25.894039315000043], [89.87332418700004, 25.918794627000068], [89.88357310400005, 25.946086586000035], [89.84645606200007, 25.941429674000062], [89.82516188700004, 25.949842441000044], [89.84607037400008, 25.956305287000077], [89.84147052900005, 25.969968042000062], [89.85898459900005, 25.96935251000008], [89.87290035400008, 25.976603425000064], [89.87056710300004, 25.98153515200005], [89.86431150000004, 25.983514075000073], [89.85043185900008, 25.990330108000023], [89.84662538300006, 26.002243461000035], [89.83250370000007, 25.997873989000027], [89.829575, 25.98347300100005], [89.82110346400003, 25.986663647000057], [89.816617, 25.992697001000067], [89.815505, 25.997594], [89.820314, 25.997576], [89.81908985300004, 26.003983170000026], [89.82190249700005, 26.010028326000054], [89.81668, 26.017346001000078], [89.817128, 26.02350700100004], [89.815599, 26.029479], [89.80814740400007, 26.043676942000047], [89.80339846600003, 26.037984537000057], [89.79576234400008, 26.021690897000042], [89.78796788800008, 26.019423972000027], [89.79343634100007, 26.023339665000037], [89.79881634000003, 26.034573331000047], [89.79494196700006, 26.042573376000064], [89.79135092800004, 26.034068715000046], [89.78594292300005, 26.040670177000038], [89.77520132300003, 26.040645848000054], [89.78656211200007, 26.047627181000053], [89.78490012600008, 26.051775187000032], [89.79007075200008, 26.057414729000072], [89.79659381000005, 26.059711727000035], [89.79781953200006, 26.061982253000053], [89.79754828400007, 26.06448092900007], [89.79794418900008, 26.065846346000058], [89.79499551400005, 26.072583037000072], [89.79371028000008, 26.076705697000023], [89.79497414800005, 26.085419510000065], [89.78162052900007, 26.08574512100006], [89.78480252000008, 26.098432117000073], [89.78548570700008, 26.10227492000007], [89.78005568200007, 26.10650054300004], [89.76955341800004, 26.105208359000073], [89.75795902700008, 26.107991103000074], [89.75832941100003, 26.11649164100004], [89.76576311900004, 26.13153409800003], [89.75559269600006, 26.141459499000064], [89.74783016400005, 26.15715637900007], [89.73193500400004, 26.158366391000072], [89.72025444000008, 26.160786943000062], [89.71678503600003, 26.16796431000006], [89.71043883700008, 26.16246190100003], [89.69987903500004, 26.155855099000064], [89.68156525500007, 26.16359871000003], [89.69156377200005, 26.169744792000074], [89.69118151200007, 26.178163832000052], [89.68230997200004, 26.193921990000035], [89.68071902300005, 26.197645531000035], [89.67333540300007, 26.20433971400007], [89.67932312600004, 26.20995981300007], [89.68887563100003, 26.210646690000033], [89.68851991000008, 26.211537871000075], [89.68107661400006, 26.212415644000032], [89.67879028800007, 26.223640789000058], [89.68938666700006, 26.221355352000046], [89.68448046000003, 26.22271449400006], [89.68570641500008, 26.226674841000033], [89.68255707100008, 26.227302267000027], [89.67967315700008, 26.23731547400007], [89.67660683300005, 26.233391508000068], [89.67217043100004, 26.228540554000062], [89.67148304700004, 26.222753530000034], [89.66478611300005, 26.22120542600004], [89.65555558500006, 26.21920876300004], [89.64544474400003, 26.225730533000046], [89.63787247900007, 26.22908241600004], [89.63387077600004, 26.219474304000073], [89.63336822800005, 26.213186112000074], [89.63905052500007, 26.202592192000054], [89.64428086700008, 26.195738609000045], [89.64779780900005, 26.18935666400006], [89.64708777700008, 26.186419924000063], [89.64062600300008, 26.186363243000073], [89.63506663100009, 26.19144085000005], [89.63064443700006, 26.19158291900004], [89.63015344600007, 26.182845675000067], [89.63535845200005, 26.179962857000078], [89.64347616600008, 26.18280264300006], [89.65112888100003, 26.18098891300008], [89.65805825500007, 26.17754363000006], [89.65485865500006, 26.170325062000074], [89.65096034100009, 26.170609370000022], [89.64931813800007, 26.166248663000033], [89.64028838500008, 26.166728371000033], [89.63651025000007, 26.172149972000057], [89.63487910700007, 26.175417899000024], [89.63259360200004, 26.179557072000023], [89.62645538700008, 26.177120139000067], [89.62152978200004, 26.172686847000023], [89.62384335100006, 26.178729705000023], [89.61164317600009, 26.17840313800008], [89.60804111100003, 26.17954581500004], [89.61242275500007, 26.176349905000052], [89.61310845100007, 26.173099165000053], [89.61277650800008, 26.167482790000065], [89.61730183700007, 26.166315343000065], [89.61148840900006, 26.16194853500008], [89.60813701900008, 26.15796623400007], [89.60969302500007, 26.154089514000077], [89.60751284600008, 26.157644168000047], [89.60476315800008, 26.15736949500007], [89.600296, 26.159242001000052], [89.59567670900003, 26.16010863400004], [89.591093, 26.156923], [89.59763881400005, 26.15342064500004], [89.596895, 26.149212001000024], [89.595388, 26.140653001000032], [89.59649107100006, 26.134755922000068], [89.60322920500005, 26.12748063500004], [89.60693616700007, 26.123314074000064], [89.60316449000004, 26.12356387400007], [89.60356685200009, 26.11817966600006], [89.60867701100005, 26.120339044000048], [89.613042, 26.127852], [89.61555400100008, 26.122715001000074], [89.621839, 26.123754], [89.623543, 26.127828], [89.626329, 26.128475], [89.62845603700003, 26.125366834000033], [89.63001330600008, 26.11903367700006], [89.621882, 26.111176], [89.613364, 26.106971001000034], [89.60601, 26.106455], [89.60294004800005, 26.111245241000063], [89.59976735500004, 26.109095512000067], [89.59760215000006, 26.107420155000057], [89.598965, 26.10352400100004], [89.59449701000005, 26.10166600900004], [89.60099299700005, 26.096082999000032], [89.60720900300004, 26.09006400100003], [89.609148, 26.092584001000034], [89.614207, 26.095206], [89.613518, 26.100682], [89.61867400100004, 26.10269], [89.62345800100007, 26.105103936000035], [89.630164, 26.106989], [89.63624200100008, 26.099553998000033], [89.63220196400005, 26.096933903000036], [89.636417, 26.092305], [89.636806, 26.08914], [89.63513500200008, 26.08558098800006], [89.63591400600006, 26.077240991000053], [89.64278132400005, 26.072531983000033], [89.649071, 26.06736600100004], [89.64851900400004, 26.06182500500006], [89.64130100100004, 26.062489995000078], [89.63410000200008, 26.06168701000007], [89.62771313300004, 26.059861167000065], [89.62264499800006, 26.05509100200004], [89.61621276500006, 26.05677197500006], [89.614726, 26.059585001000073], [89.609466, 26.063330001000054], [89.60484699400007, 26.063143962000026], [89.60854841000008, 26.057761627000048], [89.61342094400004, 26.054204420000076], [89.60280631400008, 26.04760863000007], [89.59217802900008, 26.044899627000063], [89.59739084900008, 26.039504640000075], [89.59399312600004, 26.035634498000036], [89.59026555900004, 26.037355449000074], [89.58722631500007, 26.03585988100008], [89.58483964100003, 26.028407495000067], [89.58164281800003, 26.025757613000053], [89.57885736200006, 26.020442716000048], [89.58088697600004, 26.01206404800007], [89.58074324200004, 26.006902810000042], [89.57987893100005, 26.002453424000066], [89.58586499000006, 25.995789656000056], [89.58422818900004, 25.987784144000045], [89.58613819600004, 25.982117463000066], [89.58561009300007, 25.977279087000056], [89.58272696300008, 25.97900462000007], [89.57473293600003, 25.98063774900004], [89.57627871000005, 25.97785557000003], [89.57780304200008, 25.969921044000046], [89.56846114000007, 25.968226205000065], [89.56635810800003, 25.980319219000023], [89.56368297300008, 25.97366302100005], [89.55929867400005, 25.97025819600003], [89.54823412900004, 25.96747001500006], [89.53806795500003, 25.974420747000067], [89.54100912900003, 25.982781113000044], [89.53563617700007, 25.988913860000025], [89.53774647100005, 25.994411282000044], [89.54677147900009, 25.998088042000063], [89.54477154400007, 26.002170566000075], [89.53781250700007, 26.00675206300008], [89.53736694900005, 26.00535188200007], [89.53815049700006, 26.00219562600006], [89.53306635600006, 26.003955013000052], [89.52517021900007, 26.006420492000075], [89.51833854100005, 26.00928667100004], [89.50833813700007, 26.001793415000066], [89.49703486800007, 26.002850762000037], [89.49070050800003, 26.00426180200003], [89.48289201700004, 25.99866028100007], [89.46261272900006, 25.99840987500005], [89.45184657800007, 26.005326635000074], [89.43600456400009, 26.009503049000045], [89.42662095700007, 26.015274005000038], [89.42731466900005, 26.01717427400007], [89.433519, 26.031241], [89.42555257500004, 26.045232041000077], [89.42326603900005, 26.043580312000074], [89.40788949600005, 26.041415693000033], [89.40798761200006, 26.03924724500007], [89.40756433300004, 26.036116487000072], [89.40517216100005, 26.033400672000027], [89.40472113700008, 26.030534059000047], [89.39922516900003, 26.026140826000074], [89.39027118400008, 26.019696401000033], [89.39427855600007, 26.01252725300003], [89.39262393000007, 26.007116301000053], [89.38870530800006, 26.009201517000065], [89.38427926700007, 26.010687204000078], [89.37794592400007, 26.010531481000044], [89.37611995000003, 26.01084068800003], [89.37424448600007, 26.011085252000044], [89.37230506100008, 26.011632862000056], [89.37015253500005, 26.00898950000004], [89.36467014000004, 26.00807013900004], [89.36074074400005, 26.008232519000046], [89.35678898200007, 26.007598564000034], [89.35388082900005, 26.01180077600003], [89.35120364800008, 26.010215027000072], [89.34839450400005, 26.01223325500007], [89.34423419200004, 26.01305162600005], [89.34683030200006, 26.013857984000026], [89.34881082500004, 26.01462603300007], [89.34891518700005, 26.016357628000037], [89.34665177600004, 26.016311779000034], [89.34466571100006, 26.01532899500006], [89.34347674100007, 26.01640867200007], [89.34391792400004, 26.01569715000005], [89.34055242400007, 26.01511214100003], [89.34033460500007, 26.017287103000058], [89.33724684600008, 26.018038739000076], [89.33828343100004, 26.019048113000053], [89.33748585400008, 26.01961975200004], [89.33745497000007, 26.019945595000024], [89.33731166500007, 26.02222264900007], [89.33618568900005, 26.020284373000038], [89.33549745000005, 26.021127100000058], [89.33788590300009, 26.022672835000037], [89.33699203800006, 26.025272998000048], [89.33567118700006, 26.025813628000037], [89.33451520000006, 26.027743627000063], [89.33244418700008, 26.027363627000057], [89.33234618700004, 26.029173627000034], [89.33021889800006, 26.02733135400007], [89.32999380800004, 26.03012958100004], [89.32785914400006, 26.029584631000034], [89.32870646600009, 26.030607733000068], [89.32656659600008, 26.031897978000075], [89.32804018800005, 26.03308162700006], [89.32583618700005, 26.03492762700006], [89.32363118700005, 26.036894627000038], [89.32314058600008, 26.038010187000054], [89.32102418700003, 26.038189626000076], [89.31915518700004, 26.039659628000038], [89.31801418700007, 26.037813627000048], [89.31446218500008, 26.037616627000034], [89.31740423200006, 26.038458553000055], [89.31539733100004, 26.039247611000064], [89.31222607700005, 26.040370101000065], [89.30956768200008, 26.04207988400003], [89.30894518700006, 26.04404162700007], [89.30649011300005, 26.04490918700003], [89.30638455900004, 26.04649087300004], [89.30453943500004, 26.045321511000054], [89.30485794000003, 26.046884938000062], [89.30241688700005, 26.047805608000033], [89.29898159000004, 26.050543505000064], [89.29738282300008, 26.04847717000007], [89.29277169400007, 26.046209426000075], [89.27845275300007, 26.048956694000026], [89.28154320800007, 26.057841341000028], [89.28208340600008, 26.063724862000072], [89.27992818300004, 26.065785624000057], [89.27814681200005, 26.066141517000062], [89.27639023700004, 26.06491468300004], [89.27577352200007, 26.063050704000034], [89.27507627500006, 26.061760096000057], [89.27251920900005, 26.06176295800003], [89.26961909200008, 26.061128325000027], [89.26929618700007, 26.060348628000042], [89.26639618800004, 26.061008627000035], [89.26458538300005, 26.061648777000073], [89.26106443400005, 26.06240279900004], [89.25863371000008, 26.063016912000023], [89.25618820400007, 26.063568323000027], [89.25563720000008, 26.07252809700003], [89.25683107800006, 26.07842370700007], [89.26051766100005, 26.083895668000025], [89.26582004700003, 26.091018189000067], [89.26564437800005, 26.093999561000032], [89.26349460800003, 26.093767554000067], [89.26043930200007, 26.091863454000077], [89.25887840800004, 26.092880663000074], [89.25703834100005, 26.092298154000048], [89.25575827300008, 26.093729929000062], [89.25290150600006, 26.091862981000077], [89.25139873700005, 26.092728733000058], [89.25039761100004, 26.09443224200004], [89.25225108800004, 26.09786856100004], [89.25158707600008, 26.10143511800004], [89.24965214100007, 26.102148426000042], [89.24752457900007, 26.103779343000042], [89.24497842200003, 26.10540722500008], [89.24329077700008, 26.106177641000045], [89.24147851600009, 26.10839477600007], [89.23888377500003, 26.10847495300004], [89.24029957000005, 26.11042924800006], [89.24092679000006, 26.11193403200008], [89.24021824900007, 26.112446051000063], [89.23852280800008, 26.114688908000062], [89.23705939700005, 26.112657988000024], [89.23343099400006, 26.113142022000034], [89.23208359300008, 26.115094330000034], [89.23054405900007, 26.116160575000038], [89.23055475800004, 26.118352354000024], [89.22916718800008, 26.12006362900007], [89.22911118700006, 26.12084562800004], [89.22900518700004, 26.122607627000036], [89.22936818700003, 26.12401662600007], [89.22788418700009, 26.123532628000078], [89.22689918700007, 26.121887627000035], [89.22653418800007, 26.123102627000037], [89.22582918700004, 26.124154627000053], [89.22448448700004, 26.12415511200004], [89.22351207900005, 26.124685490000047], [89.22280218700007, 26.125730626000063], [89.22063114300005, 26.125873583000043], [89.21971316100007, 26.124288602000036], [89.21889265900006, 26.126636305000034], [89.21478392100005, 26.125952115000075], [89.21392718700008, 26.12582363100006], [89.21261217600005, 26.12519263300004], [89.21162018700005, 26.12422662700004], [89.21120918700007, 26.124682628000073], [89.21076418700005, 26.12575462700005], [89.21016314300005, 26.12705157700003], [89.20906818800006, 26.12769563200004], [89.20798746000008, 26.126758721000044], [89.20746818200007, 26.127353630000073], [89.20609860300004, 26.128422030000024], [89.20308587500006, 26.129397994000044], [89.20094143000006, 26.128344887000026], [89.19856601000004, 26.126163640000073], [89.19508879700004, 26.127289761000043], [89.19519155200004, 26.12544702200006], [89.19209750500005, 26.125485790000027], [89.18976593200006, 26.12703652700003], [89.18468539800006, 26.12687733300004], [89.18347073900009, 26.128573639000024], [89.18176661500007, 26.12873121100006], [89.17998718700005, 26.128011626000045], [89.17869318700008, 26.12924462700005], [89.17822518700007, 26.13048162800004], [89.17658437600005, 26.130913793000047], [89.17501418700004, 26.132021628000075], [89.17457118700008, 26.131099628000072], [89.17296518700005, 26.13091362700004], [89.17124512400005, 26.130402657000047], [89.16987921000003, 26.130692676000024], [89.16911018700006, 26.130913624000073], [89.16777418700008, 26.13135262800006], [89.16660718700007, 26.130018627000027], [89.16717279100004, 26.13136763400007], [89.16590818700007, 26.132659628000056], [89.16413418700006, 26.131542626000055], [89.16421118700003, 26.13327762600005], [89.16364911200003, 26.132761665000032], [89.16181718700005, 26.133241627000075], [89.16251818700005, 26.135344626000062], [89.16091718700005, 26.135104627000032], [89.15991318700009, 26.13570162800005], [89.16127819600007, 26.13686862700007], [89.16017917900007, 26.13695462900006], [89.15946918700007, 26.137941627000032], [89.16046018700007, 26.138013627000078], [89.16024852100009, 26.139130546000047], [89.15949118700007, 26.13910162700006], [89.15838187900005, 26.13890623800006], [89.15740618700005, 26.139517626000043], [89.15639918700003, 26.138848627000073], [89.15554018700004, 26.138314628000046], [89.15503633600008, 26.139215987000057], [89.15530918700006, 26.14060962600007], [89.15446518700008, 26.141566626000042], [89.15402718800004, 26.142950626000072], [89.15349318700004, 26.143966626000065], [89.15235572100005, 26.145983030000025], [89.15266790000004, 26.148426533000077], [89.15116740400003, 26.149173722000057], [89.15063041700006, 26.152933467000025], [89.14924084300009, 26.156170325000062], [89.15582300800008, 26.163452805000077], [89.15031637000004, 26.168964089000042], [89.14026359800005, 26.172031565000054], [89.13811230600004, 26.175760214000036], [89.13515571400006, 26.180049887000052], [89.13697671300008, 26.188327136000055], [89.13992373000008, 26.19510886000006], [89.14387269400004, 26.201272638000034], [89.14769524800005, 26.206538908000027], [89.14815630100009, 26.207334762000073], [89.14925681200003, 26.208782514000063], [89.14764162100005, 26.210831131000077], [89.14588549000007, 26.211236238000026], [89.14517027200009, 26.21197664500005], [89.14259701200007, 26.214692746000026], [89.14037594800004, 26.22544115100004], [89.14099319000007, 26.231266756000025], [89.13973655200004, 26.237770131000048], [89.13361428200005, 26.238095775000033], [89.13223133400004, 26.239503246000027], [89.13205305300005, 26.24565543600005], [89.12354849200005, 26.250081645000023], [89.12314106100007, 26.259531947000028], [89.12176638200003, 26.266002856000057], [89.11160882200005, 26.27261483600006], [89.10771857600008, 26.275566319000063], [89.10475770600004, 26.281319773000064], [89.10136024800005, 26.28093500500006], [89.10262623900007, 26.287120361000063], [89.10428830200004, 26.291862498000057], [89.10513588900005, 26.298794224000062], [89.10139980600007, 26.30282490600007], [89.10233941100006, 26.309026397000025], [89.10825496500007, 26.31316726500006], [89.11373968200007, 26.301025847000062], [89.11628472300004, 26.296055316000036], [89.11862399200004, 26.289388737000024], [89.11976318800004, 26.286698804000025], [89.12481776600004, 26.288396728000066], [89.12602073200009, 26.291907366000032], [89.12828259900004, 26.29724206000003], [89.12814270500007, 26.300750032000053], [89.13067792100009, 26.30242557400004], [89.12720263700004, 26.304566307000073], [89.13428746200003, 26.307070533000058], [89.13309048100007, 26.31311706100007], [89.13618294900004, 26.31904312900008], [89.12820269500008, 26.31906243700007], [89.12713038000004, 26.320801105000044], [89.12268735200007, 26.32154650800004], [89.11518145500008, 26.318735177000065], [89.11012034100008, 26.32479375400004], [89.10554034100005, 26.324886597000045], [89.09872649700009, 26.326042005000033], [89.09551168500008, 26.32686602600006], [89.08968814000008, 26.323096263000025], [89.08365233000006, 26.32344360600007], [89.08705081800008, 26.324478045000035], [89.09110878600006, 26.329695236000077], [89.09630886300005, 26.332581937000043], [89.10020572500008, 26.339004058000057], [89.09843976000008, 26.346782063000035], [89.09511594300005, 26.354023754000025], [89.09506773900006, 26.360167511000043], [89.08697380100006, 26.363070497000024], [89.07962243100008, 26.364121761000035], [89.08836652500008, 26.366199961000063], [89.08873723400006, 26.374732136000034], [89.09180391100006, 26.38232935900004], [89.09256946800008, 26.389680931000044], [89.09547810100008, 26.391780219000054], [89.09317779300005, 26.392807799000025], [89.08791182900006, 26.392179802000044], [89.08014735500007, 26.389977920000035], [89.08225839800008, 26.39260167200007], [89.08763388400007, 26.397443016000068], [89.07982950600007, 26.39661269900006], [89.07396057900007, 26.392565149000063], [89.06897304100005, 26.398124238000037], [89.06444451300007, 26.39870472700005], [89.06203874700003, 26.398413281000046], [89.05854390900004, 26.39676498500006], [89.05472542100006, 26.398324865000063], [89.04471317500008, 26.399786482000025], [89.03771155100009, 26.39675830400006], [89.03177535700007, 26.40188448600003], [89.02865146300007, 26.407441334000055], [89.02239918000004, 26.404882065000038], [89.02110657100008, 26.407353271000034], [89.02038117300003, 26.41476603700005], [89.01431383300007, 26.41421443100006], [89.00533364300009, 26.416820064000035], [88.99896702900008, 26.420804944000054], [88.99594660100007, 26.41984244400004], [88.99760304800003, 26.413238599000067], [88.99315688400009, 26.417041640000036], [88.98168029900006, 26.424982570000054], [88.97978671300007, 26.432558994000033], [88.98357449900004, 26.441802942000038], [88.98259778600004, 26.444601456000044], [88.97709750400008, 26.44813749800005], [88.97494066800004, 26.449044722000053], [88.96619340600006, 26.451725881000073], [88.95946904000004, 26.457670062000034], [88.95728646800006, 26.457465354000078], [88.96195839400008, 26.45259948300003], [88.96096985200006, 26.448281639000072], [88.94811398200005, 26.447966103000056], [88.94726265700007, 26.443420829000047], [88.94780608000008, 26.438596638000035], [88.94602608000008, 26.433250676000057], [88.94273314300005, 26.42789304100006], [88.93851718200006, 26.426821997000047], [88.93032240900004, 26.43242696300007], [88.93266361400003, 26.425948282000036], [88.92513835800008, 26.421516845000042], [88.92903070100004, 26.41171723000008], [88.92240036500004, 26.407316450000053], [88.91251950400004, 26.408788280000067], [88.90535066700005, 26.406821819000072], [88.91535003000007, 26.403316548000078], [88.91828140500007, 26.397905947000027], [88.91725464000007, 26.389719686000035], [88.91211628100007, 26.383708023000054], [88.91363130400003, 26.378039621000028], [88.91998156600005, 26.374725866000063], [88.91056785100005, 26.370252031000064], [88.91231866200008, 26.366930040000057], [88.91796958200007, 26.366174125000043], [88.91909441500007, 26.359837165000044], [88.92275150700004, 26.363189110000064], [88.92820248000004, 26.364089714000045], [88.93308839600007, 26.358966338000073], [88.93696881200003, 26.357441625000035], [88.94539890400006, 26.35701244300003], [88.94838335800006, 26.360862096000062], [88.95037394600007, 26.366051081000023], [88.95519703500008, 26.36195558600008], [88.95495865000004, 26.35656405000003], [88.94982113900005, 26.35095577100003], [88.94732804900008, 26.34394988300005], [88.95664329200008, 26.34555490400004], [88.95434481100006, 26.342038364000075], [88.95230661900007, 26.33785877200006], [88.95390806800003, 26.33217750600005], [88.95938825600007, 26.335484417000032], [88.96202656000008, 26.34320039000005], [88.96242905500009, 26.352359223000065], [88.96776812800005, 26.350408361000063], [88.97438626400003, 26.351100753000026], [88.97735638100005, 26.347109756000066], [88.98337159700009, 26.349160422000068], [88.98680190000005, 26.348216253000032], [88.98709536000007, 26.342547910000064], [88.98768428700004, 26.338465860000042], [88.98572551700005, 26.341001595000023], [88.98450349300003, 26.336612218000027], [88.98900270100006, 26.33247452200004], [88.99174117500007, 26.333656914000073], [88.99708487800007, 26.331923454000048], [89.00041063300006, 26.327676780000047], [88.99623878800008, 26.321552878000034], [88.99141711400006, 26.322195727000064], [88.99701516000005, 26.316548183000066], [88.99056610000008, 26.315685717000065], [88.98743983400004, 26.317170644000043], [88.98481459100003, 26.315992056000027], [88.98303187400006, 26.30826019400007], [88.98785406700006, 26.300280481000073], [88.99518597300005, 26.297902142000055], [88.99476283500007, 26.29380062300004], [88.99689102000008, 26.29129355200007], [89.00497118300007, 26.29795720000004], [89.00538038200006, 26.303524666000044], [89.00741388400007, 26.304511243000036], [89.01028575800007, 26.301540815000067], [89.01296890000003, 26.297319452000067], [89.01273786200005, 26.291786303000038], [89.01850343500007, 26.291198746000077], [89.01540676700006, 26.299692504000063], [89.01573382200007, 26.301522171000045], [89.01859699800008, 26.304999808000048], [89.01939350100008, 26.307267943000056], [89.02423757800005, 26.307513048000033], [89.02473813200004, 26.302401131000067], [89.02283969900003, 26.294602504000068], [89.02201661200007, 26.287753053000074], [89.02716120400004, 26.28294530900007], [89.03460725400004, 26.284129300000075], [89.04051892500007, 26.28590579300004], [89.03863815400007, 26.281134606000023], [89.04302823400008, 26.275880047000044], [89.04795680800004, 26.281885002000024], [89.04940136100004, 26.289085508000028], [89.04711878400008, 26.283258596000053], [89.04638006300007, 26.288977438000074], [89.04402918700004, 26.291119626000068], [89.05260618600005, 26.29481162600007], [89.05780993500008, 26.29440908500004], [89.06030129700008, 26.289886085000035], [89.05826071100006, 26.285082556000077], [89.06248190300005, 26.281937705000075], [89.05995801700004, 26.277723820000062], [89.05417683700006, 26.27749157900007], [89.06023719300003, 26.275134626000067], [89.06249506100005, 26.270550393000065], [89.06370318700004, 26.261349627000072], [89.06224127700006, 26.256047253000077], [89.05188517200008, 26.256129023000028], [89.04859168500008, 26.250965466000025], [89.04770964000005, 26.24171325700007], [89.03411663900005, 26.24443754500004], [89.02556272700008, 26.244242670000062], [89.01815444700009, 26.243776376000028], [88.97918557700007, 26.244236068000077], [88.96732538300006, 26.23941245900005], [88.94964089900003, 26.249178277000055], [88.94025018700006, 26.262684627000056], [88.92749390500006, 26.28186973700008], [88.91197418700006, 26.287613626000052], [88.89834418700008, 26.288767627000027], [88.87699118700004, 26.286696626000037], [88.86626219700008, 26.27941763800004], [88.86163318700005, 26.27303862800005], [88.86138006000004, 26.263786940000045], [88.86676134600003, 26.249957349000056], [88.87211355900007, 26.244552861000045], [88.87656505900009, 26.242479926000044], [88.87754152800005, 26.234532671000068], [88.86987238600005, 26.233911628000044], [88.85518392500006, 26.23390042500006], [88.84485468900004, 26.232986336000067], [88.83859866200004, 26.234406377000028], [88.82936977000008, 26.23990867300006], [88.82747160400004, 26.24538542600004], [88.82912010100006, 26.249735945000054], [88.82333539300004, 26.250590273000057], [88.81849522500005, 26.25528663700004], [88.81285814900008, 26.25722064100006], [88.81304770600008, 26.26046334700004], [88.81466008100006, 26.26626592300005], [88.81379375900008, 26.27168094900003], [88.81030708400004, 26.27517362100008], [88.81160264500005, 26.28000970000005], [88.81243329800003, 26.28484424100003], [88.81733020300004, 26.292851796000036], [88.81066659600003, 26.299661435000075], [88.80406618600006, 26.304704627000035], [88.79398119100006, 26.30969962100005], [88.78302206600006, 26.303375475000053], [88.76907550200008, 26.299930737000068], [88.75962871400003, 26.302679476000037], [88.75637623900008, 26.310540153000034], [88.74528494000003, 26.308615161000034], [88.74325162100007, 26.29970179600008], [88.74239239800005, 26.292457297000055], [88.74104945000005, 26.289604868000026], [88.73685954300004, 26.292075673000056], [88.72966522300004, 26.291237070000022], [88.72628043900005, 26.291103539000062], [88.72375453500007, 26.29276672900005], [88.72049496200003, 26.287432180000053], [88.71576517900007, 26.282407466000052], [88.70720649600008, 26.282389513000055], [88.69467911800007, 26.27717744100005], [88.68592356900007, 26.27592702900006], [88.69186327700004, 26.272062491000042], [88.68996218600006, 26.266750666000064], [88.68555322400005, 26.266184314000043], [88.68241902800008, 26.26081869500007], [88.67542752200006, 26.264141808000034], [88.66623828700006, 26.26381279900005], [88.67167964600009, 26.267944790000058], [88.66754875400005, 26.27207838000004], [88.66734526600004, 26.27765025000008], [88.66637814000006, 26.285708698000064], [88.66840827900006, 26.291718882000055], [88.66816224700005, 26.296739418000072], [88.67471359100006, 26.297386048000078], [88.68082074800003, 26.29434767200007], [88.68707716300008, 26.288057042000048], [88.68373431300006, 26.28315231600004], [88.69038438200005, 26.28345359000008], [88.69604850200005, 26.283347282000022], [88.70210507700006, 26.285333706000074], [88.70854981600007, 26.288053699000045], [88.70427245000008, 26.29144242700005], [88.69801297300006, 26.292091867000067], [88.69128835300006, 26.29142179200005], [88.68498720800005, 26.294753722000053], [88.68115266400008, 26.30164312900007], [88.68009426800006, 26.308066309000026], [88.68013521700004, 26.31300077000003], [88.67583097800008, 26.31150353000004], [88.67888915800006, 26.321521992000044], [88.69078623700005, 26.32637510400008], [88.69672782800006, 26.326534007000078], [88.69129309000004, 26.319569014000024], [88.69271691600005, 26.315733906000048], [88.69863117700004, 26.31289344000004], [88.70938886700009, 26.316712809000023], [88.71841867500007, 26.316492195000023], [88.72645339700006, 26.317737951000026], [88.74119193200005, 26.32272793900006], [88.74368380100003, 26.33143334300007], [88.73596197800003, 26.333431791000066], [88.74407963400006, 26.339700265000033], [88.74445985200003, 26.344395638000037], [88.74305965000008, 26.34886326000003], [88.73750878500005, 26.353387105000024], [88.73293171300008, 26.35128344800006], [88.72953597800006, 26.34813772800004], [88.72437385500007, 26.34120520500005], [88.71252930600008, 26.343350350000037], [88.70940328800003, 26.333690739000076], [88.70292498200007, 26.336886899000035], [88.70160055400004, 26.34110034500003], [88.69487611500006, 26.34476251600006], [88.69737241800004, 26.34943394900006], [88.69839992800007, 26.357251231000077], [88.69175494100006, 26.36010821800005], [88.69617818600005, 26.362041797000074], [88.68831434600008, 26.367261163000023], [88.68568199700007, 26.373699529000078], [88.68517255900008, 26.378595351000058], [88.68193460600008, 26.382899424000072], [88.69346992000004, 26.385031387000026], [88.69768880700008, 26.389803838000034], [88.69131247200005, 26.38735828800003], [88.68781726100008, 26.390900565000038], [88.68755626100005, 26.392548481000063], [88.68419903400007, 26.394638022000038], [88.67490714300004, 26.39552236000003], [88.67616742300004, 26.399053674000072], [88.68175663900007, 26.402225114000032], [88.68616740200008, 26.40432065600004], [88.68341828400008, 26.40767967100004], [88.68497737700005, 26.412021079000056], [88.68158059500007, 26.413668097000027], [88.67921374800005, 26.410003153000048], [88.67519518700004, 26.408120628000063], [88.66274250200007, 26.40998036700006], [88.65925869100005, 26.416540144000066], [88.65088818700008, 26.415587627000036], [88.64700519100006, 26.417762631000073], [88.64471987200005, 26.418788351000046], [88.65123619100007, 26.42612863000005], [88.64624718700009, 26.428934628000036], [88.63703418700004, 26.429741626000066], [88.62797718700006, 26.434204627000042], [88.62673495200005, 26.440930472000048], [88.62457918700005, 26.458767628000032], [88.62124818700005, 26.47101262800004], [88.60307518700006, 26.470068627000046], [88.59943768700003, 26.47113349500006], [88.59553518700005, 26.471062627000038], [88.59508418700005, 26.46957962700003], [88.59538518700003, 26.467049626000062], [88.59542518700005, 26.463364626000043], [88.59474992600008, 26.453069452000022], [88.58802918700007, 26.450848628000074], [88.58504518700005, 26.45241962700004], [88.58178218700004, 26.455753627000036], [88.56879629200006, 26.457133121000027], [88.55783818700007, 26.45870462700003], [88.55970218700008, 26.458860627000035], [88.56376518700006, 26.46000762600005], [88.56033815900008, 26.460964641000032], [88.55976285400004, 26.46453396000004], [88.56279518700006, 26.46699762800006], [88.55934318700008, 26.466563627000028], [88.55835818700007, 26.468706626000028], [88.55899418600006, 26.47115362900007], [88.56055091500008, 26.472747351000066], [88.55845901600009, 26.473650726000074], [88.55623320900008, 26.473481668000034], [88.55586318800005, 26.475634627000034], [88.55274218700004, 26.475737628000047], [88.55324718700007, 26.477952627000036], [88.55504675900005, 26.479262456000072], [88.55504918700007, 26.48115862800006], [88.55669320600003, 26.483576666000033], [88.53916118800004, 26.482681627000034], [88.52649322000008, 26.480720314000052], [88.52680718700003, 26.48583762800007], [88.52283676900004, 26.48713169900003], [88.52449398600004, 26.49307539700004], [88.52237942100004, 26.497267684000064], [88.52149558800005, 26.50420285000007], [88.51916418700006, 26.511190628000065], [88.51004918700005, 26.51268362600007], [88.49954854100008, 26.515621749000047], [88.49769240400008, 26.512171315000046], [88.49249718700008, 26.511888628000065], [88.48945007700007, 26.510760937000043], [88.48867221200004, 26.51675558900007], [88.48898818700007, 26.524970626000027], [88.48561818700006, 26.525440627000023], [88.48958408400006, 26.530043185000068], [88.48552018500004, 26.53021863400005], [88.48162219300008, 26.534518629000047], [88.48510118900003, 26.539856624000038], [88.48036218700008, 26.540944627000044], [88.46882875600005, 26.543960441000024], [88.45880110400003, 26.54720832600003], [88.45794191900006, 26.540198673000077], [88.45557949200008, 26.536295186000075], [88.44002100600005, 26.54420943200006], [88.42162954300005, 26.573989287000074], [88.41924378000004, 26.590378215000044], [88.41822263600005, 26.605666322000047], [88.41470749200005, 26.622425905000057], [88.41605314400005, 26.62800849100006], [88.41082739500007, 26.633911838000074], [88.39799411000007, 26.623018757000068], [88.38686218700008, 26.609733628000072], [88.39572070700007, 26.60076678400003], [88.37658218700005, 26.592903628000045], [88.37474118100005, 26.58085563000003], [88.37149618700005, 26.566663626000036], [88.36594818700007, 26.554531626000028], [88.35704218700005, 26.540331627000057], [88.35919218700008, 26.529127628000026], [88.35219120200009, 26.513438704000066], [88.33299018800005, 26.496334627000067], [88.33335718700005, 26.481464627000037], [88.33627039400005, 26.478587471000026], [88.34251508900007, 26.46899751600006], [88.34813118700004, 26.465094627000042], [88.34767418800004, 26.46301962800004], [88.34779718800007, 26.461789628000076], [88.34782418700007, 26.460285627000076], [88.34972501200008, 26.45891834300005], [88.35051669900008, 26.454974678000042], [88.35274420200005, 26.451258239000026], [88.35181886400005, 26.44837291400006], [88.35605528900004, 26.451589311000077], [88.36066839100005, 26.454146293000065], [88.35970551200006, 26.458849910000026], [88.36025409000007, 26.46477267700004], [88.36419262800007, 26.46745755200004], [88.36540799300008, 26.470551632000024], [88.36434428100006, 26.472318139000038], [88.36215460600005, 26.476669620000052], [88.36069381200008, 26.480731148000075], [88.36189927500004, 26.485044446000074], [88.37526397500005, 26.486096747000033], [88.38102359200008, 26.483433029000025], [88.38806324000006, 26.478978359000052], [88.39071911400004, 26.47933187800004], [88.39494923400008, 26.481368557000053], [88.40003046500004, 26.48181424300003], [88.40275684800008, 26.485105286000078], [88.40487569100009, 26.48130633200003], [88.41443943900003, 26.472314964000077], [88.42239702100005, 26.469397035000043], [88.43214019100003, 26.472185739000054], [88.43284861900008, 26.46862191200006], [88.44627803300006, 26.466459017000034], [88.46533718700005, 26.465036627000075], [88.48049013900004, 26.46096327600003], [88.48131253400004, 26.454594987000064], [88.48613285700009, 26.451250839000068], [88.48741651800003, 26.444610226000066], [88.49253447400008, 26.43936698300007], [88.49051995900004, 26.431865905000052], [88.49913850700005, 26.42470931200006], [88.50345081200004, 26.41735273300003], [88.50173286200004, 26.40822299000007], [88.50835507000005, 26.40757669900006], [88.50708637400004, 26.399620473000027], [88.51030961800006, 26.390880655000046], [88.51924327900008, 26.391002160000028], [88.51317913600008, 26.37852225000006], [88.52267198800007, 26.375752419000037], [88.51708641200008, 26.365703360000055], [88.52430572700007, 26.361820479000073], [88.51692589200007, 26.352531560000045], [88.50968584800006, 26.350501681000026], [88.50608268300005, 26.34883247500005], [88.50566820000006, 26.351592706000076], [88.50552068800005, 26.35628171600007], [88.50827948300008, 26.36032429000005], [88.50483832000003, 26.363011638000046], [88.49808870600003, 26.359455275000073], [88.48825800300006, 26.359006006000072], [88.49138300100003, 26.350659], [88.48537726400008, 26.34960077100004], [88.47898460600004, 26.353013602000033], [88.47767514600008, 26.35728560900003], [88.47054800900008, 26.357000076000077], [88.46515186700003, 26.358281435000038], [88.46271020100005, 26.36023042100004], [88.45874, 26.362254001000053], [88.46004910200008, 26.36971339400003], [88.45738423900008, 26.374567526000078], [88.45345756700004, 26.371086529000024], [88.44930172100004, 26.365419062000058], [88.44521136900005, 26.362014119000037], [88.444271, 26.360722], [88.44373, 26.35932], [88.44248555500008, 26.353410506000046], [88.43879040500008, 26.34687596300006], [88.43777807500004, 26.340119440000024], [88.43484716900008, 26.335924086000034], [88.42203193500006, 26.335769602000028], [88.41261799800003, 26.337211065000076], [88.411733, 26.336382], [88.41196, 26.335431], [88.41167100300004, 26.334093003000078], [88.411002, 26.333434], [88.41002999900007, 26.332849999000075], [88.40878796400006, 26.33234604300003], [88.40688002500008, 26.33215000900003], [88.40692701400008, 26.330751977000034], [88.40531800600007, 26.330731411000045], [88.404173, 26.32961], [88.403367, 26.328610001000072], [88.41130303800009, 26.323310942000035], [88.41441153800008, 26.315116277000072], [88.41042474600005, 26.31560865700004], [88.40430667700008, 26.31680085200003], [88.39926351400004, 26.31659551200005], [88.39467552100007, 26.315831020000076], [88.38868279400003, 26.313297937000073], [88.38673021300008, 26.313792878000072], [88.38420021200005, 26.311071815000048], [88.38267862200007, 26.309820740000077], [88.38128167800005, 26.30911620200004], [88.37735139100005, 26.30501139300003], [88.37467295600004, 26.30497768200007], [88.37234880300008, 26.304887867000048], [88.36992149300005, 26.304018261000067], [88.36669522300008, 26.299519451000037], [88.36343677400004, 26.295833103000064], [88.36181147900004, 26.292284737000045], [88.35815844500007, 26.287711073000025], [88.35443256300005, 26.28631555000004], [88.35219011100008, 26.284717614000044], [88.34958347900005, 26.280830109000078], [88.35107520600008, 26.275657919000025], [88.34845333800007, 26.273726946000068], [88.34841803300003, 26.26849389800003], [88.35254520900008, 26.26725016100005], [88.35030895100004, 26.260561481000025], [88.34822408100007, 26.25401441200006], [88.35109334800006, 26.25065389100007], [88.35121129100008, 26.247485164000068], [88.35073837600004, 26.246319463000077], [88.35584982600005, 26.24463915700005], [88.35924031400003, 26.241046796000035], [88.35511992400006, 26.239503527000068], [88.35651020900008, 26.235643349000043], [88.35540037400006, 26.232236499000066], [88.35064519600007, 26.22844550800005], [88.35190920400004, 26.22516248100004], [88.35040090100006, 26.223919573000046], [88.34771796000007, 26.220795371000065], [88.34155516000004, 26.219579083000042], [88.33538376200005, 26.216418947000022], [88.33028893000005, 26.21725777300003], [88.33126442700006, 26.213143246000072], [88.32700449500004, 26.213569289000077], [88.32430432300004, 26.209329940000032], [88.32553381500009, 26.206687180000074], [88.32089011900007, 26.20350085900003], [88.31689609800009, 26.204063777000044], [88.31260065500004, 26.203479886000025], [88.30544020000008, 26.200657380000052], [88.30063226300007, 26.20112999400004], [88.29813384900007, 26.19654337600008], [88.29291575800005, 26.19868548200003], [88.29093354700007, 26.201669374000062], [88.28728076000004, 26.197524988000055], [88.28496072100006, 26.200432254000077], [88.28273283500005, 26.19492566200006], [88.27855715400005, 26.19310193700005], [88.27642215200007, 26.18931881800006], [88.26990943400006, 26.18685618300003], [88.26481736900007, 26.187533607000034], [88.26331441700006, 26.18947104800003], [88.25970929000005, 26.18663515700007], [88.25670856800008, 26.189062469000078], [88.25173925000007, 26.187912491000077], [88.25336374800008, 26.184860214000025], [88.25063848800005, 26.188127630000054], [88.24594051600008, 26.189882863000037], [88.24421226800007, 26.18700433300006], [88.24382161800008, 26.188827151000055], [88.24110010900006, 26.18502426400005], [88.23830005600007, 26.185035042000038], [88.23708806600007, 26.18230604000007], [88.23358620000005, 26.184647135000034], [88.23376475900005, 26.180209927000078], [88.23801407700006, 26.17738864200004], [88.23351232600004, 26.176842626000052], [88.23158966700004, 26.171544131000076], [88.22772374600004, 26.173021938000034], [88.22641434300004, 26.17035645900006], [88.22518949200008, 26.168591399000036], [88.22253085700004, 26.165639113000054], [88.21737122100006, 26.167999902000076], [88.21484171900005, 26.170162095000023], [88.21323399600004, 26.167415668000046], [88.21509001900006, 26.161668590000033], [88.21086821700004, 26.159899609000036], [88.20672172000008, 26.160115379000047], [88.20273147700004, 26.159385824000026], [88.19599922100008, 26.163788345000057], [88.19173353400004, 26.156919333000076], [88.19583709600005, 26.152284705000056], [88.18747538100007, 26.154520951000052], [88.18144606100003, 26.149914903000024], [88.17643794000008, 26.146761472000037], [88.18003014000004, 26.13902697800006], [88.17580387500004, 26.131877830000064], [88.17455301400008, 26.124848168000028], [88.17860634300007, 26.12258675700008], [88.17285064700008, 26.113910154000052], [88.16724110300004, 26.109346197000036], [88.16207457900003, 26.10447143500005], [88.15799770000007, 26.095414515000073], [88.16252601900004, 26.08960281000003], [88.16235101200004, 26.085185223000053], [88.15893633700006, 26.078195463000043], [88.16678521900008, 26.082517795000058], [88.17282226900005, 26.075460259000067], [88.18361628300005, 26.072848570000076], [88.18154873500004, 26.067186477000064], [88.18446304400004, 26.06155185500006], [88.17954304500006, 26.05847966600004], [88.17573629600008, 26.05691302100007], [88.17821054300003, 26.048519518000035], [88.17330332900008, 26.049784033000037], [88.17357186600003, 26.03835276600006], [88.17433172100004, 26.031035882000026], [88.18419739100005, 26.028126343000054], [88.17452917000008, 26.02064144900004], [88.16502305400007, 26.01996884400006], [88.15501053800006, 26.020324428000038], [88.14717817100006, 26.01381113800005], [88.13935253800008, 26.01252979800006], [88.13682656100008, 25.99917748000007], [88.12886815800005, 25.992988788000048], [88.12945731800005, 25.980193327000052], [88.11951767700003, 25.970299149000027], [88.12074424300005, 25.964458575000037], [88.11734862600008, 25.954575229000056], [88.11893399200005, 25.945594293000056], [88.11273256800007, 25.939435013000036], [88.10826519300008, 25.93364142100006], [88.10231466800008, 25.93490530200006], [88.09116669800005, 25.92612631000003], [88.08549945400006, 25.914991882000038], [88.09208186200004, 25.912217356000042], [88.09070088900006, 25.90206381400003], [88.09192275600003, 25.894913416000065], [88.10068163800008, 25.88486798300005], [88.09632499500003, 25.879771203000075], [88.09596999600006, 25.872161262000077], [88.10175982100003, 25.871695403000047], [88.10060979400004, 25.86311178400007], [88.10539347300005, 25.864904211000066], [88.11102974200008, 25.867756712000073], [88.11160428200003, 25.856988657000045], [88.10822680700005, 25.845675138000047], [88.10098242000004, 25.844238543000074], [88.10292421200006, 25.839856858000076], [88.10175358200007, 25.829788699000062], [88.10656392400006, 25.824472408000076], [88.10905269200003, 25.81867406200007], [88.11741229800003, 25.814051920000054], [88.11497942500006, 25.801534066000045], [88.13111621100006, 25.79866002700004], [88.13790535200008, 25.796932428000048], [88.14433253500005, 25.793773712000075], [88.14455666500004, 25.789021130000037], [88.14128804300003, 25.781019667000066], [88.14716913900008, 25.780557851000026], [88.15028667600006, 25.77571358600005], [88.15713216500006, 25.77967017700007], [88.15848603000006, 25.784886431000075], [88.16278237400007, 25.788692044000072], [88.17051926200008, 25.787264741000058], [88.17515527200004, 25.79117943700004], [88.17602131400008, 25.79392520700003], [88.18079595100005, 25.798464547000037], [88.18493865900007, 25.80132945200006], [88.19362678200008, 25.80146859000007], [88.19763224300004, 25.79588787800003], [88.20309163000007, 25.78868370300006], [88.20995545600005, 25.789473244000078], [88.21273160600003, 25.79239215700005], [88.21093707600005, 25.792195329000037], [88.21099058700008, 25.796753655000032], [88.21517656400005, 25.798708714000043], [88.22147650500006, 25.79905717400004], [88.22647760400008, 25.799815801000022], [88.23081511500004, 25.796567994000043], [88.23004537100007, 25.798843169000065], [88.23366914800005, 25.799300136000056], [88.22979814000007, 25.80219541200006], [88.23265949700004, 25.80448190900006], [88.23513190100005, 25.80790754900005], [88.23973138900004, 25.80933388400007], [88.24454421000007, 25.80727028800004], [88.24757123200004, 25.810899413000072], [88.25492741500005, 25.81201293400005], [88.26674421300004, 25.809814063000033], [88.27118714300008, 25.799571593000053], [88.27125923200003, 25.789560464000033], [88.26833431900008, 25.78402724400007], [88.27073681500008, 25.780554291000044], [88.27536831200007, 25.777012998000032], [88.27795665900004, 25.774846627000045], [88.28335052800008, 25.77470604000007], [88.29054661100008, 25.772478705000026], [88.29020314600007, 25.767443591000074], [88.29916998700008, 25.763150546000077], [88.30546020300005, 25.758523396000044], [88.31504729900007, 25.746624421000035], [88.32048192700006, 25.738021341000035], [88.32981575900004, 25.73960166200004], [88.33848566100005, 25.735030761000075], [88.34591063300007, 25.73009154700003], [88.35747256700006, 25.723301529000025], [88.36710687300007, 25.717006767000044], [88.37460510000005, 25.715025337000043], [88.36971873100003, 25.708769888000063], [88.37155458100005, 25.705363721000026], [88.37148957300008, 25.698163717000057], [88.37567719200007, 25.697451046000026], [88.38174605200004, 25.69740070000006], [88.38947576300006, 25.69387364100004], [88.39266454000006, 25.683990058000063], [88.40345188500004, 25.685824970000056], [88.40332386700004, 25.679200367000078], [88.40393629500005, 25.67196658200004], [88.41101818900006, 25.67036470900007], [88.41524604200004, 25.66918925600004], [88.41994633900003, 25.66930963200008], [88.42959257800004, 25.66884086400006], [88.43850371300005, 25.667911478000065], [88.44392536500004, 25.66538149400003], [88.45351572000004, 25.66408042100005], [88.45474733800006, 25.655457393000063], [88.45393792900006, 25.644937931000072], [88.45625731300004, 25.642626602000064], [88.45651891700004, 25.640858256000058], [88.455927, 25.639528], [88.45550398500006, 25.638578763000055], [88.455483, 25.63743100100004], [88.454942, 25.636381001000075], [88.45523329400004, 25.63197374300006], [88.45541498200004, 25.628054959000053], [88.45344215100005, 25.627069224000024], [88.45142401000004, 25.625555019000046], [88.44916200100005, 25.624020001000076], [88.448332, 25.622475001000055], [88.448017, 25.620657], [88.448122, 25.619616], [88.447176, 25.618234], [88.446734, 25.617089], [88.44510505300008, 25.615649036000036], [88.445662, 25.61387300100006], [88.44727120500005, 25.61371347100004], [88.446503, 25.611703], [88.448069, 25.609033], [88.44789495100008, 25.606605672000057], [88.44929278400008, 25.605148462000045], [88.44646583600007, 25.601544984000043], [88.44738683500003, 25.597133238000026], [88.45788398800005, 25.596965647000047], [88.46060919500007, 25.59505911800005], [88.46708849900006, 25.590016453000032], [88.46865528400008, 25.587484605000043], [88.47122715400008, 25.584292052000023], [88.48104907800007, 25.58566032500005], [88.48267194400006, 25.584897386000023], [88.49063545800004, 25.584769444000074], [88.49418034000007, 25.584421891000034], [88.49974406200005, 25.582138319000023], [88.49843552000004, 25.572398951000025], [88.49373078100007, 25.559997919000068], [88.49820133900005, 25.559148605000075], [88.49812955600004, 25.555076796000037], [88.50095861400007, 25.55066032700006], [88.50480709500005, 25.54877046300004], [88.50859765200005, 25.545076977000065], [88.51217034500007, 25.546176616000025], [88.51759334300004, 25.545991661000073], [88.51833782800009, 25.539997189000076], [88.52577294300005, 25.538298920000045], [88.53176841800007, 25.542513446000044], [88.53445087500006, 25.532231754000065], [88.53998596000008, 25.531962484000076], [88.53986046300008, 25.526235298000074], [88.54034562000004, 25.519960552000043], [88.54078437200008, 25.511265022000032], [88.54418282200004, 25.50903900900005], [88.544725, 25.510733001000062], [88.54707999300007, 25.512808991000043], [88.54824247600004, 25.515506483000024], [88.55091475200004, 25.51971196100004], [88.55427029100008, 25.518187914000066], [88.55614385100006, 25.51399308400005], [88.56800878300004, 25.511304219000067], [88.57723250100008, 25.508429439000054], [88.58223583400007, 25.509693214000038], [88.58668990800004, 25.508596976000035], [88.58883866900004, 25.507911603000025], [88.59192116500003, 25.508902093000074], [88.59325791100008, 25.50769428500007], [88.59463375300004, 25.506697479000024], [88.596417, 25.506326001000048], [88.59718601800006, 25.50714435900005], [88.59770799900008, 25.508447001000036], [88.59813499600006, 25.509748082000044], [88.59953695400009, 25.51061008000005], [88.60121494700007, 25.51278058300005], [88.60519701200008, 25.516111479000074], [88.60918370000007, 25.51166666200004], [88.60887706800008, 25.509470426000064], [88.61410086600006, 25.508553302000053], [88.61634172100008, 25.504935098000033], [88.62149969300003, 25.50085449100004], [88.62858760400007, 25.498129465000034], [88.63579906200005, 25.499331760000075], [88.64498193600008, 25.497335123000028], [88.64868952000006, 25.495527930000037], [88.64376803200008, 25.492954058000066], [88.64519664300008, 25.484777288000032], [88.64848200500006, 25.47894199700005], [88.65247005600008, 25.481173548000072], [88.65592474200008, 25.481573689000072], [88.659749, 25.481702], [88.66296068400004, 25.47530706200007], [88.67014485600004, 25.47521676300005], [88.67590790300005, 25.474132586000053], [88.68412269200007, 25.475665675000073], [88.69334074900007, 25.474232990000075], [88.69931608600007, 25.47132793800006], [88.70601855600006, 25.477033150000068], [88.70980573200006, 25.480911353000067], [88.70882525600007, 25.488209209000047], [88.70881735200004, 25.495765795000068], [88.70869724500005, 25.499985528000025], [88.71321345600006, 25.499646643000062], [88.71337204200006, 25.49807333600006], [88.72120370900006, 25.50022878200008], [88.72670288500007, 25.50346100200005], [88.73489899200007, 25.504359730000033], [88.74236595200006, 25.50318436400005], [88.74250123200005, 25.49517707800004], [88.74055573300006, 25.490108149000037], [88.74862571400007, 25.49515486100006], [88.76870483100004, 25.499232705000054], [88.76335277600003, 25.50530882700008], [88.75885495000006, 25.51311374900007], [88.75785215200005, 25.52211202500007], [88.76761500900005, 25.52415250400003], [88.77404116800005, 25.51873726100007], [88.77733980200009, 25.516517556000053], [88.78206798900004, 25.51527262600007], [88.78500985800008, 25.518559974000027], [88.79320933400004, 25.522924773000057], [88.80063538000007, 25.52419465500003], [88.80985062300005, 25.523424858000055], [88.810755, 25.52145], [88.809888, 25.519394001000023], [88.80887, 25.517819], [88.807828, 25.51593500100006], [88.807876, 25.513227001000075], [88.80890456000003, 25.511793743000055], [88.81031, 25.510376], [88.81050900400004, 25.508399997000026], [88.809522, 25.506698001000075], [88.809626, 25.505532997000046], [88.80984427900006, 25.50330344100007], [88.810365, 25.500686001000076], [88.81062999900007, 25.498235], [88.81149901000003, 25.49483700600007], [88.81262906400008, 25.49114896900005], [88.81431691200004, 25.488576456000033], [88.82413343600007, 25.48945963600005], [88.83259653800008, 25.483671709000077], [88.83755605300007, 25.470469557000058], [88.83927649900005, 25.458696330000066], [88.83562114900008, 25.45243561500007], [88.83382618700006, 25.451367627000025], [88.83173718700004, 25.450109630000043], [88.83129825900005, 25.44957815500004], [88.82993618700004, 25.448654626000064], [88.82607390200008, 25.440837395000074], [88.82843936100005, 25.436733808000042], [88.83292543200008, 25.43452620200003], [88.83441898100006, 25.430054979000033], [88.82962033500007, 25.42432107700006], [88.81951626100005, 25.41529432300007], [88.81456630800005, 25.41235245000007], [88.81929259000003, 25.409843736000028], [88.82367401200008, 25.401174492000052], [88.83312445800004, 25.401463935000038], [88.84030718200006, 25.39771644700005], [88.83919909900004, 25.391285726000035], [88.83754672000003, 25.386636477000025], [88.84043878600005, 25.383888226000067], [88.83869960300007, 25.37071257300005], [88.84099156800005, 25.365132851000055], [88.84765373300007, 25.362556277000067], [88.85437218700008, 25.36271762800004], [88.85512618800004, 25.360952627000074], [88.85519040800006, 25.359739992000073], [88.85480418700007, 25.358727627000064], [88.85547719800007, 25.356889625000065], [88.85479799500007, 25.355134673000066], [88.85925644500009, 25.354748793000056], [88.86665546800003, 25.35212011400006], [88.86775318200006, 25.348081584000056], [88.86795418100007, 25.346335629000066], [88.86811934300005, 25.34432203500006], [88.86692261100006, 25.34362836100007], [88.86676726700006, 25.342715310000074], [88.87434885600004, 25.336863966000067], [88.87684716800004, 25.33314645100006], [88.88522149100004, 25.32576189400004], [88.88638906400007, 25.334669421000058], [88.89095031300008, 25.33705228900004], [88.90112237200003, 25.33738356300006], [88.90648818700004, 25.336778628000047], [88.90637127500008, 25.33467728100004], [88.90656918700006, 25.332144627000048], [88.90679918700005, 25.329510628000037], [88.90651118700004, 25.326933628000063], [88.90808506100007, 25.324930739000024], [88.90961219700006, 25.323094636000064], [88.91006116400007, 25.321123699000054], [88.91113418700007, 25.319613626000034], [88.91257385800003, 25.31670851100006], [88.91430918700007, 25.315135628000064], [88.91553119200006, 25.313970591000043], [88.91544091700007, 25.312056076000033], [88.92440886600008, 25.31319230200006], [88.92855405400007, 25.316270167000027], [88.92902908600007, 25.30969691400003], [88.93476616400005, 25.30315882800005], [88.93870834900008, 25.30141149900004], [88.94492821800009, 25.30178231000008], [88.94859123000003, 25.30304966800003], [88.95554230200008, 25.302808946000027], [88.96024319800006, 25.30196013400007], [88.96424320000006, 25.30481360700003], [88.96825724100006, 25.30211253300007], [88.97403640200008, 25.30138725300003], [88.97936154700005, 25.306115585000043], [88.98250402600007, 25.30389023500004], [88.98400663600006, 25.300674316000027], [88.98586855800005, 25.300814435000063], [88.98953238100006, 25.298853825000037], [88.99629411200004, 25.29601021900004], [89.00193035900008, 25.296688906000043], [89.00527018900004, 25.29936203500006], [89.00717313700005, 25.280254298000045], [89.00634177500007, 25.263799964000043], [88.99993329300008, 25.269452817000058], [88.99415049700008, 25.270263577000037], [88.99046701400005, 25.273958116000074], [88.98476342100008, 25.271162685000036], [88.98157821300003, 25.267238548000023], [88.98077073500008, 25.264991759000054], [88.97556023300007, 25.262236830000063], [88.96316205700003, 25.25619133300006], [88.95661200900008, 25.25498371300006], [88.95378060600007, 25.24914732800005], [88.95161620100004, 25.24147767900007], [88.95211724100005, 25.23418809800006], [88.95523324100003, 25.227446574000055], [88.95760810900003, 25.220894420000036], [88.95907708000004, 25.21272810100004], [88.96134350800008, 25.208515224000053], [88.95460347700003, 25.206719574000033], [88.94674964200004, 25.206849358000056], [88.94106059500007, 25.209944951000068], [88.93592376000004, 25.20743359200003], [88.93416814600005, 25.198644812000055], [88.94318176200005, 25.19303344100007], [88.94679770200008, 25.192371469000022], [88.94598551600006, 25.185357742000065], [88.94882934100008, 25.180136840000046], [88.94500421400005, 25.175746401000026], [88.94183093100008, 25.173519672000054], [88.93869530400008, 25.179305851000038], [88.92999991500005, 25.178250409000043], [88.92870138400008, 25.17489013900007], [88.92426833600007, 25.171337292000032], [88.91961782600004, 25.16657999800003], [88.91166300400005, 25.169979756000032], [88.91252590500005, 25.177682609000044], [88.90683959900008, 25.17923972400007], [88.90068493600006, 25.18012492400004], [88.89594502000006, 25.18294995800005], [88.88974578800008, 25.179290689000027], [88.87566382100005, 25.179100695000045], [88.87504821400006, 25.182546468000055], [88.87512662700004, 25.186192598000048], [88.87331797000007, 25.18863603500006], [88.87385081200006, 25.19232315800008], [88.87391938300004, 25.195833223000022], [88.86680191700003, 25.189896951000037], [88.86494898000007, 25.196666271000026], [88.86438456000008, 25.200760197000022], [88.85864289400007, 25.202135347000024], [88.85730922400006, 25.201157803000058], [88.85411106100008, 25.200185189000024], [88.84797642700005, 25.205445574000066], [88.85028661000007, 25.210418365000066], [88.84787211900004, 25.21150055700008], [88.84162473600009, 25.212555316000078], [88.83680584100006, 25.20790382100006], [88.83054518900008, 25.205514622000067], [88.82976918700007, 25.20359862600003], [88.82955617700009, 25.201747630000057], [88.82917018700005, 25.20062562700008], [88.82898110500008, 25.199177021000025], [88.82876118700005, 25.197802627000044], [88.82794416800004, 25.197111603000053], [88.82726218700003, 25.19584562800003], [88.82682584100007, 25.194350152000027], [88.82656015000003, 25.192763575000072], [88.82702618700006, 25.191917626000077], [88.82589818700006, 25.191292626000063], [88.82073701700006, 25.18962750000003], [88.81462492300005, 25.183935234000046], [88.81332940500005, 25.17436789100003], [88.80585970500005, 25.17302873600005], [88.79809436200009, 25.171477585000048], [88.78636897600006, 25.175763663000055], [88.77467642600004, 25.179595735000078], [88.77315748800004, 25.18565456300007], [88.76887241900005, 25.18807509900006], [88.76454912700007, 25.183784010000068], [88.75034568600006, 25.176368428000046], [88.75034806100007, 25.183271497000078], [88.74340816200004, 25.18353085800004], [88.73480559500007, 25.186669992000077], [88.73425018900008, 25.194912746000057], [88.73204298100006, 25.19837850700003], [88.72821677100006, 25.198542302000078], [88.72428106400008, 25.200105907000022], [88.72301987400004, 25.20239945900005], [88.71989130400004, 25.20233120900008], [88.71747319000008, 25.201923261000047], [88.71518882200007, 25.205143900000053], [88.71200084200007, 25.206772240000078], [88.70932818700004, 25.20754962700005], [88.70630752600005, 25.207686203000037], [88.70416318800005, 25.207793627000058], [88.70231718700006, 25.207281626000054], [88.70028383400006, 25.207699191000074], [88.69877303700008, 25.208161957000073], [88.69668418500004, 25.20831263100007], [88.69477618700006, 25.208262628000057], [88.68537017200003, 25.209361399000045], [88.67807066700004, 25.20621593000004], [88.67618718700004, 25.20270762800004], [88.67503918700004, 25.200481628000034], [88.67326318100004, 25.19943070900007], [88.67179873300006, 25.198542401000054], [88.66908918700005, 25.19820562800004], [88.66721218700008, 25.198785628000053], [88.66704518700004, 25.200234628000032], [88.66484795000008, 25.20136847400005], [88.66326884500006, 25.20289695400004], [88.65921684800009, 25.202689675000045], [88.65402389100007, 25.203707757000075], [88.64991668200008, 25.204138061000037], [88.64540260300004, 25.205129510000063], [88.64236611800004, 25.206153138000047], [88.63969018700004, 25.204398626000057], [88.63748618700004, 25.203344626000046], [88.63537218700003, 25.203350628000067], [88.63353118700007, 25.20252862700005], [88.63173200200004, 25.201973923000025], [88.62947418700008, 25.202263627000036], [88.62823224600004, 25.201744619000067], [88.62670218600005, 25.203715627000065], [88.62462627400004, 25.204508846000067], [88.62207018700008, 25.204339626000035], [88.61934726100003, 25.205143650000025], [88.61815851700004, 25.204052842000067], [88.61503322000004, 25.20381131700003], [88.61298264100003, 25.204186252000056], [88.61239792400005, 25.20354356400003], [88.61206236900006, 25.20256008000007], [88.61164859000007, 25.201471126000058], [88.61156941200005, 25.200294605000067], [88.61047850400007, 25.198583927000072], [88.60881652800003, 25.197968828000057], [88.60651403900005, 25.195841477000045], [88.60485733100006, 25.19551714100004], [88.60298371200008, 25.19444760500005], [88.60163009400009, 25.193291504000058], [88.59913431400008, 25.19227203400004], [88.59815618700009, 25.19113562600006], [88.59581020600007, 25.191358603000026], [88.59274218700006, 25.193209628000034], [88.59012820600003, 25.194124257000055], [88.59038889800007, 25.19232777600007], [88.59062438500007, 25.19089109400005], [88.59056018700005, 25.190402628000072], [88.59106679500007, 25.189283835000026], [88.59124873700006, 25.18778510800007], [88.59165418700007, 25.187041626000052], [88.59116414900006, 25.185758659000044], [88.59015218700006, 25.18537962700003], [88.58928418700003, 25.185186626000075], [88.58885918700008, 25.184496628000034], [88.58836518600003, 25.183789627000067], [88.58763168600007, 25.18288584000004], [88.58362343700009, 25.18209444200005], [88.58041347000005, 25.179067020000048], [88.57406632300007, 25.176233466000042], [88.56914108300003, 25.17595072100005], [88.56555023000004, 25.175200312000072], [88.56423118700008, 25.175438626000073], [88.56343918700009, 25.17545562600003], [88.56253717000004, 25.17558790100003], [88.56155311200007, 25.175614004000067], [88.56040618700007, 25.176281628000027], [88.55884918700008, 25.17676162600003], [88.55828650200004, 25.177638598000044], [88.55678418500008, 25.178414623000037], [88.55610218700008, 25.179259626000032], [88.55628518700007, 25.180215626000063], [88.55707465800003, 25.18142535000004], [88.55950587000007, 25.184214660000066], [88.55974024700004, 25.188682698000036], [88.55552595200004, 25.193325754000057], [88.55009243400008, 25.194205718000035], [88.54603168200003, 25.19356043700003], [88.54126448300008, 25.19134130900005], [88.53820231300006, 25.187480488000062], [88.53434176900004, 25.192625620000058], [88.53792413700006, 25.197867471000052], [88.52796964200007, 25.199297005000062], [88.51523015100008, 25.201863458000048], [88.50419387000005, 25.202888555000072], [88.50086147600007, 25.207852672000058], [88.49555949200004, 25.210402273000057], [88.48721536100004, 25.211491824000063], [88.48027878900007, 25.211525015000063], [88.47605586400005, 25.213388492000036], [88.47264396300005, 25.20551621800007], [88.47114514400005, 25.203053531000023], [88.47097289500005, 25.199658785000054], [88.47211277400004, 25.19834030800007], [88.47077181400005, 25.19756097800007], [88.46900977600006, 25.197575520000044], [88.46942343600006, 25.196887736000065], [88.46815254700005, 25.197218685000053], [88.46629401600006, 25.196688249000033], [88.46181627500005, 25.19551498800007], [88.45205656000007, 25.196879738000064], [88.44120331700003, 25.20023270100006], [88.43663679400004, 25.19970909500006], [88.43908900100007, 25.207362278000062], [88.43890051000005, 25.208223559000032], [88.43544287200007, 25.19934272300003], [88.44099560300003, 25.199109080000028], [88.44385097200006, 25.18062808600007], [88.44863323400006, 25.17240586300005], [88.45552718700009, 25.164356627000075], [88.45749118700007, 25.160202627000047], [88.45726618700007, 25.15424562800007], [88.46209618800003, 25.14909362700007], [88.45865020700006, 25.146339599000044], [88.46021217600008, 25.14058792700007], [88.45697621500005, 25.139448641000058], [88.45559063300004, 25.134076453000034], [88.44808551700004, 25.130706830000065], [88.44140008700003, 25.124538786000073], [88.44732607400005, 25.110648123000033], [88.44482055300006, 25.102872743000034], [88.44654943000006, 25.09337320800006], [88.44694219900003, 25.086407404000056], [88.45190914200003, 25.07715662000004], [88.44824097700007, 25.07306931100004], [88.44323937600007, 25.067400770000063], [88.43522029400003, 25.055420194000078], [88.43626354800006, 25.046984801000065], [88.44706832500003, 25.04158197000004], [88.45200718700005, 25.03829362700003], [88.44889418700006, 25.033438627000066], [88.44509393500005, 25.031100287000072], [88.44431655000005, 25.024990880000075], [88.43902418700009, 25.02291662700003], [88.44105040300008, 25.01954764100003], [88.43890351200008, 25.017762713000025], [88.43898847900005, 25.015757277000034], [88.44110118700007, 25.01209062600003], [88.43833519400005, 25.012377636000053], [88.43738021000007, 25.01442327700005], [88.43655718700006, 25.00932462700007], [88.43632118700003, 25.007153627000037], [88.43375618700009, 25.005476627000064], [88.43050493600003, 25.008166068000037], [88.42743195700007, 25.008594479000067], [88.42523867900007, 25.01625251300004], [88.42466257600006, 25.007376564000026], [88.41908084000005, 25.001499196000054], [88.41845120400006, 24.99935920300004], [88.41292730800006, 24.998246193000057], [88.41226841500009, 24.996659328000078], [88.41357517500006, 24.99246922100008], [88.41227311000006, 24.987628138000048], [88.41862166400006, 24.98466494400003], [88.41607575500007, 24.982365283000036], [88.41625886300005, 24.979630115000077], [88.41611513600003, 24.97341029200004], [88.41447528200007, 24.973010059000046], [88.41071881700003, 24.97335944200006], [88.40990289300004, 24.975754779000056], [88.40583913200004, 24.979254404000073], [88.40409856200006, 24.976197799000033], [88.40490905300004, 24.973685654000064], [88.40333476600006, 24.973491498000044], [88.39914384300005, 24.972901259000025], [88.39476861200006, 24.96651877000005], [88.39305506800008, 24.963608304000047], [88.39492402800005, 24.960590197000045], [88.39887257600003, 24.959285398000077], [88.39831710200008, 24.957356352000033], [88.40042569400003, 24.954556210000078], [88.40153358800006, 24.951070874000038], [88.39879698400006, 24.947466372000065], [88.39438186000007, 24.941955834000055], [88.38918873100005, 24.941772539000056], [88.38710282900007, 24.941399269000044], [88.37809170100007, 24.942280486000072], [88.36968110000004, 24.94428197700006], [88.36493335100005, 24.947150476000047], [88.36362751400009, 24.948835745000054], [88.36268561500003, 24.952387876000046], [88.35914166400005, 24.950592020000045], [88.35451490000008, 24.942013590000045], [88.34439350700006, 24.942733333000035], [88.34085018700006, 24.93476062700006], [88.33697418700007, 24.93083463100004], [88.33567335700008, 24.927395423000064], [88.33482992500007, 24.921291715000052], [88.33283918700005, 24.918585628000073], [88.32946059000005, 24.917044949000058], [88.32419518700004, 24.916735628000026], [88.33243556900004, 24.905142015000024], [88.33381318700003, 24.899693628000023], [88.33480218700004, 24.898127627000065], [88.33626619100005, 24.898271344000023], [88.33748918700007, 24.899636628000053], [88.33882519400004, 24.899739624000063], [88.34090418700004, 24.899538628000073], [88.34226918700006, 24.899534628000026], [88.34382918700004, 24.899249627000074], [88.34568059800006, 24.896385294000027], [88.34622318700008, 24.894364628000062], [88.34668018800005, 24.892104628000027], [88.34477718700003, 24.891072628000074], [88.34507315200005, 24.88908760700008], [88.34294018700007, 24.887950628000056], [88.34306918700008, 24.885929627000053], [88.34247618700005, 24.883733627000026], [88.34004918800008, 24.881380628000045], [88.33917518700008, 24.879203627000038], [88.33735723900008, 24.87851362400005], [88.33434428400005, 24.87759287800003], [88.33528518700007, 24.87463962700008], [88.33312118700007, 24.872901627000033], [88.32612418700006, 24.870862627000065], [88.32169251200008, 24.87808556500005], [88.31684752100006, 24.882558919000076], [88.31193903500008, 24.87923814000004], [88.30607604300008, 24.874467021000044], [88.30155746000008, 24.87208979600007], [88.29997060200003, 24.876415810000026], [88.29984528100005, 24.88225017800005], [88.30124290800006, 24.88622470000007], [88.29675460200008, 24.88836602400005], [88.28624508300004, 24.886579965000067], [88.28096042900006, 24.889509454000063], [88.27752395400006, 24.890820175000044], [88.27673091700007, 24.894506182000043], [88.27250434100006, 24.895917560000044], [88.26802683300008, 24.88847559100003], [88.26754077900006, 24.886291046000053], [88.26663404500005, 24.87828115700006], [88.26087361800006, 24.886087287000066], [88.26404213000006, 24.905580283000063], [88.25777454100006, 24.924155386000052], [88.24141213000007, 24.939069371000073], [88.23338275400005, 24.950149490000058], [88.22682008400005, 24.959885903000043], [88.22034729800004, 24.96192912400005], [88.21559930200004, 24.961228062000032], [88.20949546000008, 24.961773815000072], [88.20260820300007, 24.957881154000063], [88.19486807600003, 24.95402834600003], [88.18763344300004, 24.952361047000068], [88.17015614000007, 24.950413600000047], [88.15853812700004, 24.94181201200007], [88.14945291700008, 24.932890788000066], [88.13921744500004, 24.918094237000048], [88.15509456200004, 24.90274986000003], [88.16201131700006, 24.896738078000055], [88.16856084600005, 24.888291937000076], [88.15704564100008, 24.881269255000063], [88.16585172000003, 24.863414354000042], [88.17563934000003, 24.862243147000072], [88.16204235000004, 24.858241061000058], [88.15125494300008, 24.84943068000007], [88.14463311600008, 24.845714462000046], [88.13422158600008, 24.836166666000054], [88.13545564400005, 24.80924231000006], [88.11851060800007, 24.819795344000056], [88.10517707000008, 24.797177564000037], [88.09754290400008, 24.779974809000066], [88.07178629600008, 24.77244400400008], [88.07164047000003, 24.742135313000063], [88.03917583100008, 24.701670410000077], [88.05223961600007, 24.62525166300003], [88.08029131900008, 24.585400939000067], [88.11108432100008, 24.541056216000072], [88.17080518700004, 24.49511982300004], [88.19661488300005, 24.46387528400004], [88.23036607300008, 24.45458516800005], [88.27549132900003, 24.437913455000057], [88.29822866600006, 24.410850364000055], [88.33725398700005, 24.37989999800004], [88.37120238000006, 24.373793017000025], [88.40429496400003, 24.37475482800005], [88.43434967900004, 24.38252566700004], [88.50348885700004, 24.346728909000035], [88.54006723700007, 24.32077164100008], [88.55719191700007, 24.299551740000027], [88.59391809900006, 24.31258640300007], [88.63530011100005, 24.307089680000047], [88.65530571900007, 24.309392068000022], [88.66649105700003, 24.315132858000027], [88.67517985200004, 24.315166090000048], [88.68554837200008, 24.31581325700006], [88.69698806100007, 24.31367820500003], [88.72527060800007, 24.297475871000074], [88.73284873900008, 24.185553689000074], [88.73682963800007, 24.166023374000076], [88.74349093400008, 24.151916308000068], [88.71247890200004, 24.122932866000042], [88.70722929300007, 24.099039840000046], [88.72195094000006, 24.076441653000074], [88.73056818500004, 24.065080359000035], [88.74250810600006, 24.055393388000027], [88.73844140900007, 24.048927814000024], [88.72398082500007, 24.044938521000063], [88.73892544100005, 24.036086005000072], [88.73647908600003, 24.025476559000026], [88.73105482100004, 24.010963290000063], [88.72832371600003, 23.996000975000072], [88.74213413400008, 24.00338108400007], [88.75333333300006, 24.007384656000056], [88.76276514500006, 24.001395566000042], [88.76379511300007, 23.99211361500005], [88.76944418000005, 23.98206857400004], [88.75831619800005, 23.98364269500007], [88.74519717800007, 23.985546561000035], [88.73619819900006, 23.980744569000024], [88.73719308800008, 23.97096397400003], [88.73299123600003, 23.961418795000043], [88.73425006200006, 23.95818250900004], [88.73756961400005, 23.953562384000065], [88.73977948900006, 23.950577278000026], [88.74031878100004, 23.943243240000072], [88.74122324200005, 23.93582563500007], [88.74084853700003, 23.930929268000057], [88.73514753000006, 23.93229644200005], [88.73346966900004, 23.922895978000042], [88.73218965300003, 23.910964996000075], [88.72499319100007, 23.91321668100005], [88.71384280700005, 23.912956259000055], [88.70497173400008, 23.913142406000077], [88.69972906600003, 23.910130812000034], [88.70314200700005, 23.907264889000032], [88.69973110900008, 23.904856210000048], [88.70292515600005, 23.902119440000035], [88.70505477300009, 23.90080849000003], [88.69846835000004, 23.899539884000035], [88.68839521100006, 23.901591521000057], [88.68373406000006, 23.890029261000052], [88.67583205600005, 23.884255616000075], [88.66672052000007, 23.88253134200005], [88.66413699600008, 23.877007013000025], [88.66742673400006, 23.87047934800006], [88.66311880600006, 23.87064325600005], [88.65512669200007, 23.869032424000068], [88.65326898300003, 23.866851462000056], [88.64741531300007, 23.869129980000025], [88.64064618000003, 23.869663564000064], [88.63448011600008, 23.869023688000027], [88.62687521600003, 23.86519265800007], [88.62538625400003, 23.871462656000062], [88.61975311300006, 23.87688859700006], [88.60903517300005, 23.873381610000024], [88.60906115700004, 23.86381768900003], [88.59961810500005, 23.86909862500005], [88.59216435800005, 23.869642851000037], [88.58410494300006, 23.869420147000028], [88.58191681700004, 23.862503269000058], [88.57763677400004, 23.858759703000032], [88.57792691600008, 23.852403819000074], [88.58439925100004, 23.85489364600005], [88.59094819900008, 23.850784668000074], [88.58719511800007, 23.844612570000038], [88.58627512100009, 23.83435965700005], [88.58894123600004, 23.827485660000036], [88.59592017700004, 23.82398856100008], [88.60200124700003, 23.818322564000027], [88.59838210900006, 23.811716618000048], [88.59460789700006, 23.809152374000064], [88.59145655700007, 23.810995460000072], [88.58747266700004, 23.813685718000045], [88.58835019200006, 23.812711344000036], [88.59345454600003, 23.806249063000053], [88.59247823200008, 23.802074580000067], [88.58103726900003, 23.796979555000064], [88.57868815700004, 23.78744765500005], [88.56455911800003, 23.785047580000025], [88.55972103700003, 23.78430706300003], [88.56656669500006, 23.776953141000035], [88.57063897900008, 23.775778067000033], [88.57482256000009, 23.775214255000037], [88.57962757700005, 23.773014172000046], [88.58033015000007, 23.76322625000006], [88.57783806500004, 23.756929841000044], [88.57269847300006, 23.749019499000042], [88.57294028200005, 23.744267491000073], [88.57216814000003, 23.738446209000074], [88.57380101200005, 23.73646390400006], [88.57618272000008, 23.733399258000077], [88.57398238200005, 23.730423862000066], [88.57100934700009, 23.728423468000074], [88.56734730900007, 23.71964016000004], [88.56492502100008, 23.712084720000064], [88.56594920700007, 23.706023668000057], [88.56708978000006, 23.70017597100008], [88.56800766300006, 23.694601298000066], [88.56885148200007, 23.68935722300006], [88.57380415900008, 23.68155164500007], [88.57458753300006, 23.67636919800003], [88.57216117300004, 23.673745272000076], [88.57289824000009, 23.667051102000073], [88.56899175100006, 23.659946379000075], [88.56203887300006, 23.654952500000036], [88.55932369900006, 23.649099555000078], [88.56338058600005, 23.645530990000054], [88.56417705500007, 23.636784316000046], [88.57206611400005, 23.636297074000026], [88.58048044300006, 23.638889878000043], [88.59051494500005, 23.641312750000054], [88.59329281400005, 23.63277662400003], [88.59259111700004, 23.627391076000038], [88.59344951200006, 23.61903734200007], [88.58389433800005, 23.61292936700005], [88.58017279500007, 23.605643490000034], [88.58546049300008, 23.603080635000026], [88.59628467500005, 23.602053093000052], [88.60584726600007, 23.609427763000042], [88.60852432400009, 23.602873440000053], [88.60773648000009, 23.600679737000064], [88.61595938500005, 23.602433149000035], [88.62266597000007, 23.60523531900003], [88.62848701100006, 23.60780706500003], [88.63639532500008, 23.607285624000042], [88.64313049300006, 23.608894761000045], [88.64332940300005, 23.603221881000024], [88.63927195300005, 23.593607467000027], [88.64473087900006, 23.591058515000043], [88.64909111500003, 23.585989618000042], [88.64994321900008, 23.57765163600004], [88.65424816500007, 23.564407558000028], [88.65962012600005, 23.55298067800004], [88.67072313000006, 23.54784961100006], [88.68567426600004, 23.538338666000072], [88.68819621300008, 23.53168259800003], [88.69442413500008, 23.525397677000058], [88.69875623900003, 23.515593701000057], [88.71371525300003, 23.508595651000064], [88.72828719200004, 23.507031588000075], [88.73105383400008, 23.495308728000055], [88.74425462600004, 23.483239987000047], [88.74497256200004, 23.483265619000065], [88.76083026600008, 23.478719698000077], [88.76016021800007, 23.49063054900006], [88.77463526100007, 23.480206647000045], [88.76975414300006, 23.494074674000046], [88.78652157000005, 23.507194681000044], [88.78559881800004, 23.497814740000024], [88.79485937600003, 23.50231401800005], [88.79848093400005, 23.493147667000073], [88.79956951100007, 23.48405376100004], [88.79233853300008, 23.47738079900006], [88.78858993800009, 23.46691052400007], [88.79048557600004, 23.462359978000052], [88.79157672300005, 23.455963386000064], [88.78964877500005, 23.450880255000072], [88.79445097700005, 23.44411850800003], [88.78959507100006, 23.441359945000045], [88.78540546700003, 23.44487325500006], [88.78319747300009, 23.440245250000032], [88.78075506900007, 23.441209994000076], [88.77177838800009, 23.447087028000055], [88.76381797400006, 23.446880202000045], [88.76124086600004, 23.433051548000037], [88.75903222700003, 23.424851500000045], [88.75459916900007, 23.414340191000065], [88.76067314100004, 23.409288369000024], [88.75102162800005, 23.402722252000046], [88.75257245200004, 23.391084352000064], [88.75866250100006, 23.384897797000065], [88.76280682600003, 23.38708869900006], [88.75965102700007, 23.38083541700007], [88.76329984100005, 23.37189836300007], [88.75774019400006, 23.359846709000067], [88.74549669400005, 23.359523503000048], [88.74357611800008, 23.353999659000067], [88.74411826000005, 23.348728618000052], [88.73335220800004, 23.35338057200005], [88.73518013400007, 23.346671697000033], [88.73732422400008, 23.340923556000064], [88.73462223400008, 23.332059694000066], [88.73785614000008, 23.327673611000023], [88.74562314700006, 23.324275587000045], [88.74659712400006, 23.316097699000068], [88.74436619600004, 23.30674265700003], [88.73355924100008, 23.306916665000074], [88.73043312600004, 23.316102561000037], [88.72498019600005, 23.317325649000054], [88.72679722500004, 23.306844582000053], [88.72262119300007, 23.297739656000033], [88.71700213200006, 23.30494557800006], [88.70668015400008, 23.303911585000037], [88.71259526300008, 23.31204957700004], [88.70293813700005, 23.30716661400004], [88.69720826800005, 23.29680356500006], [88.70550115500004, 23.291823709000028], [88.71197014100005, 23.282770583000058], [88.71859016800005, 23.27385961300007], [88.72070810700006, 23.261920599000064], [88.72855625100004, 23.251253619000067], [88.74413619700005, 23.245193673000074], [88.76105417000008, 23.245801461000042], [88.77425474500006, 23.24046124800003], [88.77648235900006, 23.230901634000077], [88.77815200900005, 23.223088576000066], [88.78701674900003, 23.222374863000027], [88.79149042100005, 23.21953476300007], [88.80573810900006, 23.21881925100007], [88.80706768000005, 23.231127065000067], [88.80752776600008, 23.243268216000047], [88.80928003900004, 23.255176155000072], [88.81351910500007, 23.25250713400004], [88.82711415800009, 23.24550922900005], [88.82379612800008, 23.23411966900005], [88.83701422200005, 23.24381568600006], [88.85098646700004, 23.230954802000042], [88.85913921900004, 23.235070332000078], [88.86846062800004, 23.23386958800006], [88.87652302600009, 23.23244601700003], [88.88560080100007, 23.228188397000054], [88.88964446800009, 23.231291874000078], [88.89807190400006, 23.232559684000023], [88.90354767300005, 23.23490233700005], [88.91101898300008, 23.234112398000036], [88.91584201400008, 23.224029036000047], [88.91564718500007, 23.212951642000064], [88.91984158000008, 23.218338962000075], [88.92522854400005, 23.217911121000043], [88.92940845700008, 23.21294262200007], [88.94009133000009, 23.207181974000036], [88.95259156000003, 23.211312547000034], [88.96406297200008, 23.21585247300004], [88.97081198700005, 23.22272306900004], [88.97657998900007, 23.216824185000064], [88.97431278700003, 23.222052029000054], [88.98108089900006, 23.222564126000066], [88.98051245500005, 23.21622466200006], [88.98530740600006, 23.22021090000004], [88.99569458100007, 23.213095589000034], [88.98819224000005, 23.214641635000078], [88.98446313100004, 23.209332705000065], [88.98506642500007, 23.201927499000078], [88.98228108800004, 23.197152420000066], [88.98045095700007, 23.191518769000027], [88.97814979500004, 23.18761265100005], [88.97899902200004, 23.18334511000006], [88.97655505800003, 23.181969665000054], [88.97481818400007, 23.192122079000058], [88.96204304900004, 23.192845300000045], [88.95797999500007, 23.187215096000045], [88.95025979900004, 23.182226784000022], [88.937141, 23.172849479000035], [88.93410100700004, 23.164136991000078], [88.92736042700005, 23.161018969000054], [88.92999692000006, 23.15822505600005], [88.93224576800009, 23.151686837000057], [88.93100789700009, 23.14425107200003], [88.91906525900004, 23.138993846000062], [88.91824417800007, 23.13273713800004], [88.91035077300006, 23.12806054200007], [88.90430606500007, 23.11932940500003], [88.90012932300004, 23.113919920000058], [88.89629871700004, 23.11099794200004], [88.88789847400005, 23.10894741800007], [88.88219021600008, 23.110965719000035], [88.88282166500005, 23.105809817000022], [88.87673925700005, 23.10481549800005], [88.87052028100004, 23.101659510000047], [88.87201501000004, 23.09656370400006], [88.87136119900003, 23.087066701000026], [88.86595880700008, 23.081420469000022], [88.86615739400008, 23.074549341000022], [88.86778832000005, 23.070215941000072], [88.87502027800008, 23.061702824000065], [88.87467391900003, 23.05432406400007], [88.87506917600007, 23.046856184000035], [88.88378668200005, 23.037776030000032], [88.88040460600007, 23.03063667400005], [88.87842590300005, 23.025892404000047], [88.87250521200008, 23.019034669000064], [88.87457621300007, 23.013408568000045], [88.88015319600004, 23.008081702000027], [88.87174413500009, 23.005059690000053], [88.85183711500008, 23.00791154700005], [88.84978220800008, 23.003418681000028], [88.86551923200005, 23.00007664700007], [88.87003925700003, 22.979981705000057], [88.85840115100007, 22.971134608000057], [88.85793310700006, 22.948990624000032], [88.86931623300006, 22.95127854900005], [88.88333513400005, 22.953941648000068], [88.89269319300007, 22.94524659700005], [88.88798926900006, 22.93155861400004], [88.90686615300007, 22.921375606000026], [88.89539015500009, 22.913090598000053], [88.89988218400003, 22.900405594000063], [88.90342631700008, 22.894807031000028], [88.90607526300005, 22.89191723400006], [88.90720964100007, 22.886470062000058], [88.90922895600005, 22.883133104000024], [88.91145234500004, 22.880447510000067], [88.91280865800007, 22.87883022400007], [88.91794893400004, 22.878537580000057], [88.92350163200007, 22.879727872000046], [88.92831126300007, 22.872564598000054], [88.93472701400003, 22.87410099600004], [88.94124958100008, 22.876500385000043], [88.94657910800004, 22.879427703000033], [88.94960514200005, 22.874512554000034], [88.95336710800007, 22.868123698000034], [88.95546711000009, 22.864011706000042], [88.95816926800006, 22.85759854300005], [88.96556814200005, 22.849328623000076], [88.96740310800004, 22.838096705000055], [88.96393015000007, 22.82576960800003], [88.95896018500008, 22.81368759700007], [88.96046778300007, 22.80829994100003], [88.95885034200006, 22.800595718000068], [88.95572224000006, 22.796742839000046], [88.94501355900007, 22.792788685000062], [88.93647786300005, 22.79092657600006], [88.93529850100003, 22.78498038600003], [88.92881710900008, 22.783228551000036], [88.92557285800007, 22.77927323800003], [88.91899614900007, 22.770189172000073], [88.91181599200007, 22.756717451000043], [88.91588105200003, 22.754802170000062], [88.92145616600004, 22.749953194000057], [88.91694285300008, 22.744119960000035], [88.91829814900007, 22.73264308800003], [88.92957467200006, 22.717668322000065], [88.94724081000004, 22.70694307100007], [88.95676032100005, 22.702692850000062], [88.96231336100004, 22.694466328000033], [88.96224812900005, 22.68492589400006], [88.95293759400005, 22.68204690700003], [88.94864452300004, 22.67845281600006], [88.94762476600005, 22.67287932100004], [88.94517586800004, 22.66425281200003], [88.94300304500007, 22.66168566500005], [88.93470840700007, 22.65790894500003], [88.93339749200004, 22.653723004000028], [88.92977237200006, 22.652537890000076], [88.95771230700007, 22.620098152000025], [88.94289776700003, 22.555867441000032], [88.97177326500008, 22.519850594000047], [88.99532825700004, 22.47144460000004], [88.99690522800006, 22.435572569000044], [88.97673317200008, 22.413991681000027], [88.98753859700008, 22.385262067000042], [88.98651921200008, 22.358548578000068], [88.98506914200004, 22.325300584000047], [89.01284911700003, 22.311454687000037], [89.01912213300005, 22.29424563400005], [88.99546521700006, 22.287757707000026], [89.01946227000008, 22.267939701000046], [89.02276222600005, 22.25615860100004], [89.03736417200008, 22.233686550000073], [89.07179317400005, 22.19372767300007], [89.06689127000004, 22.157300591000023], [89.09303526400004, 22.15938869200005], [89.07364121600006, 22.132661652000024], [89.04103326600006, 22.105356597000025], [89.04119110100004, 22.059139252000023], [89.07729912000008, 21.98065698100004], [89.04839245600004, 21.92928003000003], [89.01875305200008, 21.96819496300003], [89.01559008000004, 21.927882961000023], [89.00333404500003, 21.881111146000023], [89.03121948200004, 21.824861527000053], [89.01950073200004, 21.777334214000064], [89.06872558600008, 21.711526870000057], [89.09077453600008, 21.62777709900007], [89.03035736200007, 21.645721437000077], [89.04205322300004, 21.613166810000052], [88.99333191000005, 21.611194612000077], [88.93458557100007, 21.656639099000074], [88.88619232200006, 21.66911125300004], [88.87496948200004, 21.768749238000055], [88.85291290300006, 21.737443924000047], [88.85949707100008, 21.649972916000024], [88.83747100800008, 21.618749618000038], [88.82536315900006, 21.655805589000067], [88.78955841000004, 21.657444002000034], [88.73791503900009, 21.670000076000065], [88.70788574200003, 21.765806198000064], [88.70830535900006, 21.827054978000035], [88.70163726800007, 21.844554901000038], [88.72035980200008, 21.910028457000067], [88.72702789300007, 21.975000382000076], [88.76369476500008, 22.0], [88.76280212400007, 22.04988861100003], [88.71988677900003, 22.053611757000056], [88.70986175500008, 22.043638229000067], [88.70488739000007, 22.00363922100007], [88.65113830500007, 22.07072258100004], [88.62197113000008, 22.023250580000024], [88.61122131400003, 21.99916649000005], [88.60788726800007, 21.933361053000056], [88.59872436500007, 21.94244384900003], [88.57791900600006, 21.90163803100006], [88.56539154000006, 21.835805894000032], [88.54413604700005, 21.852916719000063], [88.51000213600008, 21.867055893000042], [88.52788543700007, 21.935832977000075], [88.49744415300006, 21.912082673000043], [88.47080230700004, 21.890417099000047], [88.47372436500007, 21.834972381000057], [88.47705841100003, 21.786666870000033], [88.46128082300004, 21.69663810700007], [88.44747162000004, 21.611221313000044], [88.42038726800007, 21.65327835200003], [88.42666626000005, 21.697916031000034], [88.42916870100004, 21.615417482000055], [88.38999938900008, 21.624584199000026], [88.39497375400003, 21.693695068000068], [88.36499786400003, 21.731250764000038], [88.35663604800004, 21.684555055000033], [88.32499694800003, 21.70708274800006], [88.28538513200004, 21.720806122000056], [88.30872345000006, 21.665832521000027], [88.28749847400007, 21.597055435000073], [88.25916290300006, 21.557056427000077], [88.22247314400005, 21.62536049000005], [88.19875335700004, 21.686639787000047], [88.21455383300008, 21.74330520600006], [88.19541931100008, 21.825834276000023], [88.16955566400009, 21.895805359000065], [88.17580413800005, 21.976249695000035], [88.21949768100006, 22.062416076000034], [88.20033264100005, 22.166610718000072], [88.11997222900004, 22.206193925000036], [88.02994537300003, 22.219499589000065], [88.06994628900009, 22.18622207800007], [88.15785980200008, 22.154916763000074], [88.14830780000005, 22.059499740000035], [88.04827881000006, 22.014499664000027], [88.02294158900008, 21.94330596900005], [87.97624969500004, 21.862472534000062], [87.87958526600005, 21.80994415300006], [87.82585907000004, 21.719583513000032], [87.77500152600004, 21.691223146000027], [87.72416687000003, 21.66619491700004], [87.64669799800004, 21.646223070000076], [87.58330535900006, 21.63536071900006], [87.51083374000007, 21.61788940400004], [87.44416809100005, 21.598749161000057], [87.36583709700005, 21.579526901000065], [87.37666320800008, 21.55041694700003], [87.22833252000004, 21.55041694700003], [87.19496917700008, 21.55538940400004], [87.19999694800003, 21.547861099000045], [87.13330841100003, 21.514528275000032], [87.09247589100005, 21.53705596900005], [87.05413818300008, 21.477916718000074], [86.99330902100007, 21.415416719000063], [86.89619445900007, 21.313304901000038], [86.85708618200005, 21.233304977000046], [86.82875061000004, 21.184165954000036], [86.83789062500006, 21.109972001000074], [86.86746978800005, 21.046194077000052], [86.91791534400005, 20.94244384800004], [86.95539093000008, 20.866666794000025], [86.97372436500007, 20.814971924000076], [86.89499664300007, 20.793722154000022], [86.91247558600008, 20.767055511000024], [87.00286102300004, 20.753360748000034], [86.94249725400005, 20.716222763000076], [86.97830200200008, 20.700387955000053], [87.0, 20.695388795000042], [87.06958007800006, 20.720806121000066], [86.95996856700003, 20.64875030500008], [86.86042022700008, 20.58913803200005], [86.77872467000003, 20.520833969000023], [86.73542022700008, 20.528305055000033], [86.73244476500008, 20.480388641000047], [86.73124694800003, 20.44416618300005], [86.73000335700004, 20.393722534000062], [86.75869751000005, 20.39497184800007], [86.77413940400004, 20.372917175000055], [86.76083374000007, 20.324583054000072], [86.71919250500008, 20.302083969000023], [86.69580841100003, 20.285388948000048], [86.77664184600008, 20.32958412100004], [86.77336120600006, 20.321250915000064], [86.67747497500005, 20.276250839000056], [86.62913513200004, 20.23786163500006], [86.53038787900005, 20.189945222000063], [86.55000305200008, 20.192054750000068], [86.49124908500005, 20.109972001000074], [86.43538665800008, 20.022472381000057], [86.37455749500003, 19.979166032000023], [86.33791351300005, 19.99080467300007], [86.33999633700006, 19.971250535000024], [86.32919311500007, 19.946250916000054], [86.26669311500007, 19.91955566400003], [86.23249816900005, 19.91291618500003], [86.18333435100004, 19.88372230500005], [86.10666656500007, 19.86291694600004], [86.07328033400006, 19.85455513000005], [86.03580474800003, 19.844610215000046], [85.96414184600008, 19.831193924000047], [85.91330719000007, 19.81872177200006], [85.85083007800006, 19.802055359000065], [85.78916931100008, 19.78041648800007], [85.73000335700004, 19.75958251900005], [85.66080474900008, 19.736221314000034], [85.63077545100003, 19.725389480000047], [85.64244079600007, 19.736194612000077], [85.57746887200005, 19.71125030500008], [85.54753112800006, 19.682056427000077], [85.48664093000008, 19.648721695000063], [85.40916442800005, 19.616222383000036], [85.28913879400005, 19.54455566400003], [85.19086456300005, 19.476194381000028], [85.09955597100009, 19.40500068700004], [85.03874969400005, 19.38916587800003], [85.08164215100004, 19.375389100000064], [84.96333313000008, 19.297861099000045], [84.91000366200007, 19.26038932800003], [84.80958557100007, 19.14913940400004], [84.78708648700007, 19.124944688000028], [84.73622131300004, 19.098304750000068], [84.75955200200008, 19.08663940400004], [84.75119781500007, 19.051666260000047], [84.68827819900008, 18.969554902000027], [84.58458709700005, 18.850000382000076], [84.51750183100006, 18.757917404000068], [84.42247009200008, 18.64119529800007], [84.35211181700004, 18.565860748000034], [84.34333038400007, 18.569555283000057], [84.32497406000005, 18.551250459000073], [84.35705566400009, 18.560806274000072], [84.28747558600008, 18.49702835100004], [84.17669677700007, 18.39622306800004], [84.11416626000005, 18.35205650300003], [84.13372039800004, 18.31669425900003], [84.05664062500006, 18.26791572700006], [83.99166870100004, 18.24038887000006], [83.94628143300008, 18.217472076000035], [83.92082977300004, 18.206222534000062], [83.84502410800008, 18.16705513100004], [83.78663635200007, 18.143722534000062], [83.70999908400006, 18.10455513100004], [83.66371917700008, 18.074138641000047], [83.58663940400004, 18.018749237000065], [83.55874633800005, 18.016666413000053], [83.54624938900008, 17.968305588000078], [83.45461273200004, 17.90163803200005], [83.45705413800005, 17.89416694600004], [83.40244293200004, 17.80208397000007], [83.34750366200007, 17.729583741000056], [83.29911041200006, 17.685417175000055], [83.23791503900009, 17.628360748000034], [83.17539215100004, 17.573278427000048], [83.11413574200003, 17.54624939000007], [83.05247977000005, 17.52008739100006], [82.96163940400004, 17.459554672000024], [82.88952636700003, 17.439138412000034], [82.85827636700003, 17.423721315000023], [82.83747100900007, 17.404582977000075], [82.68744659400005, 17.33205604500006], [82.56497192400008, 17.259555816000045], [82.44080352800006, 17.16705513000005], [82.29041290300006, 17.009166718000074], [82.26583099400005, 16.939611435000074], [82.25038909900007, 16.879138948000048], [82.28583526600005, 16.864583969000023], [82.33164215100004, 16.853721618000066], [82.35958099400005, 16.827499389000025], [82.36538696300005, 16.907444], [82.33705902100007, 16.97747230500005], [82.36875152600004, 16.931638718000045], [82.36369323800005, 16.827472688000057], [82.34615687800004, 16.765403353000067], [82.33212280300006, 16.73526954600004], [82.27308322500005, 16.707937961000027], [82.33233886700003, 16.71264051600002], [82.33558654800004, 16.690059662000067], [82.35286712600004, 16.709489822000023], [82.34075927700007, 16.716289520000032], [82.36100006100008, 16.712890625000057], [82.36402893000007, 16.724039078000033], [82.34703826900005, 16.72654915000004], [82.36889648500005, 16.715250015000038], [82.32436370800008, 16.655490877000034], [82.31520080500007, 16.610059738000075], [82.28534776500004, 16.639690620000067], [82.25823486400003, 16.68866265300005], [82.28899956700008, 16.615574951000042], [82.26078033600004, 16.562915803000067], [82.29497528100006, 16.55788803100006], [82.25580596900005, 16.548721315000023], [82.12333679200003, 16.486221315000023], [82.04582977300004, 16.45122146600005], [82.02666473400006, 16.438749314000063], [81.96622467100008, 16.434972763000076], [81.92163848900003, 16.389554978000035], [81.82499694800003, 16.358722687000068], [81.72583007800006, 16.31122207800007], [81.72219085700004, 16.364389421000055], [81.70163726800007, 16.308721542000058], [81.65333557200006, 16.330389024000056], [81.57917022700008, 16.341222763000076], [81.55789184600008, 16.359138490000078], [81.53955841000004, 16.35413932800003], [81.41163635200007, 16.342889786000057], [81.33247375500008, 16.315416337000045], [81.26628112800006, 16.282499313000073], [81.21202850300006, 16.188304901000038], [81.19875335700004, 16.155834198000036], [81.19535827700008, 16.103305816000045], [81.14708709700005, 15.99416637400003], [81.12789154100005, 15.984138489000031], [81.08496856800008, 15.922888757000067], [81.02205657900004, 15.853333474000067], [80.99494171100008, 15.817083360000026], [81.02786254800003, 15.768305779000059], [81.01249694900008, 15.763722421000068], [81.01291656500007, 15.757527353000057], [80.96080780100004, 15.753749847000051], [80.97374725400005, 15.746639252000023], [80.90747070300006, 15.747083664000058], [80.91080474900008, 15.71544456600003], [80.85083007800006, 15.70455551200007], [80.83403015200008, 15.752583504000029], [80.78458404500003, 15.808361055000034], [80.78871917700008, 15.818333626000026], [80.81036377000004, 15.82583332200005], [80.74411010800003, 15.874555588000078], [80.66083526600005, 15.879555703000051], [80.60083007800006, 15.870444299000042], [80.53372192400008, 15.851638794000053], [80.49500274600007, 15.835416794000025], [80.41500091500006, 15.793722153000033], [80.33419799800004, 15.73705577800007], [80.26372528100006, 15.669166566000058], [80.23874664300007, 15.601666450000039], [80.21708679200003, 15.53327751300003], [80.20833587600004, 15.510416985000063], [80.20833587600004, 15.495361328000058], [80.18958282400007, 15.44669437400006], [80.11541748100007, 15.35169410800006], [80.10041809000006, 15.30666637400003], [80.08875274700006, 15.228333473000077], [80.07208251900005, 15.181638717000055], [80.05291748000008, 15.10499954200003], [80.05374908400006, 15.01411151900004], [80.06705474900008, 14.951694488000044], [80.08872222900004, 14.86663913700005], [80.09497070300006, 14.812083244000064], [80.12958526600005, 14.728333473000077], [80.11785888700007, 14.724166870000033], [80.13747406000005, 14.718722343000024], [80.16291809100005, 14.640861513000061], [80.18161010800003, 14.585416794000025], [80.18916320800008, 14.57124996300007], [80.18035888600008, 14.49244403800003], [80.17458343500005, 14.383305550000046], [80.14538574200003, 14.287500383000065], [80.12496948200004, 14.251194002000034], [80.13333129900008, 14.240361213000028], [80.13044738800005, 14.133360864000053], [80.12622070300006, 14.066694261000066], [80.15288543700007, 14.028306009000062], [80.17205810500008, 13.979971887000033], [80.20625305200008, 13.899999620000074], [80.24121856700003, 13.822472574000074], [80.25458526600005, 13.785833360000026], [80.23371887200005, 13.677499771000043], [80.25458526600005, 13.596666336000055], [80.29621887200005, 13.490777971000057], [80.30999755900007, 13.425389291000045], [80.33041381900006, 13.38580513100004], [80.32369232200006, 13.435805320000043], [80.33955383400007, 13.366666794000025], [80.34371948200004, 13.272500038000032], [80.31455230700004, 13.23080539700004], [80.33125305100003, 13.22999954200003], [80.31041717500005, 13.15747261200005], [80.29455566400003, 13.090833665000048], [80.28166961700003, 13.067889214000047], [80.26667022700008, 13.012027740000065], [80.26288604700005, 12.949138641000047], [80.25044250500008, 12.862472534000062], [80.24458313000008, 12.824166298000023], [80.23455810500008, 12.832444191000036], [80.24246978700006, 12.800389290000055], [80.24708557100007, 12.753305435000073], [80.22039032000004, 12.676638603000072], [80.18788909900007, 12.581694604000063], [80.15911102300004, 12.513722420000022], [80.14619445900007, 12.44250011400004], [80.12205505400004, 12.414111139000056], [80.03874969500004, 12.304166794000025], [79.98288726800007, 12.242500305000021], [79.98208618100006, 12.210000038000032], [79.91791534600003, 12.111611367000023], [79.86208343600003, 12.015000343000054], [79.84202575700004, 11.951639175000025], [79.82955932600004, 11.912500383000065], [79.82252502400007, 11.878749847000051], [79.81208038300008, 11.839944839000054], [79.79621887200005, 11.774138450000066], [79.78044128400006, 11.704944610000041], [79.77163696300005, 11.690388679000023], [79.76538848900003, 11.643333436000034], [79.76291656500007, 11.529999734000057], [79.78205871700004, 11.494138719000034], [79.81872558600008, 11.395805359000065], [79.81663513200004, 11.36538887100005], [79.78916931200007, 11.370444299000042], [79.83791351300005, 11.302472116000047], [79.85121917700008, 11.226666450000039], [79.86042022800007, 11.098333360000026], [79.85455322200005, 10.981613414000037], [79.82833099300007, 10.817083360000026], [79.85289001400008, 10.727472306000038], [79.85788726800007, 10.582444191000036], [79.86705780100004, 10.428305626000054], [79.87452697800006, 10.328305244000035], [79.87208557100007, 10.317500116000076], [79.88041687000003, 10.319999696000025], [79.80413818300008, 10.280388832000028], [79.76411438000008, 10.315388679000023], [79.67250061100003, 10.331222534000062], [79.64122009300007, 10.335805893000042], [79.63163757300003, 10.339555742000073], [79.55833435000005, 10.315388679000023], [79.60622406000005, 10.344944001000044], [79.54541778500004, 10.349971771000071], [79.52330780000005, 10.333722115000057], [79.49996948300003, 10.336194040000066], [79.46749878000008, 10.338749886000073], [79.47077941900005, 10.328722], [79.51916503900003, 10.312055588000021], [79.45083618200005, 10.31875038100003], [79.36499786400003, 10.291222572000038], [79.29911041300005, 10.263722420000022], [79.24205780000005, 10.164972305000049], [79.22958374000007, 10.113305093000065], [79.25289154100005, 10.055777549000027], [79.20625305200008, 9.979971887000033], [79.13747406000005, 9.902916908000066], [79.12455749500003, 9.855833053000026], [79.05333709700005, 9.771222116000047], [78.98455810600007, 9.694138527000064], [78.95919799800004, 9.624555588000021], [78.92622375500008, 9.566666603000044], [78.91833496100008, 9.491250038000032], [78.96372222900004, 9.384111404000066], [78.97250366200007, 9.33458328200004], [79.02163696300005, 9.32455539700004], [79.09916687000003, 9.291222572000038], [79.16583252000004, 9.284583093000037], [79.13913726800007, 9.269555092000076], [79.05333709700005, 9.261249544000066], [78.95080566400003, 9.268722535000052], [78.88666534400005, 9.253722191000065], [78.78833007800006, 9.22622203800006], [78.71666717500005, 9.185416222000072], [78.64622497600004, 9.166666984000074], [78.60247039800004, 9.141222001000074], [78.50914001500007, 9.129583360000026], [78.46497344900007, 9.122056007000026], [78.38913726800007, 9.091221809000047], [78.33496856700003, 9.04705524600007], [78.26875305200008, 9.01333332200005], [78.21453094600008, 8.961638451000056], [78.17202758800005, 8.884139061000042], [78.16244506800007, 8.802027703000022], [78.16000366200007, 8.752055168000027], [78.16539001500007, 8.75747203900005], [78.20122528100006, 8.784999847000051], [78.15708160400004, 8.713305473000048], [78.12377929700006, 8.650805473000048], [78.12789154000006, 8.621639251000033], [78.12410736100009, 8.588749887000063], [78.12622070300006, 8.537471771000071], [78.09371948200004, 8.453305244000035], [78.04916381800007, 8.388722420000022], [78.02664184600008, 8.358722688000057], [77.94747161900005, 8.309556009000062], [77.87000274600007, 8.264555932000064], [77.79914093000008, 8.233750343000054], [77.73750305200008, 8.172082901000067], [77.64830780000005, 8.157083511000053], [77.58413696200006, 8.13705539800003], [77.55625152500005, 8.079166413000053], [77.48500061000004, 8.086250306000068], [77.41163635200007, 8.104611397000042], [77.33747100800008, 8.125416757000039], [77.26494598400006, 8.166222574000074], [77.17702484100005, 8.226638794000053], [77.125, 8.267083168000056], [77.01247406000005, 8.350388527000064], [76.97122192400008, 8.39249992300006], [76.96038818300008, 8.427499771000043], [76.92619323800005, 8.460805893000042], [76.86955261200006, 8.526638986000023], [76.77455902100007, 8.646666527000036], [76.69541931200007, 8.744166375000077], [76.64622497600004, 8.814138412000034], [76.56999969500004, 8.875389099000074], [76.54994201600005, 8.927027703000022], [76.59916687000003, 8.932055473000048], [76.58666992200006, 8.941222192000055], [76.60372161800007, 8.954999924000049], [76.62208557100007, 8.954972267000073], [76.63578033400006, 8.960416794000025], [76.66291809100005, 8.956639290000055], [76.65374755800008, 8.973333359000037], [76.64494323700006, 8.981222153000033], [76.65660858200005, 8.995416641000077], [76.62750244200004, 8.991250038000032], [76.60749816900005, 8.990416528000026], [76.57166290300006, 8.957888603000072], [76.55494689900007, 8.960361482000053], [76.56330871600005, 8.972916604000034], [76.54166412400008, 8.932916641000077], [76.52210998500004, 8.99083328200004], [76.48786163400007, 9.077472688000057], [76.48376464800003, 9.119138719000034], [76.48122406100003, 9.158333778000042], [76.47875213600008, 9.147500038000032], [76.44705200200008, 9.197472572000038], [76.42747497600004, 9.229527475000054], [76.44786071800007, 9.17249965800005], [76.44291687100008, 9.174972534000062], [76.39369201700003, 9.285833360000026], [76.38202667200005, 9.315833092000048], [76.34622192400008, 9.395860673000072], [76.32122039800004, 9.467499733000068], [76.30958557100007, 9.537471771000071], [76.29538726800007, 9.629972457000065], [76.28375244100005, 9.746639253000069], [76.27288818400007, 9.798360826000021], [76.25622558600008, 9.878333093000037], [76.24205780100004, 9.943333626000026], [76.27694702100007, 9.93144416900003], [76.28372192300003, 9.949944497000047], [76.27291870100004, 9.997471810000036], [76.26330566500008, 10.03452777800004], [76.24205780100004, 9.987500191000038], [76.20958709700005, 10.029972076000035], [76.18003082300004, 10.11786079500007], [76.17369079600007, 10.135805130000051], [76.17705535900006, 10.182472229000041], [76.16583252000004, 10.187055589000067], [76.14958191000005, 10.210833549000029], [76.12955474900008, 10.288305284000046], [76.09786224400005, 10.37747192300003], [76.05625152600004, 10.471611023000037], [76.05955505400004, 10.486639023000066], [76.03747558600008, 10.531222343000024], [76.05836486800007, 10.542916298000023], [76.02541351300005, 10.53499984800004], [75.99874878000008, 10.596693994000077], [75.95541381800007, 10.692500116000076], [75.94039154000006, 10.738305092000076], [75.94039154000006, 10.791639329000077], [75.91955566400003, 10.801638604000061], [75.91208648700007, 10.784944534000033], [75.90039062500006, 10.836667061000071], [75.88872528100006, 10.900777816000073], [75.86538696300005, 10.988305093000065], [75.84541320800008, 11.076639177000061], [75.83916473400006, 11.126194001000044], [75.86376190200008, 11.131652356000075], [75.80836486800007, 11.15375042100004], [75.81539154000006, 11.16749954200003], [75.79541778600003, 11.186611176000042], [75.78666687000003, 11.23705577800007], [75.76291656500007, 11.276638986000023], [75.74291992200006, 11.350805283000057], [75.73371887200005, 11.346638679000023], [75.70791626000005, 11.408333778000042], [75.62919616700003, 11.472083093000037], [75.59877777100007, 11.542471885000054], [75.59371948200004, 11.577472687000068], [75.57624816900005, 11.60580539800003], [75.53372192400008, 11.697472572000038], [75.51125335700004, 11.726638794000053], [75.47744751000005, 11.767055511000024], [75.46375274700006, 11.795805931000075], [75.43794250600007, 11.804166795000071], [75.36042022800007, 11.857444763000046], [75.31705474800003, 11.920000078000044], [75.33916473400006, 11.933750152000073], [75.31080627400007, 11.967082977000075], [75.30455780000005, 11.959972381000057], [75.29041290300006, 11.96997261000007], [75.23288726800007, 12.018278122000027], [75.18038940400004, 12.049166679000052], [75.14035797100007, 12.144166946000041], [75.13041687000003, 12.206639290000055], [75.10205841100003, 12.244166375000077], [75.06541442900004, 12.33080577800007], [75.01535797100007, 12.416666986000052], [74.98872375500008, 12.472499847000051], [75.00205230700004, 12.48080539800003], [74.96289062600005, 12.527500152000073], [74.94039154000006, 12.588305473000048], [74.91791534400005, 12.63833332200005], [74.89788818400007, 12.696666718000074], [74.86458587700008, 12.758305550000046], [74.82952880900007, 12.839138984000044], [74.86875152500005, 12.839166641000077], [74.82958221500007, 12.873305322000022], [74.82541656500007, 12.859167099000047], [74.81294250500008, 12.894139289000066], [74.80452728200004, 12.929166794000025], [74.78708648700007, 13.011666298000023], [74.78041839600007, 13.069138527000064], [74.77208709700005, 13.079972267000073], [74.75872039900008, 13.141638756000077], [74.73708343500005, 13.216666222000072], [74.71622467000003, 13.30580520600006], [74.70744323700006, 13.340360641000075], [74.69452667200005, 13.409999847000051], [74.69619751000005, 13.420000076000065], [74.71958160500003, 13.452472687000068], [74.70038604800004, 13.462499620000074], [74.68452453600008, 13.50580596900005], [74.67375183100006, 13.591638566000029], [74.68000030500008, 13.605388641000047], [74.69664001400008, 13.637888908000036], [74.71583557100007, 13.642916679000052], [74.68250274600007, 13.672027588000049], [74.66458129800003, 13.636638643000026], [74.64122009400006, 13.704138756000077], [74.62541961700003, 13.784944535000022], [74.60289001500007, 13.869999887000063], [74.57705688500005, 13.925833702000034], [74.54413604700005, 13.955416681000031], [74.51208496100008, 13.99416637400003], [74.52124786300004, 14.02747249600003], [74.50202941900005, 14.040833474000067], [74.48619079600007, 14.099971771000071], [74.47119140600006, 14.176666260000047], [74.44833374000007, 14.216221811000025], [74.43541717500005, 14.27163887100005], [74.48500061000004, 14.245416642000066], [74.48664093000008, 14.274582862000045], [74.42663574200003, 14.299583435000045], [74.41455841000004, 14.30747223000003], [74.40288543700007, 14.377499580000062], [74.38830566400003, 14.413749694000046], [74.37627410900006, 14.45913887000006], [74.36708069000008, 14.520805359000065], [74.37249755900007, 14.538749695000035], [74.35958099400005, 14.54249954200003], [74.32414245600006, 14.516222001000074], [74.29286193900003, 14.585833551000064], [74.34994506800007, 14.597861290000026], [74.31961059600008, 14.611611366000034], [74.27703094400005, 14.614138603000072], [74.29122161900005, 14.638360977000048], [74.27830505400004, 14.658749580000062], [74.26916503900003, 14.70958328200004], [74.25624847400007, 14.723333360000026], [74.20744323700006, 14.713749885000027], [74.16911316000005, 14.76038932800003], [74.13246917800006, 14.77455520600006], [74.09919738800005, 14.794583321000061], [74.12291717500005, 14.822444916000052], [74.16291809100005, 14.82250022900007], [74.16413879400005, 14.842861175000053], [74.11791992200006, 14.846666336000055], [74.08750152600004, 14.894583703000023], [74.04291534500004, 14.924139023000066], [74.04961395300006, 14.960000038000032], [74.03624725300006, 14.987500190000048], [74.00830841100003, 15.016222001000074], [73.98122406000005, 15.053277969000021], [73.93080902100007, 15.083722115000057], [73.94041442800005, 15.121639252000023], [73.95372009300007, 15.155805587000032], [73.93372345000006, 15.20913887000006], [73.90869140600006, 15.292499543000076], [73.86413574200003, 15.366250038000032], [73.80955505400004, 15.384111406000045], [73.80708313000008, 15.401666642000066], [73.85163879400005, 15.40041637400003], [73.85958099400005, 15.439999580000062], [73.78997039800004, 15.462082864000024], [73.81419372600004, 15.503749847000051], [73.77752685600007, 15.488750458000027], [73.74458313000008, 15.560832978000064], [73.75375366300005, 15.60999965800005], [73.78958129800003, 15.652444841000033], [73.73124694800003, 15.61997223000003], [73.70536041300005, 15.679111480000074], [73.71710968000008, 15.724139213000058], [73.67458343500005, 15.728361130000053], [73.66705322300004, 15.755000116000076], [73.65625, 15.795000076000065], [73.62958526600005, 15.849166871000023], [73.61455535900006, 15.86830520600006], [73.58496856700003, 15.910416603000044], [73.52249908400006, 15.937889100000064], [73.50583648700007, 15.984555244000035], [73.49208068900003, 16.004999162000047], [73.45788574200003, 16.061695099000076], [73.46663665700004, 16.08625030500002], [73.46377563500005, 16.137472154000022], [73.45291900600006, 16.149972915000035], [73.44708251900005, 16.19830513100004], [73.43205261200006, 16.205833435000045], [73.42166900600006, 16.28041649000005], [73.40955352800006, 16.279972076000035], [73.38952636700003, 16.350805282000067], [73.39541626000005, 16.366638183000077], [73.37247467000003, 16.38872146600005], [73.42494201600005, 16.40455627500006], [73.43916320800008, 16.41205596900005], [73.37247467000003, 16.39458274800006], [73.38333129900008, 16.448722839000027], [73.34539032000004, 16.46166610800003], [73.32041931100008, 16.516666413000053], [73.33669281000005, 16.560417176000044], [73.35622406000005, 16.509166717000028], [73.37913513200004, 16.507055283000057], [73.43080902100007, 16.504554748000032], [73.36916351300005, 16.519527435000043], [73.35744476300005, 16.54038810700007], [73.39330291800007, 16.550361633000023], [73.37664031900005, 16.55208397000007], [73.34249877900004, 16.577054977000046], [73.34872436500007, 16.595806122000056], [73.36541748100007, 16.625833513000032], [73.39916992200006, 16.588750839000056], [73.39038848800004, 16.62833404500003], [73.33997345100005, 16.62208366400006], [73.32917022800007, 16.645416260000047], [73.33416748000008, 16.687915802000077], [73.30541992200006, 16.746665955000026], [73.33166504000008, 16.809583665000048], [73.34083557100007, 16.825387956000043], [73.29702758800005, 16.813333511000053], [73.29621887200005, 16.857500078000044], [73.30452728300008, 16.894971849000058], [73.28833007800006, 16.938749313000073], [73.30374908400006, 16.96997261000007], [73.33041381800007, 16.96750068800003], [73.30000305200008, 16.982055665000075], [73.28624725500003, 17.01080513100004], [73.26994323700006, 17.044584275000034], [73.28871917700008, 17.0], [73.32289123700008, 17.03499984700005], [73.29244232200006, 17.07541656500007], [73.28708648700007, 17.088277817000062], [73.27288818300008, 17.11497306800004], [73.25622558600008, 17.179138184000067], [73.24619293200004, 17.199138641000047], [73.22536468500005, 17.26080513000005], [73.19869232100007, 17.288333892000026], [73.22452545100003, 17.291666032000023], [73.26455688500005, 17.26000023000006], [73.29955291800007, 17.29163932800003], [73.24244689900007, 17.29205513100004], [73.23124694800003, 17.333333969000023], [73.21372222900004, 17.372472763000076], [73.17500305200008, 17.404527664000057], [73.21333313100007, 17.43122291700007], [73.18952942000004, 17.48161125200005], [73.15705871500006, 17.528305055000033], [73.16247558600008, 17.567083360000026], [73.20500183100006, 17.58455467400006], [73.17330932600004, 17.57958412200003], [73.13536071800007, 17.621665955000026], [73.12374877900004, 17.661666871000023], [73.13705444300007, 17.713306427000077], [73.12041473400006, 17.780805588000078], [73.09747314500004, 17.838750840000046], [73.09833526600005, 17.847084047000067], [73.07830810600007, 17.90041732800006], [73.07917022700008, 17.93122291700007], [73.03202819800003, 17.944110872000067], [73.05080413900004, 17.980388643000026], [73.07414245600006, 17.99044418400007], [73.03494262700008, 17.988721849000058], [73.00497436500007, 18.017889024000056], [73.03833007900005, 18.047082901000067], [73.00830841100003, 18.050388336000026], [72.99541473500005, 18.089166642000066], [72.98791503900003, 18.14913940400004], [72.98247528100006, 18.19286155700007], [72.93791961600004, 18.226638795000042], [72.95375061000004, 18.279111863000026], [72.99500274700006, 18.243694305000076], [73.06663513200004, 18.222055436000062], [73.09330749500003, 18.14458274800006], [73.07788848900003, 18.213277817000062], [73.05830383300008, 18.278778077000027], [73.08458709700005, 18.321666717000028], [73.04252624500003, 18.263750076000065], [72.99121856700003, 18.284166337000045], [72.96916961700003, 18.317083359000037], [72.92250061100003, 18.346250534000035], [72.91666412400008, 18.39291572700006], [72.89710998600003, 18.463333130000024], [72.91205596900005, 18.535028459000046], [72.97288513200004, 18.507472992000032], [72.97955322300004, 18.51080513000005], [72.91708374000007, 18.562500001000046], [72.88539123700008, 18.634195328000033], [72.86705780000005, 18.662500383000065], [72.86458587600004, 18.734167099000047], [72.89336395300006, 18.797916412000063], [72.95452880900007, 18.809165954000036], [72.98622131300004, 18.74330520600006], [73.0, 18.770416260000047], [73.00411224300007, 18.804527284000073], [72.98538970900006, 18.84247207800007], [72.92669677700007, 18.850444794000055], [72.92166900700005, 18.910444260000077], [72.95330810600007, 18.906194688000028], [72.95163726800007, 18.94708251900005], [72.97538757400008, 18.958360672000026], [72.99500274700006, 18.96791648900006], [73.04494476300005, 19.002889633000052], [73.06414032000004, 19.017889024000056], [73.01875305200008, 19.00163841400007], [73.00538635300006, 19.02913856600003], [72.98955535900006, 19.07913971000005], [72.97872161900005, 19.102500915000064], [72.98374939000007, 19.14997291700007], [72.97875213600008, 19.158306123000045], [72.95786285400004, 19.110000610000043], [72.95044708300003, 19.089971544000036], [72.96041870100004, 19.045000077000054], [72.90583038300008, 18.995445251000035], [72.86544799900008, 18.99583244400003], [72.84952545100003, 18.96583366400006], [72.83997345000006, 18.917943954000066], [72.80622100800008, 18.893333435000045], [72.82291412300003, 18.93666648900006], [72.80124664300007, 18.961639405000028], [72.82252502600005, 19.017889024000056], [72.82119751000005, 19.054111482000053], [72.82541656500007, 19.105777740000065], [72.82333374000007, 19.162889482000026], [72.80705261200006, 19.15163803100006], [72.78878021200006, 19.148305894000032], [72.81124877900004, 19.215000153000062], [72.83499908500005, 19.249584199000026], [72.79794311500007, 19.207500459000073], [72.77960968100007, 19.237499238000055], [72.78624725400005, 19.300777435000043], [72.84166717500005, 19.312055588000078], [72.90166473400006, 19.28705596900005], [72.85627746600005, 19.34497261200005], [72.79291534400005, 19.33919525300007], [72.77122497600004, 19.393278123000073], [72.74624633800005, 19.464166641000077], [72.81246948300003, 19.492889405000028], [72.86830902100007, 19.52127838100006], [72.84288787800006, 19.539138795000042], [72.79247283900008, 19.506250382000076], [72.74913787900005, 19.512083053000026], [72.71869659500004, 19.582471849000058], [72.73041534500004, 19.614973070000076], [72.70874786300004, 19.68161201600003], [72.70874786300004, 19.728361130000053], [72.68958282500006, 19.789972307000028], [72.67416381800007, 19.817083360000026], [72.68830871600005, 19.86624908600004], [72.66535949800004, 19.93000030500008], [72.72621917700008, 19.964166641000077], [72.73416900600006, 19.962028503000056], [72.71794128400006, 20.014944076000063], [72.72624969500004, 20.08663940400004], [72.74455261300005, 20.189971924000076], [72.75336456300005, 20.207056047000037], [72.75497436600006, 20.264554977000046], [72.77536010800003, 20.329166412000063], [72.82419586200007, 20.36791610800003], [72.83330535900006, 20.41205596900005], [72.85871887200005, 20.469165803000067], [72.89167022700008, 20.53041648900006], [72.89871978700006, 20.579111099000045], [72.89833068800004, 20.630388260000075], [72.88916778600003, 20.658721924000076], [72.85285949700005, 20.723304748000032], [72.89244079600007, 20.738721849000058], [72.87999725300006, 20.74458313100007], [72.86416626000005, 20.791221618000066], [72.84291839600007, 20.79830551300006], [72.80039215100004, 20.88247299300008], [72.82044220000006, 20.926639557000044], [72.84252929700006, 20.949583053000026], [72.83413696300005, 20.962083818000053], [72.80208587600004, 20.946666717000028], [72.74958038300008, 20.954166412000063], [72.72875213800006, 21.025806428000067], [72.77246856700003, 21.047082902000056], [72.79455566400003, 21.051666261000037], [72.82830810500008, 21.037082673000043], [72.81916809100005, 21.090415956000072], [72.78333282400007, 21.06786155800006], [72.73083496100008, 21.077888490000078], [72.71538543700007, 21.136638641000047], [72.76999664300007, 21.178777696000054], [72.70996856700003, 21.14619445900007], [72.66038513100006, 21.111639023000066], [72.64997100800008, 21.078750610000043], [72.63416290200007, 21.127889633000052], [72.63288879400005, 21.139972687000068], [72.63622283900008, 21.1875], [72.69002532900004, 21.203722001000074], [72.72833251900005, 21.20458412100004], [72.66874694800003, 21.226667404000068], [72.62960815500003, 21.24997139100003], [72.63163757300003, 21.286222458000054], [72.62208557100007, 21.29497146700004], [72.59788513200004, 21.293306350000023], [72.63330841100003, 21.319555284000046], [72.62372589200004, 21.340805054000043], [72.65583038400007, 21.346195222000063], [72.67416381800007, 21.352945328000033], [72.64708709700005, 21.38494491600005], [72.69205474800003, 21.43666648900006], [72.73124694900008, 21.450000763000048], [72.76244354300007, 21.44788932800003], [72.73586273200004, 21.476249696000025], [72.67669677800006, 21.452917099000047], [72.66541290300006, 21.475805283000057], [72.72753143300008, 21.538749695000035], [72.79164123500004, 21.592082979000054], [72.83122253400006, 21.663305284000046], [72.89746856700003, 21.663694381000028], [72.89497375500008, 21.686195373000032], [72.80999755800008, 21.66625023000006], [72.72669220000006, 21.68622207800007], [72.65413665800008, 21.682056427000077], [72.57746887200005, 21.669610977000048], [72.53125, 21.71163940400004], [72.55085754400005, 21.745416641000077], [72.57128143300008, 21.800806047000037], [72.59122467100008, 21.82999992400005], [72.61208343500005, 21.88413810700007], [72.64208221600006, 21.934165954000036], [72.71916961600004, 21.940416336000055], [72.73083496100008, 21.987943649000044], [72.70919799800004, 21.965389251000033], [72.62747192400008, 21.956249237000065], [72.55913543700007, 21.911222459000044], [72.51291656500007, 21.916666032000023], [72.51039123500004, 21.959167481000065], [72.52625274700006, 21.976667404000068], [72.51750183100006, 21.99625015400005], [72.52622222900004, 22.01416587800003], [72.52872467100008, 22.058305740000037], [72.54125213600008, 22.127471924000076], [72.57583618100006, 22.194555284000046], [72.65327453600008, 22.212888717000055], [72.73830413800005, 22.175388336000026], [72.78416442800005, 22.203695297000024], [72.80830383300008, 22.234582901000067], [72.82666778600003, 22.249584198000036], [72.87601471000005, 22.23101329900004], [72.89916992200006, 22.267110826000078], [72.78205871600005, 22.246665956000072], [72.72497558600008, 22.238721847000022], [72.67916870100004, 22.264554978000035], [72.60080719000007, 22.28705596900005], [72.53375244100005, 22.29916572600007], [72.51000213700007, 22.26955604500006], [72.43791961700003, 22.209972381000057], [72.42583465600006, 22.23374939100006], [72.41291809000006, 22.23994445900007], [72.38708496100008, 22.314193725000052], [72.34872436500007, 22.299972534000062], [72.32707977300004, 22.30827713000008], [72.32910919300008, 22.27208328200004], [72.30750274700006, 22.239555360000054], [72.28289032000004, 22.244943619000026], [72.29205322300004, 22.213277817000062], [72.30705261200006, 22.14749908400006], [72.27999878000003, 22.082056047000037], [72.23497009200008, 22.012111665000077], [72.18624877900004, 22.017471313000044], [72.23538971000005, 22.00333404500003], [72.24539184600008, 21.92747306900003], [72.19000244200004, 21.942916871000023], [72.20002746600005, 21.942083359000037], [72.24952697800006, 21.910804750000068], [72.25544738700006, 21.86830520600006], [72.23664093000008, 21.807916642000066], [72.20913696300005, 21.83625030500008], [72.18872070300006, 21.835832595000056], [72.1875, 21.822055816000045], [72.20244598400006, 21.802083969000023], [72.22205352700007, 21.77833366400006], [72.23711395300006, 21.758361816000047], [72.23374939100006, 21.721666336000055], [72.26164245600006, 21.694555283000057], [72.29872131400003, 21.649139405000028], [72.27955627400007, 21.592472077000025], [72.25875091600005, 21.518304826000076], [72.21538543700007, 21.427473070000076], [72.11289215100004, 21.30661201500004], [72.11166381800007, 21.297945024000057], [72.08538818400007, 21.24997139100003], [72.10830688500005, 21.197055817000034], [72.02994537400008, 21.15791702300004], [71.97663879400005, 21.122304916000076], [71.90666961600004, 21.110750198000062], [71.82833099400005, 21.068332672000054], [71.78247070300006, 21.065082550000056], [71.80661010700004, 21.036693574000026], [71.76288604700005, 21.062999727000033], [71.76080322300004, 21.03344535800005], [71.74666595500008, 21.018417360000058], [71.68113708500005, 21.0], [71.62830352800006, 20.973749160000068], [71.59997558600008, 20.965415954000036], [71.54250335700004, 20.948749544000066], [71.57414245600006, 20.972917556000027], [71.51744079500008, 20.95541572600007], [71.49874878000003, 20.92083358700006], [71.48039245600006, 20.890832902000056], [71.40830230700004, 20.866222383000036], [71.38083648700007, 20.864610673000072], [71.32913970900006, 20.844554902000027], [71.26039123500004, 20.815834047000067], [71.20541381900006, 20.79830551300006], [71.13833618200005, 20.77122306900003], [71.12830352700007, 20.757083893000072], [71.07624816900005, 20.75827789300007], [71.06872558600003, 20.75], [71.03247070400005, 20.734556199000053], [70.98080444300007, 20.722055435000073], [70.96833038300008, 20.703722], [70.90247345000006, 20.697055818000024], [70.87208557100007, 20.718334198000036], [70.83789062500006, 20.694944382000074], [70.78749847400007, 20.71205520600006], [70.70244598400006, 20.738721849000058], [70.65125274700006, 20.762472152000043], [70.64830780100004, 20.772861480000074], [70.61583709700005, 20.76958274800006], [70.54333496100003, 20.801221849000058], [70.45502472100003, 20.84708404500003], [70.42038726800007, 20.889972687000068], [70.35163879400005, 20.90958404500003], [70.26747131400003, 20.967889787000047], [70.19494629000008, 21.02375030500008], [70.14414215100004, 21.082111360000056], [70.01830291700003, 21.186222076000035], [69.91208648700007, 21.30161094600004], [69.80535888700007, 21.424999238000055], [69.81208038400007, 21.450834274000044], [69.76205444400006, 21.471666337000045], [69.62750244100005, 21.611221313000044], [69.52085876600006, 21.688749314000063], [69.45539093000008, 21.75830650300003], [69.37369537300003, 21.826665880000064], [69.38669586200007, 21.85705566400003], [69.33496856700003, 21.847917556000027], [69.25583648700007, 21.919555665000075], [69.20038604800004, 21.978305816000045], [69.14289093000008, 22.038305284000046], [69.06494140600006, 22.122917175000055], [68.96791839600007, 22.228277208000065], [68.94286346400008, 22.284139633000052], [68.95708465600006, 22.35580635200006], [68.99205780000005, 22.420000076000065], [69.05833435100004, 22.467889786000057], [69.04577636700003, 22.437889099000074], [69.04708099400005, 22.38916587800003], [69.0625, 22.384582520000038], [69.11166381800007, 22.409584047000067], [69.16208648700007, 22.40999984700005], [69.18663787900005, 22.404556274000072], [69.18746948300003, 22.386222840000073], [69.17419433600003, 22.36872291700007], [69.17494201700003, 22.34538841400007], [69.15789032000004, 22.30827713000008], [69.24246978800005, 22.26372146600005], [69.31246948200004, 22.28791618300005], [69.33999633800005, 22.325387954000064], [69.42747497500005, 22.319555284000046], [69.48625183100006, 22.34163856500004], [69.52541351300005, 22.390806199000053], [69.52041626000005, 22.424999238000055], [69.54916381800007, 22.392026902000055], [69.56791687000003, 22.362499238000055], [69.57289123500004, 22.34083366400006], [69.59788513200004, 22.346666337000045], [69.60749816900005, 22.329584123000075], [69.63246917800006, 22.358749389000025], [69.65961456300005, 22.344139100000064], [69.6875, 22.39875030500008], [69.71830749500003, 22.46205520600006], [69.72997283900008, 22.443695068000068], [69.76457977300004, 22.43080520700005], [69.82458496100003, 22.424139023000066], [69.88416290300006, 22.457027436000033], [69.92202758800005, 22.446666719000063], [69.91911315900006, 22.498777391000033], [69.95666503900003, 22.503723146000027], [69.95166778500004, 22.529556274000072], [70.00413513200004, 22.536249162000047], [70.02913665800008, 22.544584275000034], [70.08000183100006, 22.549583436000034], [70.12041473400006, 22.540000917000043], [70.12836456300005, 22.550388336000026], [70.17250061200008, 22.54205513000005], [70.19119262700008, 22.577472688000057], [70.20996856700003, 22.56872177200006], [70.20163726800007, 22.583749771000043], [70.21414184600008, 22.614583969000023], [70.25669097900004, 22.655445100000065], [70.26535797100007, 22.684165956000072], [70.27208709700005, 22.694944383000063], [70.27208709700005, 22.707500458000027], [70.29250335700004, 22.731250764000038], [70.32044220000006, 22.786666870000033], [70.34124755800008, 22.84830474900008], [70.38664245600006, 22.911249161000057], [70.43083190900006, 22.958749771000043], [70.43580627400007, 22.965415956000072], [70.40164184600008, 22.967889785000068], [70.33577728300008, 22.927055359000065], [70.26122283900008, 22.95999908400006], [70.22624969500004, 23.04583358700006], [70.22039032000004, 23.01663971100004], [70.21833038300008, 22.970443725000052], [70.16419220100005, 22.940389633000052], [70.12538909900007, 22.98833275000004], [70.11291503900003, 22.947471618000066], [70.10708618100006, 22.915861130000053], [70.05583191100004, 22.91705513000005], [70.00541687000003, 22.906665802000077], [69.95916748100007, 22.897916794000025], [69.90330505300005, 22.874555589000067], [69.88124847400007, 22.909166337000045], [69.83369445800008, 22.861639024000056], [69.78541564900007, 22.860860826000078], [69.77375030500008, 22.83252716000004], [69.73911285400004, 22.811222076000035], [69.72122192400008, 22.797500610000043], [69.71788787800006, 22.76497268600008], [69.68291473400006, 22.76330566400003], [69.66208648800006, 22.76080513000005], [69.65830230700004, 22.747917175000055], [69.61330413800005, 22.757055284000046], [69.56578064000007, 22.777860641000075], [69.53913879400005, 22.78288841400007], [69.48169708300003, 22.785360336000053], [69.44496917700008, 22.77869415400005], [69.36916351300005, 22.81624984900003], [69.35827636700003, 22.840415956000072], [69.34833526600005, 22.817888261000064], [69.31916809100005, 22.83705520600006], [69.25416564900007, 22.82622146700004], [69.22624969500004, 22.86830520700005], [69.19580841000004, 22.836221695000063], [69.17497253400006, 22.848749161000057], [69.13124847400007, 22.888334274000044], [69.08750152600004, 22.905389787000047], [69.06916809000006, 22.91705513000005], [69.03414154100005, 22.932027817000062], [69.01455688500005, 22.979110717000026], [68.96871948300003, 22.971666336000055], [68.93000030500008, 22.989555359000065], [68.86822509800004, 23.026166916000022], [68.81072235100004, 23.059499741000025], [68.71408081100003, 23.117055893000042], [68.65027618400006, 23.16161155800006], [68.71824646100004, 23.134500503000027], [68.66619110100004, 23.174139024000056], [68.63950347900004, 23.184110643000054], [68.59655761700003, 23.240333557000042], [68.62405395500008, 23.21786117700003], [68.62491607700008, 23.246221542000058], [68.65032958900008, 23.26330566400003], [68.62611389200003, 23.28327751200004], [68.66327667200005, 23.300388337000072], [68.63036346600006, 23.32077789400006], [68.61872100900007, 23.354139329000077], [68.61902618400006, 23.32536125300004], [68.56491851800007, 23.369556427000077], [68.58158111500006, 23.382888795000042], [68.57035827700008, 23.402500152000073], [68.52705383300008, 23.434139252000023], [68.49788665800008, 23.454111101000024], [68.49744415300006, 23.48624992300006], [68.45578002900004, 23.502056123000045], [68.45122528000007, 23.523305893000042], [68.44452667200005, 23.513305665000075], [68.44574737600004, 23.562915802000077], [68.46497344900007, 23.597917557000073], [68.50074768100006, 23.66377830600004], [68.57414245600006, 23.72875022900007], [68.65372467000003, 23.799194336000028], [68.70327758800005, 23.82374954200003], [68.78744506900006, 23.857084276000023], [68.79033660900006, 23.876722337000047], [68.76953125000006, 23.868360519000078], [68.69075012200005, 23.846250534000035], [68.64910888700007, 23.84130477900004], [68.60908508300008, 23.81877708500008], [68.53500366200007, 23.755416871000023], [68.51619720500008, 23.753360749000024], [68.45952606200007, 23.76916694600004], [68.43125152600004, 23.742500306000068], [68.43038940400004, 23.820861817000036], [68.41327667300004, 23.759582520000038], [68.39702606200007, 23.657499313000073], [68.37161254900008, 23.626249314000063], [68.37286376900005, 23.61083412200003], [68.34163665800008, 23.58041572600007], [68.26914215100004, 23.556222915000035], [68.28160858100006, 23.600389482000026], [68.26125335700004, 23.589971544000036], [68.18746948200004, 23.59375], [68.20330810500008, 23.64038848900003], [68.23494720600007, 23.637916566000058], [68.27330780000005, 23.66205596900005], [68.31119537400008, 23.71413803100006], [68.34955596900005, 23.730028152000045], [68.31330871700004, 23.726249696000025], [68.25869750900006, 23.71086120600006], [68.26875305100003, 23.6875], [68.22327423100006, 23.69544410800006], [68.21291351300005, 23.76499939100006], [68.23542022700008, 23.837499620000074], [68.26541900600006, 23.868389130000025], [68.29358292000006, 23.92189299100005], [68.36357791500006, 23.953357423000057], [68.54180687400003, 23.970668914000044], [68.75429242900003, 23.98847604100007], [68.76826449000004, 24.28228370200003], [68.84419, 24.269300001000033], [68.88794000100006, 24.23418], [68.95111, 24.29478], [69.02105, 24.22833], [69.09722, 24.27352], [69.21856, 24.245660001000033], [69.33950000100003, 24.27567], [69.44448, 24.28048], [69.55369, 24.27958], [69.65108, 24.242210001000046], [69.74524, 24.171030001000076], [69.87722, 24.17104], [70.00919, 24.171030001000076], [70.08877, 24.24819], [70.17838, 24.307660001000045], [70.28915, 24.342080001000056], [70.39504, 24.3637], [70.51537000100006, 24.404150001000062], [70.59905, 24.404520001000037], [70.5766, 24.315730001000077], [70.59104, 24.24506000100007], [70.70391, 24.21794], [70.83146, 24.22930000100007], [70.88716, 24.27134], [70.93114, 24.33508], [71.04053, 24.35346], [71.12263, 24.40839], [71.02621, 24.43733], [71.00284, 24.51219000100008], [70.98841, 24.6], [71.06504, 24.6583], [71.04964649600004, 24.753565930000036], [70.96251757000005, 24.903246250000052], [70.91693210200003, 25.006999910000047], [70.83432395600005, 25.19853716600005], [70.74668494900004, 25.29588051500008], [70.67510013400005, 25.386763678000023], [70.67591457300006, 25.496856183000034], [70.67095945000005, 25.63505876200003], [70.63678176200006, 25.71330104900005], [70.48338521300008, 25.68379990300008], [70.26998939600003, 25.71309540200008], [70.15701045500003, 25.854058379000037], [70.09664329800006, 25.959660091000046], [70.17461778200004, 26.248841601000038], [70.18359347300003, 26.365171420000024], [70.18441667300004, 26.484654747000036], [70.06009617400008, 26.599514559000056], [69.87954012600005, 26.57981821100003], [69.66740260900008, 26.676785901000073], [69.48509459300004, 26.811659855000073], [69.50881536500003, 26.961668384000063], [69.55700610000008, 27.112672048000036], [69.62926213100008, 27.21209749600007], [69.71763263000008, 27.29499411300003], [69.82866254500004, 27.376508769000054], [69.93842375800006, 27.501423507000027], [70.02941302200003, 27.57039132400007], [70.07600419100004, 27.672196539000026], [70.15550111700003, 27.82873668900004], [70.29921807400007, 27.938727673000074], [70.44631637700007, 28.02221987200005], [70.67741425400004, 27.92182856900007], [70.73892635800007, 27.744160934000035], [70.81124474500007, 27.713750797000046], [70.95139359100006, 27.728839899000036], [71.06196806000008, 27.77408446800007], [71.21582549900006, 27.83698709500004], [71.46766246000004, 27.873409172000038], [71.63909239300006, 27.877493187000027], [71.77627864900006, 27.918555785000024], [71.87305945100007, 27.954029022000043], [71.91940607800007, 28.078727896000032], [72.04912380700006, 28.252144955000063], [72.20663153800007, 28.394757076000076], [72.27012166800006, 28.579027202000077], [72.32733890800006, 28.701447323000025], [72.39439638200008, 28.77381089200003], [72.49355602400004, 28.819512291000024], [72.58233268000004, 28.867454085000077], [72.67266108900003, 28.91583593300004], [72.79387968800006, 28.970806761000063], [72.88508344000007, 29.004968983000026], [72.97306354200003, 29.08580219600003], [73.01984572700007, 29.16888419000003], [73.10977973600006, 29.279160992000072], [73.16425035500004, 29.371713382000053], [73.26487802500003, 29.54269612300004], [73.30557116400007, 29.645972339000025], [73.33490681200004, 29.73830380800007], [73.418043, 29.953738], [73.52426219100005, 29.992502681000076], [73.61643158100003, 30.023554079000064], [73.70586147200004, 30.044451302000027], [73.79052798000004, 30.064179387000024], [73.85628866600007, 30.11237257700003], [73.91957620400007, 30.157664341000043], [73.96737077900008, 30.23232684800007], [73.93957392800007, 30.30254453400005], [73.90264713700003, 30.349098560000073], [73.89280365400003, 30.370087179000052], [73.91639362900008, 30.385602085000073], [73.93461899100004, 30.400954082000055], [73.94932214900007, 30.41727041400003], [73.96855921400004, 30.435848583000052], [73.94741502800008, 30.436826814000028], [73.93200205800008, 30.480459636000035], [73.94734890000007, 30.479456850000076], [73.96838014800005, 30.47124206700005], [74.00980233300004, 30.51417516500004], [74.05172544300007, 30.53226376600003], [74.08120312100004, 30.533440948000077], [74.09157324600005, 30.570310574000075], [74.12854684300004, 30.632363246000068], [74.17087431400006, 30.65028075200007], [74.19786036600004, 30.670295017000058], [74.21918663400004, 30.69349926800004], [74.22655546600004, 30.716615025000067], [74.24177724100008, 30.725931313000046], [74.26907071100004, 30.730299151000054], [74.27498936700005, 30.743599995000068], [74.25990001100007, 30.772482601000036], [74.29594657800004, 30.77720415700003], [74.30139447400006, 30.80384379700007], [74.31915900700005, 30.83036984100005], [74.32505619500006, 30.849629957000047], [74.33943292500004, 30.850148554000043], [74.36338618900004, 30.847187794000035], [74.37321786700005, 30.865686906000064], [74.38131269700006, 30.89559733200008], [74.42386174200004, 30.912694775000034], [74.42161122300007, 30.92091371300006], [74.41768124500004, 30.940613067000072], [74.45299814400005, 30.95142018200005], [74.46835657100007, 30.969195627000033], [74.49203258900008, 30.974335675000077], [74.51600512000005, 30.979251796000028], [74.54048685900005, 31.00718043200004], [74.55884129100008, 31.037406271000066], [74.56394850200007, 31.050383772000032], [74.59328650000003, 31.04503552700004], [74.62727934000003, 31.04575640400003], [74.67332447500007, 31.05546095400007], [74.69936668900004, 31.08765391000003], [74.69823609800005, 31.11241080900004], [74.66783702300006, 31.12425092500007], [74.64286017200004, 31.122739740000043], [74.62490432900006, 31.13201018700005], [74.60049294800007, 31.131148172000053], [74.60994921100007, 31.111446732000047], [74.60637677100004, 31.094862496000076], [74.59433192500006, 31.088716775000023], [74.58358272100008, 31.087334330000033], [74.56569447100003, 31.08231167400004], [74.55056061300007, 31.095440993000068], [74.54845742600008, 31.11821945400004], [74.52588282500005, 31.128751847000046], [74.512865, 31.137458915000025], [74.51295746900007, 31.15666316100004], [74.50992129400004, 31.174125851000042], [74.52011742300004, 31.187591200000043], [74.52473235600007, 31.206701520000024], [74.52262136900003, 31.223339379000038], [74.52817974300007, 31.239998619000062], [74.52342435500003, 31.26261313200007], [74.52964503000004, 31.282691331000024], [74.53683921700008, 31.298212516000035], [74.53540732600004, 31.304758419000052], [74.53233493000005, 31.31362130800005], [74.53403360500005, 31.32359616000008], [74.54360061000006, 31.334688705000076], [74.54809245800004, 31.343063163000068], [74.55016137200005, 31.358534844000076], [74.56212945900006, 31.36937988300008], [74.57786179900006, 31.37593203600005], [74.58726591000004, 31.39803667500007], [74.59623641300004, 31.413504988000057], [74.60667604100007, 31.420294202000036], [74.62174830600003, 31.427516534000063], [74.63339381100008, 31.41919191900007], [74.64551904500007, 31.420374508000066], [74.64919276700005, 31.431505668000057], [74.63940513100005, 31.441916461000062], [74.65293410100008, 31.45444020900004], [74.64504313400005, 31.46814266000007], [74.63626516000005, 31.477328210000053], [74.62868928700004, 31.478147040000067], [74.63464348800005, 31.484162397000034], [74.62909154400006, 31.485949188000063], [74.62236441400006, 31.48517953700008], [74.61182473000008, 31.497956437000028], [74.60000927700008, 31.49969021900006], [74.58741698800003, 31.496080376000066], [74.57556843800006, 31.50157637700005], [74.58666029000005, 31.50288176300006], [74.58321941500003, 31.508486936000054], [74.58274854000007, 31.51640668600004], [74.59420948400003, 31.52459163700007], [74.61232613800007, 31.53084819000003], [74.61496034500004, 31.546369724000044], [74.61093801900006, 31.55894701400007], [74.60871084400003, 31.565968637000026], [74.60925709900005, 31.568900515000053], [74.58850862300005, 31.57944138700003], [74.58137529700008, 31.58875326900005], [74.57569241200008, 31.598501782000028], [74.57321791800007, 31.605413347000024], [74.55467324600005, 31.613192239000057], [74.54627550700008, 31.63324175300005], [74.54108792000005, 31.647299516000032], [74.53987672200003, 31.658541843000023], [74.53265417800003, 31.67238132600005], [74.52850678800007, 31.68251570500007], [74.51449716500008, 31.690123681000046], [74.50252828800006, 31.70089825200006], [74.48875353500006, 31.72096472800007], [74.50728216500005, 31.741549302000067], [74.55219340600007, 31.753756345000056], [74.55492117600005, 31.76690873700005], [74.55528446400007, 31.788105207000058], [74.55986550200004, 31.803421635000063], [74.57309715200006, 31.81610259000007], [74.58090570900004, 31.848914088000072], [74.60384926700004, 31.86841865200006], [74.62932460400003, 31.882156206000047], [74.65432563600007, 31.89957362100006], [74.66607586100008, 31.91540686700006], [74.67587292600007, 31.92131785600003], [74.70080203800006, 31.924604385000066], [74.71445916700003, 31.934277087000055], [74.73333865200004, 31.944852747000027], [74.75560059300005, 31.95376963600006], [74.79836769500008, 31.95761866400005], [74.82588889800007, 31.970693121000068], [74.85928637700005, 32.02160657300004], [74.87431330400005, 32.038004658000034], [74.88857042200004, 32.05262757500003], [74.91067425300008, 32.052575914000045], [74.92564758700007, 32.066511836000075], [74.94806833100006, 32.063089845000036], [74.98295954000008, 32.04018110800007], [75.01739120300005, 32.04374289800006], [75.03546719000008, 32.04647349900006], [75.05620216200003, 32.05354780600004], [75.06871006500006, 32.067175690000056], [75.09004295700004, 32.06881648500007], [75.10901858300008, 32.06483366000003], [75.15825736200003, 32.08125081800006], [75.18195465400004, 32.078058818000045], [75.19722209000008, 32.08741786600007], [75.20566300600007, 32.10462047000004], [75.21631164700005, 32.119850005000046], [75.22944073500008, 32.09326705500007], [75.26331568600006, 32.103600097000026], [75.27690203500003, 32.11525824800003], [75.28296904900003, 32.145526750000045], [75.30474013700007, 32.16662492800003], [75.31826607100004, 32.186753543000066], [75.33132719200006, 32.21956339800005], [75.35596425000006, 32.218309272000056], [75.37231677900007, 32.22577782700006], [75.37079768700005, 32.248356812000054], [75.37799524600007, 32.26733561300006], [75.372888, 32.278491], [75.34428628900008, 32.279538925000054], [75.32154428700005, 32.29886426000007], [75.33329742900008, 32.31596278200004], [75.32562661000003, 32.332928449000065], [75.30270373700006, 32.34504876500006], [75.29432197700004, 32.35441293200006], [75.28895966500005, 32.358283656000026], [75.28745152100004, 32.360257630000035], [75.28708152900003, 32.36226255300005], [75.27042176100008, 32.37347731600005], [75.25587157700005, 32.382324690000075], [75.23928342000005, 32.38688834200008], [75.20080126900007, 32.397020965000024], [75.19971152400007, 32.41681131900003], [75.19047670500004, 32.426366048000034], [75.15657125300004, 32.42032285800008], [75.12954230700007, 32.416576407000036], [75.11898957600005, 32.443665259000056], [75.10906539900003, 32.47062497300004], [75.07276862700007, 32.47854528400006], [75.04333207100007, 32.486602050000045], [75.01819383600008, 32.46890749100004], [75.00813584000008, 32.46263399400004], [74.98830101100003, 32.453471895000064], [74.95913218700008, 32.453831054000034], [74.94486124800005, 32.450433900000064], [74.93924939300007, 32.47128335200006], [74.91624280200006, 32.46553826600007], [74.88779817500006, 32.47307067000003], [74.87795321600004, 32.47714354200008], [74.86831, 32.486394], [74.863853, 32.487391], [74.854176, 32.494014], [74.849049, 32.49161400100007], [74.845216, 32.49254900100004], [74.83967150200004, 32.494007174000046], [74.83512540100008, 32.49507246500008], [74.83012798000004, 32.49504747900005], [74.82046841500005, 32.49874160500008], [74.80382283200004, 32.48254963000005], [74.77477267800003, 32.48153816000007], [74.75025371000004, 32.47914067100004], [74.72895921800006, 32.48017880800006], [74.71401699000006, 32.477190267000026], [74.70920314800003, 32.49319159300006], [74.69479406600004, 32.488179700000046], [74.68435509900007, 32.49159414500008], [74.68591722500008, 32.50351256700003], [74.68544488500004, 32.517523107000045], [74.68548248000008, 32.53544892700006], [74.66334233700007, 32.54464633500004], [74.67020086800005, 32.55291555200006], [74.67309896100005, 32.56798135200006], [74.66693265600003, 32.56684199800003], [74.66193760300007, 32.563791887000036], [74.65860737900005, 32.564767920000065], [74.65347688300005, 32.56320600400005], [74.65337112300006, 32.57560904800005], [74.65345273600008, 32.58972781600005], [74.64696227300004, 32.59770447900007], [74.63947606100004, 32.61023856000003], [74.65514177000006, 32.62002407400007], [74.65542676100006, 32.63266836100007], [74.66995588000003, 32.64019635400007], [74.68045271200003, 32.651368062000074], [74.69421803900008, 32.665807631000064], [74.66067853600003, 32.68664242700004], [74.65730322100006, 32.71406504600003], [74.65631511700008, 32.728555766000056], [74.66891266100004, 32.748946928000066], [74.67709581100007, 32.765520716000026], [74.68217992200005, 32.781114063000075], [74.69773315200007, 32.81278148300004], [74.70492148200003, 32.82710679400003], [74.68806159000007, 32.837705966000044], [74.66811088000003, 32.825265270000045], [74.64420440200007, 32.821357946000035], [74.63591127900008, 32.80413221800006], [74.65863713200008, 32.78745845200007], [74.63779767400007, 32.780627630000026], [74.63202300600005, 32.76455006100008], [74.63687784000007, 32.75145075100005], [74.62401896400007, 32.75648304600003], [74.60260908200007, 32.75691701300008], [74.59158584100004, 32.75268151600005], [74.57663307000007, 32.75097483800005], [74.55637347000004, 32.758232285000076], [74.54443226400008, 32.745141560000036], [74.53670056700008, 32.74676421300006], [74.52203957200004, 32.74824747400004], [74.51365762000006, 32.75505433200004], [74.48501800500003, 32.768621961000065], [74.44827121200007, 32.79357181700004], [74.37175134000006, 32.76958132800007], [74.21296050000007, 32.866204], [74.09255134000006, 32.92218132800008], [73.90433283600004, 33.039171802000055], [73.776019, 33.021084], [73.67434370300003, 33.07737553700008], [73.670317, 33.152224], [73.60827636700003, 33.334899902000075], [73.612095, 33.508335], [73.60588923300008, 33.598907831000076], [73.59049235200007, 33.75303594300004], [73.56847831300007, 33.79313638700006], [73.57173601400007, 33.81307555800004], [73.57925308800003, 33.83405624200003], [73.59323069000004, 33.87562526600004], [73.56730604500007, 33.92284573500007], [73.53763799300003, 33.970175045000076], [73.50079405600007, 34.10717839300003], [73.42605361900007, 34.34215395600006], [73.42895118600006, 34.46926840500004], [73.49565106100005, 34.57723363100007], [73.64431350000007, 34.561407], [73.715534, 34.736071], [73.887371, 34.814642], [74.04847, 34.92204050000004], [74.11590650000005, 35.123447], [73.95774834700006, 35.165247546000046], [73.73564850000008, 35.257726], [73.69842560600006, 35.37151595100005], [73.77367090800004, 35.52389438200004], [73.54187087200006, 35.54101403400006], [73.40179607500005, 35.55453301800003], [73.27517850000004, 35.669477], [73.11485139500007, 35.73943298700004], [73.200315, 35.78712], [73.073166, 35.860795], [72.89194850000007, 35.849506], [72.78571821600008, 35.848077587000034], [72.67418903900005, 35.82167664100007], [72.54843134100008, 35.88293862200004], [72.56693934400005, 36.01048045700003], [72.54169209000008, 36.18210537500005], [72.66766152300005, 36.266246943000056], [72.81814659500003, 36.36456252700003], [73.04108355800008, 36.54764124400003], [73.26805108700006, 36.72113479500007], [73.78971704000008, 36.72470226000007], [73.67623524800007, 36.880964790000064], [73.945574, 36.869004], [74.424037, 37.006866], [74.812074, 37.065055], [75.016495, 37.011028], [75.33952827300004, 36.97183322800004], [75.50368698300008, 36.74883374600006], [75.780634, 36.725003], [76.4692647710001, 36.220012513000114], [77.51873419405028, 35.48565732389375]]], [[[93.84583282500006, 7.244555475000027], [93.88205719000007, 7.20663881300004], [93.89375305100003, 7.153305530000068], [93.90458679200003, 7.082472324000037], [93.93499755800008, 7.027055740000037], [93.93202972400007, 7.004138948000048], [93.93997192400008, 6.954583169000045], [93.90875244200004, 6.892499925000038], [93.92416381900006, 6.837888717000055], [93.88372039800004, 6.809138776000054], [93.85871887200005, 6.774138927000024], [93.82291412400008, 6.766638757000067], [93.82455444300007, 6.820000171000061], [93.79377746500006, 6.864999772000033], [93.78121948300009, 6.89913892900006], [93.76039123500004, 6.939166546000024], [93.73371887200005, 6.985777855000038], [93.68208313100007, 7.016611099000045], [93.67202758800005, 7.062472344000071], [93.66586303700007, 7.116194248000056], [93.67955780000005, 7.179111004000049], [93.75499725500003, 7.200361251000061], [93.81038665900007, 7.205777645000069], [93.83080291700009, 7.239527702000032], [93.84583282500006, 7.244555475000027]]], [[[93.73622131300004, 7.423250200000041], [93.77369689900007, 7.369944572000065], [93.74080657900004, 7.312860966000073], [93.68619537300003, 7.264111043000071], [93.63994598400006, 7.306222440000056], [93.64785766600005, 7.370777607000036], [93.70911407500006, 7.391194345000031], [93.72125244100005, 7.423277855000038], [93.73622131300004, 7.423250200000041]]], [[[93.37750244100005, 8.021249772000033], [93.42244720500008, 7.963694573000055], [93.46541595500008, 7.894083500000022], [93.41494751000005, 7.90122223000003], [93.35578155500008, 7.882833480000045], [93.35575103700006, 7.931194305000076], [93.33663940400004, 7.927833557000042], [93.31872558600008, 7.992444515000045], [93.37750244100005, 8.021249772000033]]], [[[93.56749725300006, 8.026194572000065], [93.59452819800003, 7.955777645000069], [93.55455780000005, 7.956583500000022], [93.54289245600006, 8.019971848000068], [93.56372070300006, 8.013333320000072], [93.56749725300006, 8.026194572000065]]], [[[93.59788513200004, 8.112500192000027], [93.61374664300007, 8.04583358900004], [93.58455657900004, 8.10249996300007], [93.59788513200004, 8.112500192000027]]], [[[93.53747558600008, 8.236222267000073], [93.52747345000006, 8.174555780000048], [93.52580261200006, 8.132055282000067], [93.55702972500006, 8.084972383000036], [93.54333496100008, 8.046222688000057], [93.51786041300005, 8.006638528000053], [93.51496887200005, 8.04286098600005], [93.52500152600004, 8.047916412000063], [93.54083252000004, 8.077944756000022], [93.51249694800003, 8.062861442000042], [93.49996948300009, 8.087861062000059], [93.47416687000003, 8.143722534000062], [93.49955749500003, 8.211638450000066], [93.53747558600008, 8.236222267000073]]], [[[93.25455475000007, 8.234167100000036], [93.22914123500004, 8.258694649000063], [93.25455475000007, 8.234167100000036]]], [[[73.06080627400007, 8.277916909000055], [73.04330444400006, 8.272083283000029], [73.06955719000007, 8.304194450000068], [73.06080627400007, 8.277916909000055]]], [[[93.13085937500006, 8.35455513100004], [93.13205719000007, 8.289999962000024], [93.20916748000008, 8.218722343000024], [93.16333007800006, 8.204555511000024], [93.10627746600005, 8.24750042100004], [93.10702514600007, 8.343305587000032], [93.13085937500006, 8.35455513100004]]], [[[93.07913970900006, 8.428777694000075]]], [[[93.62789154100005, 8.52913856500004], [93.64455413800005, 8.465000152000073], [93.62374878000008, 8.43333339700007], [93.62791442900004, 8.514139176000072], [93.62789154100005, 8.52913856500004]]], [[[92.78035736100009, 9.246722223000063], [92.82538604700005, 9.185055732000023], [92.79744720500008, 9.117944719000036], [92.72286224400005, 9.136694909000028], [92.73911285400004, 9.21377754200006], [92.77580261300005, 9.254638672000056], [92.78035736100009, 9.246722223000063]]], [[[72.28163909900007, 10.032083513000032]]], [[[73.64871978800005, 10.070860864000053], [73.65041351300005, 10.09583378000002], [73.64871978800005, 10.070860864000053]]], [[[73.66244506800007, 10.127916336000055]]], [[[72.61003112800006, 10.55872249600003], [72.61538696300005, 10.575805665000075], [72.61003112800006, 10.55872249600003]]], [[[72.52913665700004, 10.785416604000034]]], [[[73.67580413800005, 10.816222192000055], [73.66413879400005, 10.803722381000057], [73.67580413800005, 10.816222192000055]]], [[[72.19999694800003, 10.881250383000065], [72.17455291700003, 10.85827732100006], [72.19999694800003, 10.881250383000065]]], [[[92.54914093000008, 10.880389213000058], [92.58000183100006, 10.862055779000059], [92.59410858100006, 10.787888527000064], [92.59161376900005, 10.782083511000053], [92.62119293200004, 10.762472154000022], [92.61875152600004, 10.693333625000037], [92.58744812000003, 10.63705539700004], [92.56872558600008, 10.577472687000068], [92.54205322300004, 10.522472381000057], [92.48078155500008, 10.514527322000049], [92.41083526700004, 10.531222343000024], [92.41122436500007, 10.588305474000038], [92.38705444300007, 10.664138794000053], [92.38619232200006, 10.794138910000072], [92.43372345000006, 10.824944497000047], [92.51164245600006, 10.889527322000049], [92.51791381800007, 10.892472267000073], [92.54914093000008, 10.880389213000058]]], [[[72.28830719100006, 10.934583665000048]]], [[[72.72080230700004, 11.112889291000045]]], [[[72.77872467000003, 11.190805435000073], [72.79872131500008, 11.251667023000039], [72.78916931100008, 11.210389138000039], [72.77872467000003, 11.190805435000073]]], [[[92.70083618300004, 11.235416412000063], [92.71541595500008, 11.272472383000036], [92.70083618300004, 11.235416412000063]]], [[[92.72497558600008, 11.306249618000038], [92.73286438000008, 11.32250022900007], [92.72497558600008, 11.306249618000038]]], [[[73.00244140700005, 11.497056009000062], [72.99872589100005, 11.494138719000034], [73.00244140700005, 11.497056009000062]]], [[[92.66080474800003, 11.493721963000041], [92.68785858100006, 11.444138527000064], [92.65577697800006, 11.40625], [92.68497467100008, 11.388722420000022], [92.67580413800005, 11.358722687000068], [92.61083221500007, 11.339528084000051], [92.60749816900005, 11.397861480000074], [92.62039184500009, 11.459166528000026], [92.65455627400007, 11.501638412000034], [92.66080474800003, 11.493721963000041]]], [[[92.56625366200007, 11.534138679000023], [92.56414032000004, 11.53705596900005], [92.56625366200007, 11.534138679000023]]], [[[92.62119293200004, 11.553333284000075], [92.61083221500007, 11.546222688000057], [92.62119293200004, 11.553333284000075]]], [[[92.60375213600008, 11.535805702000062], [92.59997558600008, 11.573749543000076], [92.60375213600008, 11.535805702000062]]], [[[92.61869812000003, 11.583305359000065], [92.61869812000003, 11.583305359000065]]], [[[92.23288726900006, 11.587499618000038], [92.28119659400005, 11.55666637400003], [92.24414062500006, 11.522916795000071], [92.22000122100008, 11.579583169000045], [92.23288726900006, 11.587499618000038]]], [[[92.54750061000004, 11.604583740000066], [92.56996917800006, 11.567055702000062], [92.53871917700008, 11.554944040000066], [92.54750061000004, 11.604583740000066]]], [[[72.19413757300003, 11.591221810000036]]], [[[72.69333648600008, 11.680388451000056]]], [[[93.02419281000005, 11.847916603000044], [93.08208465600006, 11.83333301500005], [93.02122497600004, 11.840000154000052], [93.02419281000005, 11.847916603000044]]], [[[92.76580810600007, 11.967082977000075], [92.75, 11.960416795000071], [92.76580810600007, 11.967082977000075]]], [[[92.97544097900004, 12.033249856000054], [93.01622009300007, 12.00919437400006], [93.05039215100004, 11.934166908000066], [93.02455902100007, 11.904138566000029], [93.02419281000005, 11.936249733000068], [93.01708221400008, 11.964138984000044], [93.00875091700004, 11.951639175000025], [93.00122070300006, 11.95330524600007], [92.95833587700008, 11.982916832000058], [92.96791839600007, 12.037388803000056], [92.97544097900004, 12.033249856000054]]], [[[93.00583648700007, 12.102916717000028], [92.99336242600003, 12.047833444000048], [92.97877502400007, 12.087416649000033], [93.0, 12.107028009000032], [93.00583648700007, 12.102916717000028]]], [[[92.97544097900004, 12.147417068000038], [92.99500274700006, 12.112000465000051], [92.97544097900004, 12.147417068000038]]], [[[93.03211212100007, 12.147472383000036], [93.05205535900006, 12.085833549000029], [93.03622436500007, 12.063333513000032], [93.01372528100006, 12.11583328200004], [93.03455352800006, 12.150805473000048], [93.03211212100007, 12.147472383000036]]], [[[93.07917022700008, 12.208722114000068], [93.09788513200004, 12.169166566000058], [93.09705352800006, 12.109138489000031], [93.05869293200004, 12.114166260000047], [93.06122589100005, 12.185832977000075], [93.07917022700008, 12.208722114000068]]], [[[92.94163513200004, 12.192028046000075]]], [[[92.70955657900004, 12.227416993000077], [92.70794677800006, 12.168277740000065], [92.76000213700007, 12.178667068000038], [92.74622345000006, 12.105777741000054], [92.72497558600008, 12.04955577800007], [92.74749755800008, 12.05116653400006], [92.78500366200007, 12.049471855000036], [92.76210784900007, 12.03075027500006], [92.74541473400006, 12.01408291000007], [92.75666809100005, 11.997056009000062], [92.74083709700005, 11.976249696000025], [92.72747039800004, 11.962055207000049], [92.73083496100008, 11.931221963000041], [92.74705505400004, 11.919166565000069], [92.79627990700004, 11.919138908000036], [92.79582977300004, 11.882916450000039], [92.78830719000007, 11.832083702000034], [92.77708435100004, 11.779999733000068], [92.76286315900006, 11.707500457000037], [92.73916625900006, 11.68872261000007], [92.71375274700006, 11.693333626000026], [92.69288635300006, 11.64916706200006], [92.69000244100005, 11.632111549000058], [92.70874786400003, 11.639972687000068], [92.73744201600005, 11.652083398000059], [92.74996948200004, 11.671278], [92.74330902100007, 11.634555818000024], [92.75622558700007, 11.590806007000026], [92.74205780000005, 11.546638488000042], [92.72955322400009, 11.495805741000027], [92.70872497500005, 11.494111062000059], [92.66327667300004, 11.511249544000066], [92.65125274700006, 11.55666637400003], [92.62625122100008, 11.557472229000041], [92.61538696300005, 11.612472534000062], [92.64205932600004, 11.636638641000047], [92.61042022700008, 11.643305780000048], [92.61250305200008, 11.700388908000036], [92.58286285400004, 11.70913887000006], [92.56038665700004, 11.73327732100006], [92.55496978800005, 11.811249734000057], [92.54955291800007, 11.834972381000057], [92.52958679200003, 11.86830520600006], [92.55496978800005, 11.920361520000029], [92.58580780000005, 11.921222687000068], [92.60036468500005, 11.895805359000065], [92.61621856700003, 11.85913849000002], [92.62372589100005, 11.954972268000063], [92.62875366300005, 12.025777818000051], [92.62708282500006, 12.094916344000069], [92.64788818300008, 12.15575027400007], [92.67539215100004, 12.187417030000063], [92.69247436500007, 12.212833406000073], [92.70955657900004, 12.227416993000077]]], [[[92.74038696300005, 12.20575046700003], [92.76164245600006, 12.224499703000049], [92.75583648700007, 12.177805901000056], [92.73039245600006, 12.223250390000032], [92.74038696300005, 12.20575046700003]]], [[[92.91541290300006, 12.24324989400003], [92.88872528100006, 12.22158336800004], [92.89624786400003, 12.241582872000038], [92.91541290300006, 12.24324989400003]]], [[[93.11372375400003, 12.237500191000038], [93.09083557100007, 12.222916604000034], [93.09378051700008, 12.25500011400004], [93.11372375400003, 12.237500191000038]]], [[[93.86080932600004, 12.28125], [93.84627533100007, 12.262499809000076], [93.86080932600004, 12.28125]]], [[[92.71747589100005, 12.295361520000029], [92.72705841200008, 12.24744415400005], [92.71536254800009, 12.265749931000073], [92.71747589100005, 12.295361520000029]]], [[[92.95036315900006, 12.277416229000039], [92.93041992200006, 12.258305549000056], [92.92708587600004, 12.285750389000043], [92.94955444300007, 12.27908325200002], [92.95036315900006, 12.277416229000039]]], [[[92.82661438000008, 12.302861214000075], [92.87913513200004, 12.287860872000067], [92.88913726800007, 12.246972084000049], [92.87496948200004, 12.192861558000061], [92.85955810500008, 12.17994403800003], [92.82746887200005, 12.161138534000031], [92.81169128500005, 12.121166229000039], [92.80039215100004, 12.094111444000077], [92.76999664300007, 12.06033325200002], [92.74872589100005, 12.100722313000063], [92.77788543700007, 12.183278084000051], [92.76747131400003, 12.227833748000023], [92.77416992200006, 12.256194116000074], [92.78160858200005, 12.296166420000077], [92.82328033400006, 12.304471970000066], [92.82661438000008, 12.302861214000075]]], [[[92.87580871600005, 12.405333520000056], [92.89035797100007, 12.37077808500004], [92.85541534400005, 12.397472381000057], [92.87580871600005, 12.405333520000056]]], [[[92.97039032000004, 12.412416458000052], [92.92955780100004, 12.379111290000026], [92.96291351300005, 12.431611062000059], [92.97039032000004, 12.412416458000052]]], [[[92.72491455100004, 12.825388910000072], [92.72702789300007, 12.763250352000057], [92.73369598400006, 12.724971771000071], [92.71533203100006, 12.77163887000006], [92.72491455100004, 12.825388910000072]]], [[[92.73991394000006, 12.861166954000055], [92.71952819800003, 12.84244442000005], [92.73991394000006, 12.861166954000055]]], [[[92.90950012200005, 12.910778046000075], [92.92825317400008, 12.886166574000072], [92.94908142100007, 12.834555626000054], [92.94828033500005, 12.778666496000028], [92.97699737600004, 12.729916574000072], [92.97783660900006, 12.688278199000024], [92.94872283900008, 12.615750314000024], [92.97369384800004, 12.578277588000049], [92.97785949700005, 12.504083635000029], [92.94244384800004, 12.476972581000041], [92.97039032000004, 12.464916230000028], [92.92994690000006, 12.43533325200002], [92.90166473400006, 12.43619442000005], [92.87789154000006, 12.449889183000039], [92.86830902100007, 12.453694343000052], [92.89746856700003, 12.419528007000054], [92.86083221400008, 12.419528007000054], [92.81372070300006, 12.45072269600007], [92.83958435000005, 12.414111139000056], [92.86955261200006, 12.367444040000066], [92.90247345000006, 12.335361481000064], [92.89622497600004, 12.328277588000049], [92.84583282500006, 12.304499626000052], [92.78416442900004, 12.312833787000045], [92.74619293200004, 12.302472116000047], [92.71035766600005, 12.339111329000048], [92.70791626000005, 12.397472381000057], [92.71372222900004, 12.480777742000043], [92.71289062500006, 12.54744434500003], [92.69369506800007, 12.607444763000046], [92.72283172700008, 12.641583444000048], [92.75035858100006, 12.659111024000026], [92.78949737500005, 12.635777475000054], [92.79619598400006, 12.689944267000044], [92.74491882300003, 12.668694496000057], [92.74866485600006, 12.70994472600006], [92.73622131300004, 12.772388458000023], [92.73030853400007, 12.822472572000038], [92.75202941900005, 12.822416307000026], [92.78033447300004, 12.834111215000064], [92.81655883800005, 12.893694879000066], [92.86907959000007, 12.875333787000045], [92.90452575700004, 12.909916879000036], [92.90950012200005, 12.910778046000075]]], [[[92.71074676500007, 12.986222268000063], [92.72616577100007, 12.912444116000074], [92.72405242900004, 12.861222267000073], [92.69239044100004, 12.826222419000032], [92.68533325200008, 12.79330539800003], [92.66447448700006, 12.831639291000045], [92.67866516100008, 12.890805245000024], [92.67613983100006, 12.944944381000028], [92.71074676500007, 12.986222268000063]]], [[[93.01711273200004, 12.987500192000027], [92.99116516100008, 12.927389146000053], [92.98116302500006, 12.949972154000022], [92.97039032000004, 12.982472419000032], [93.01416778600009, 12.993721962000052], [93.01711273200004, 12.987500192000027]]], [[[92.93499755900007, 13.02455520600006], [92.92622375500008, 13.006610872000067], [92.93499755900007, 13.02455520600006]]], [[[92.71916961700003, 13.097888948000048], [92.69958496100008, 13.102472306000038], [92.71916961700003, 13.097888948000048]]], [[[94.29497528000007, 13.445388795000042], [94.28414154100005, 13.415416718000074], [94.29497528000007, 13.445388795000042]]], [[[93.04872131500008, 13.54583358800005], [93.04582977300004, 13.477916717000028], [93.02997589100005, 13.430417061000071], [93.04875183100006, 13.410778047000065], [93.07119751000005, 13.395000459000073], [93.07541656500007, 13.353361129000064], [93.08208465600006, 13.314999582000041], [93.04792022700008, 13.319999695000035], [93.01502990800003, 13.348722459000044], [92.97869110100004, 13.351666450000039], [92.98913574200003, 13.321249962000024], [93.00122070300006, 13.292444229000068], [93.02791595500008, 13.29163932800003], [93.03997039800004, 13.272055626000054], [93.06461334200009, 13.247471809000047], [93.04875183100006, 13.189944267000044], [93.04875183100006, 13.129138946000069], [93.04416656500007, 13.074527742000043], [93.01416778600009, 13.023722649000035], [92.97955322300004, 13.019944191000036], [92.94372558600008, 13.037471771000071], [92.94955444300007, 13.090806009000062], [92.93744659400005, 13.051250458000027], [92.89830780000005, 13.084527969000021], [92.89702606200007, 13.044972419000032], [92.92121887200005, 13.041639329000077], [92.92494201700003, 12.984527588000049], [92.93788909900007, 12.953222276000076], [92.90994262700008, 12.982000352000057], [92.88530731200007, 12.944944381000028], [92.87825012200005, 12.905333520000056], [92.84658050600007, 12.890305519000037], [92.80325317400008, 12.947028160000059], [92.81655883800005, 12.982055665000075], [92.81663513200004, 13.002888679000023], [92.80208587700008, 13.051638604000061], [92.82164001500007, 13.07288932800003], [92.82952880900007, 13.093277931000046], [92.83330535900006, 13.132055283000057], [92.85580444400006, 13.138722421000068], [92.81788635300006, 13.15666675600005], [92.83041381900006, 13.183333398000059], [92.84080505300005, 13.239527702000032], [92.83994293200004, 13.26377773300004], [92.84083557100007, 13.299611091000031], [92.84791564900007, 13.372471809000047], [92.87577819800003, 13.380416871000023], [92.85289001400008, 13.397500039000022], [92.88625335700004, 13.403333665000048], [92.88666534400005, 13.436222076000035], [92.90166473400006, 13.472055435000073], [92.93205261400004, 13.50163841400007], [92.93080902100007, 13.521222115000057], [92.98122406000005, 13.534944534000033], [93.01538848900003, 13.560832977000075], [93.04372406000005, 13.56413841400007], [93.04872131500008, 13.54583358800005]]], [[[93.02919769300007, 13.669583321000061], [93.01333618200005, 13.64119434500003], [93.01791381800007, 13.659972192000055], [93.02919769300007, 13.669583321000061]]], [[[88.19290927100008, 21.57372271400004], [88.17776140900008, 21.599713673000053], [88.19290927100008, 21.57372271400004]]], [[[88.52997180500006, 21.56019821900003], [88.48249408300006, 21.563558968000052], [88.53085681500005, 21.56106034100003], [88.52997180500006, 21.56019821900003]]], [[[88.84526714800006, 21.599526492000052], [88.89557206200004, 21.56065451300003], [88.83413246300006, 21.604000249000023], [88.84526714800006, 21.599526492000052]]], [[[88.55285937100007, 21.631195068000068], [88.55594469900007, 21.574549725000054], [88.51116562300007, 21.60518804000003], [88.55285937100007, 21.631195068000068]]], [[[88.30826337800005, 21.706298122000078], [88.35070025700009, 21.644528938000064], [88.30956800500007, 21.638381252000045], [88.30826337800005, 21.706298122000078]]], [[[88.72656945100005, 21.665689816000054], [88.76804657800005, 21.580608530000063], [88.71444536700005, 21.621872954000025], [88.69125366200007, 21.6875], [88.72656945100005, 21.665689816000054]]], [[[88.21080780000005, 21.670360565000067], [88.21041870100004, 21.614166260000047], [88.18374633800005, 21.669137955000053], [88.20500183100006, 21.723749161000057], [88.21080780000005, 21.670360565000067]]], [[[88.55887725100007, 21.729892035000034], [88.59732560500004, 21.687019570000075], [88.59648959200007, 21.619971374000045], [88.53462467300005, 21.668125689000078], [88.53882168100006, 21.735125624000034], [88.55887725100007, 21.729892035000034]]], [[[88.54485848600007, 21.811844189000055], [88.56624168300004, 21.733627789000025], [88.51258175100008, 21.734278085000028], [88.52611306400007, 21.800594647000025], [88.54485848600007, 21.811844189000055]]], [[[88.59830258800008, 21.84728855000003], [88.61391413500007, 21.801527704000023], [88.58035825200005, 21.836039008000057], [88.59830258800008, 21.84728855000003]]], [[[88.16872406000005, 21.785804750000068], [88.15541839600007, 21.69583320600003], [88.15789032000004, 21.649110794000023], [88.09744262700008, 21.627111436000064], [88.03955841100003, 21.665861131000042], [88.05913543700007, 21.708749771000043], [88.07538604700005, 21.75580596900005], [88.09788513200004, 21.814971925000066], [88.14952850500003, 21.85752868800006], [88.16872406000005, 21.785804750000068]]], [[[88.64632574300003, 21.91717324900003], [88.64927068900005, 21.83672891300006], [88.62093511800003, 21.830867631000046], [88.61504522500007, 21.89178453100004], [88.64632574300003, 21.91717324900003]]], [[[88.66370896500007, 22.018627063000054], [88.68903961300003, 21.971224066000048], [88.68289543000003, 21.949600391000047], [88.63175661200006, 21.954301932000078], [88.66370896500007, 22.018627063000054]]], [[[88.07023948200003, 21.92172391200006]]], [[[68.16786193800004, 23.73413848900003], [68.16791534400005, 23.735860826000078], [68.16786193800004, 23.73413848900003]]], [[[68.32771812000004, 23.93327196100006]]]]}}]}